pair_key,team_a,team_b,matches,competitive_matches,team_a_wins,draws,team_b_wins,team_a_goals,team_b_goals,recent_matches_since_2010,recent_team_a_wins,recent_draws,recent_team_b_wins,last_match_date,last_match_tournament,last_match_score,last_match_result_for_team_a,source_url
Algeria||Argentina,Algeria,Argentina,1,0,0,0,1,3,4,0,0,0,0,2007-06-05,Friendly,Algeria 3-4 Argentina,L,https://raw.githubusercontent.com/martj42/international_results/master/results.csv
Algeria||Australia,Algeria,Australia,0,0,0,0,0,0,0,0,0,0,0,,,,,https://raw.githubusercontent.com/martj42/international_results/master/results.csv
Algeria||Austria,Algeria,Austria,1,1,0,0,1,0,2,0,0,0,0,1982-06-21,FIFA World Cup,Algeria 0-2 Austria,L,https://raw.githubusercontent.com/martj42/international_results/master/results.csv
Algeria||Belgium,Algeria,Belgium,3,1,0,1,2,2,5,1,0,0,1,2014-06-17,FIFA World Cup,Belgium 2-1 Algeria,L,https://raw.githubusercontent.com/martj42/international_results/master/results.csv
Algeria||Bosnia and Herzegovina,Algeria,Bosnia and Herzegovina,1,0,0,0,1,0,1,1,0,0,1,2012-11-14,Friendly,Algeria 0-1 Bosnia and Herzegovina,L,https://raw.githubusercontent.com/martj42/international_results/master/results.csv
Algeria||Brazil,Algeria,Brazil,4,1,0,0,4,0,8,0,0,0,0,2007-08-22,Friendly,Algeria 0-2 Brazil,L,https://raw.githubusercontent.com/martj42/international_results/master/results.csv
Algeria||Cabo Verde,Algeria,Cabo Verde,6,4,3,2,1,13,6,2,1,0,1,2023-10-12,Friendly,Algeria 5-1 Cabo Verde,W,https://raw.githubusercontent.com/martj42/international_results/master/results.csv
Algeria||Canada,Algeria,Canada,1,0,1,0,0,1,0,0,0,0,0,1984-10-16,Friendly,Algeria 1-0 Canada,W,https://raw.githubusercontent.com/martj42/international_results/master/results.csv
Algeria||Colombia,Algeria,Colombia,1,0,1,0,0,3,0,1,1,0,0,2019-10-15,Friendly,Algeria 3-0 Colombia,W,https://raw.githubusercontent.com/martj42/international_results/master/results.csv
Algeria||Congo DR,Algeria,Congo DR,7,4,3,4,0,9,4,2,1,1,0,2026-01-06,African Cup of Nations,Algeria 1-0 Congo DR,W,https://raw.githubusercontent.com/martj42/international_results/master/results.csv
Algeria||Cote d'Ivoire,Algeria,Cote d'Ivoire,23,17,7,8,8,27,29,5,1,2,2,2022-01-20,African Cup of Nations,Cote d'Ivoire 3-1 Algeria,L,https://raw.githubusercontent.com/martj42/international_results/master/results.csv
Algeria||Croatia,Algeria,Croatia,0,0,0,0,0,0,0,0,0,0,0,,,,,https://raw.githubusercontent.com/martj42/international_results/master/results.csv
Algeria||Curacao,Algeria,Curacao,0,0,0,0,0,0,0,0,0,0,0,,,,,https://raw.githubusercontent.com/martj42/international_results/master/results.csv
Algeria||Czechia,Algeria,Czechia,0,0,0,0,0,0,0,0,0,0,0,,,,,https://raw.githubusercontent.com/martj42/international_results/master/results.csv
Algeria||Ecuador,Algeria,Ecuador,0,0,0,0,0,0,0,0,0,0,0,,,,,https://raw.githubusercontent.com/martj42/international_results/master/results.csv
Algeria||Egypt,Algeria,Egypt,23,18,8,9,6,28,29,3,0,2,1,2023-10-16,Friendly,Algeria 1-1 Egypt,D,https://raw.githubusercontent.com/martj42/international_results/master/results.csv
Algeria||England,Algeria,England,1,1,0,1,0,0,0,1,0,1,0,2010-06-18,FIFA World Cup,England 0-0 Algeria,D,https://raw.githubusercontent.com/martj42/international_results/master/results.csv
Algeria||France,Algeria,France,1,0,0,0,1,1,4,0,0,0,0,2001-10-06,Friendly,France 4-1 Algeria,L,https://raw.githubusercontent.com/martj42/international_results/master/results.csv
Algeria||Germany,Algeria,Germany,3,2,2,0,1,5,3,1,0,0,1,2014-06-30,FIFA World Cup,Germany 2-1 Algeria,L,https://raw.githubusercontent.com/martj42/international_results/master/results.csv
Algeria||Ghana,Algeria,Ghana,11,8,4,2,5,13,12,2,1,0,1,2022-01-05,Friendly,Algeria 3-0 Ghana,W,https://raw.githubusercontent.com/martj42/international_results/master/results.csv
Algeria||Haiti,Algeria,Haiti,0,0,0,0,0,0,0,0,0,0,0,,,,,https://raw.githubusercontent.com/martj42/international_results/master/results.csv
Algeria||IR Iran,Algeria,IR Iran,3,0,2,0,1,4,3,2,1,0,1,2022-06-12,Friendly,IR Iran 1-2 Algeria,W,https://raw.githubusercontent.com/martj42/international_results/master/results.csv
Algeria||Iraq,Algeria,Iraq,8,4,1,4,3,4,8,1,1,0,0,2025-12-09,Arab Cup,Algeria 2-0 Iraq,W,https://raw.githubusercontent.com/martj42/international_results/master/results.csv
Algeria||Japan,Algeria,Japan,1,1,0,0,1,1,2,0,0,0,0,1986-05-11,Kirin Cup,Japan 2-1 Algeria,L,https://raw.githubusercontent.com/martj42/international_results/master/results.csv
Algeria||Jordan,Algeria,Jordan,2,1,1,1,0,7,1,0,0,0,0,2004-05-30,Friendly,Algeria 1-1 Jordan,D,https://raw.githubusercontent.com/martj42/international_results/master/results.csv
Algeria||Korea Republic,Algeria,Korea Republic,3,2,2,0,1,6,4,1,1,0,0,2014-06-22,FIFA World Cup,Korea Republic 2-4 Algeria,W,https://raw.githubusercontent.com/martj42/international_results/master/results.csv
Algeria||Mexico,Algeria,Mexico,2,0,0,1,1,2,4,1,0,1,0,2020-10-13,Friendly,Mexico 2-2 Algeria,D,https://raw.githubusercontent.com/martj42/international_results/master/results.csv
Algeria||Morocco,Algeria,Morocco,26,14,6,10,10,22,31,3,1,1,1,2021-12-11,Arab Cup,Morocco 2-2 Algeria,D,https://raw.githubusercontent.com/martj42/international_results/master/results.csv
Algeria||Netherlands,Algeria,Netherlands,1,0,1,0,0,1,0,1,1,0,0,2026-06-03,Friendly,Netherlands 0-1 Algeria,W,https://raw.githubusercontent.com/martj42/international_results/master/results.csv
Algeria||New Zealand,Algeria,New Zealand,0,0,0,0,0,0,0,0,0,0,0,,,,,https://raw.githubusercontent.com/martj42/international_results/master/results.csv
Algeria||Norway,Algeria,Norway,0,0,0,0,0,0,0,0,0,0,0,,,,,https://raw.githubusercontent.com/martj42/international_results/master/results.csv
Algeria||Panama,Algeria,Panama,0,0,0,0,0,0,0,0,0,0,0,,,,,https://raw.githubusercontent.com/martj42/international_results/master/results.csv
Algeria||Paraguay,Algeria,Paraguay,0,0,0,0,0,0,0,0,0,0,0,,,,,https://raw.githubusercontent.com/martj42/international_results/master/results.csv
Algeria||Portugal,Algeria,Portugal,1,0,0,0,1,0,3,1,0,0,1,2018-06-07,Friendly,Portugal 3-0 Algeria,L,https://raw.githubusercontent.com/martj42/international_results/master/results.csv
Algeria||Qatar,Algeria,Qatar,6,2,4,1,1,8,3,3,2,0,1,2021-12-15,Arab Cup,Qatar 1-2 Algeria,W,https://raw.githubusercontent.com/martj42/international_results/master/results.csv
Algeria||Saudi Arabia,Algeria,Saudi Arabia,6,0,2,2,2,8,8,2,1,0,1,2025-11-18,Friendly,Saudi Arabia 0-2 Algeria,W,https://raw.githubusercontent.com/martj42/international_results/master/results.csv
Algeria||Scotland,Algeria,Scotland,0,0,0,0,0,0,0,0,0,0,0,,,,,https://raw.githubusercontent.com/martj42/international_results/master/results.csv
Algeria||Senegal,Algeria,Senegal,25,14,15,6,4,37,19,6,5,1,0,2023-09-12,Friendly,Senegal 0-1 Algeria,W,https://raw.githubusercontent.com/martj42/international_results/master/results.csv
Algeria||South Africa,Algeria,South Africa,5,4,1,3,1,8,7,3,1,2,0,2024-03-26,FIFA Series,Algeria 3-3 South Africa,D,https://raw.githubusercontent.com/martj42/international_results/master/results.csv
Algeria||Spain,Algeria,Spain,1,1,0,0,1,0,3,0,0,0,0,1986-06-12,FIFA World Cup,Algeria 0-3 Spain,L,https://raw.githubusercontent.com/martj42/international_results/master/results.csv
Algeria||Sweden,Algeria,Sweden,6,0,0,1,5,4,15,2,0,0,2,2025-06-10,Friendly,Sweden 4-3 Algeria,L,https://raw.githubusercontent.com/martj42/international_results/master/results.csv
Algeria||Switzerland,Algeria,Switzerland,2,0,0,0,2,1,4,0,0,0,0,1986-05-06,Friendly,Switzerland 2-0 Algeria,L,https://raw.githubusercontent.com/martj42/international_results/master/results.csv
Algeria||Tunisia,Algeria,Tunisia,38,16,15,12,11,39,31,8,4,2,2,2023-06-20,Friendly,Algeria 1-1 Tunisia,D,https://raw.githubusercontent.com/martj42/international_results/master/results.csv
Algeria||Türkiye,Algeria,Türkiye,3,0,2,0,1,2,4,0,0,0,0,1979-02-28,Friendly,Türkiye 0-1 Algeria,W,https://raw.githubusercontent.com/martj42/international_results/master/results.csv
Algeria||USA,Algeria,USA,1,1,0,0,1,0,1,1,0,0,1,2010-06-23,FIFA World Cup,USA 1-0 Algeria,L,https://raw.githubusercontent.com/martj42/international_results/master/results.csv
Algeria||Uruguay,Algeria,Uruguay,2,0,1,1,0,1,0,1,0,1,0,2026-03-31,Friendly,Algeria 0-0 Uruguay,D,https://raw.githubusercontent.com/martj42/international_results/master/results.csv
Algeria||Uzbekistan,Algeria,Uzbekistan,0,0,0,0,0,0,0,0,0,0,0,,,,,https://raw.githubusercontent.com/martj42/international_results/master/results.csv
Argentina||Australia,Argentina,Australia,9,4,7,1,1,16,8,2,2,0,0,2023-06-15,Friendly,Argentina 2-0 Australia,W,https://raw.githubusercontent.com/martj42/international_results/master/results.csv
Argentina||Austria,Argentina,Austria,2,0,1,1,0,6,2,0,0,0,0,1990-05-03,Friendly,Austria 1-1 Argentina,D,https://raw.githubusercontent.com/martj42/international_results/master/results.csv
Argentina||Belgium,Argentina,Belgium,5,4,4,0,1,11,4,1,1,0,0,2014-07-05,FIFA World Cup,Argentina 1-0 Belgium,W,https://raw.githubusercontent.com/martj42/international_results/master/results.csv
Argentina||Bosnia and Herzegovina,Argentina,Bosnia and Herzegovina,3,1,3,0,0,9,1,2,2,0,0,2014-06-15,FIFA World Cup,Argentina 2-1 Bosnia and Herzegovina,W,https://raw.githubusercontent.com/martj42/international_results/master/results.csv
Argentina||Brazil,Argentina,Brazil,110,87,41,26,43,164,166,17,8,3,6,2025-03-25,FIFA World Cup qualification,Argentina 4-1 Brazil,W,https://raw.githubusercontent.com/martj42/international_results/master/results.csv
Argentina||Cabo Verde,Argentina,Cabo Verde,0,0,0,0,0,0,0,0,0,0,0,,,,,https://raw.githubusercontent.com/martj42/international_results/master/results.csv
Argentina||Canada,Argentina,Canada,3,2,3,0,0,9,0,3,3,0,0,2024-07-09,Copa América,Argentina 2-0 Canada,W,https://raw.githubusercontent.com/martj42/international_results/master/results.csv
Argentina||Colombia,Argentina,Colombia,43,37,21,12,10,74,42,14,5,7,2,2025-06-10,FIFA World Cup qualification,Argentina 1-1 Colombia,D,https://raw.githubusercontent.com/martj42/international_results/master/results.csv
Argentina||Congo DR,Argentina,Congo DR,0,0,0,0,0,0,0,0,0,0,0,,,,,https://raw.githubusercontent.com/martj42/international_results/master/results.csv
Argentina||Cote d'Ivoire,Argentina,Cote d'Ivoire,2,2,2,0,0,6,1,0,0,0,0,2006-06-10,FIFA World Cup,Argentina 2-1 Cote d'Ivoire,W,https://raw.githubusercontent.com/martj42/international_results/master/results.csv
Argentina||Croatia,Argentina,Croatia,6,3,3,1,2,8,7,3,2,0,1,2022-12-13,FIFA World Cup,Argentina 3-0 Croatia,W,https://raw.githubusercontent.com/martj42/international_results/master/results.csv
Argentina||Curacao,Argentina,Curacao,1,0,1,0,0,7,0,1,1,0,0,2023-03-28,Friendly,Argentina 7-0 Curacao,W,https://raw.githubusercontent.com/martj42/international_results/master/results.csv
Argentina||Czechia,Argentina,Czechia,0,0,0,0,0,0,0,0,0,0,0,,,,,https://raw.githubusercontent.com/martj42/international_results/master/results.csv
Argentina||Ecuador,Argentina,Ecuador,42,35,24,12,6,99,37,15,8,5,2,2025-09-09,FIFA World Cup qualification,Ecuador 1-0 Argentina,L,https://raw.githubusercontent.com/martj42/international_results/master/results.csv
Argentina||Egypt,Argentina,Egypt,2,1,2,0,0,8,0,0,0,0,0,2008-03-26,Friendly,Egypt 0-2 Argentina,W,https://raw.githubusercontent.com/martj42/international_results/master/results.csv
Argentina||England,Argentina,England,15,5,3,6,6,18,22,0,0,0,0,2005-11-12,Friendly,England 3-2 Argentina,L,https://raw.githubusercontent.com/martj42/international_results/master/results.csv
Argentina||France,Argentina,France,13,5,6,4,3,18,14,2,0,1,1,2022-12-18,FIFA World Cup,Argentina 3-3 France,D,https://raw.githubusercontent.com/martj42/international_results/master/results.csv
Argentina||Germany,Argentina,Germany,23,10,10,6,7,34,33,6,3,1,2,2019-10-09,Friendly,Germany 2-2 Argentina,D,https://raw.githubusercontent.com/martj42/international_results/master/results.csv
Argentina||Ghana,Argentina,Ghana,1,0,1,0,0,2,0,0,0,0,0,2009-09-30,Friendly,Argentina 2-0 Ghana,W,https://raw.githubusercontent.com/martj42/international_results/master/results.csv
Argentina||Haiti,Argentina,Haiti,3,1,3,0,0,12,1,2,2,0,0,2018-05-29,Friendly,Argentina 4-0 Haiti,W,https://raw.githubusercontent.com/martj42/international_results/master/results.csv
Argentina||IR Iran,Argentina,IR Iran,2,2,1,1,0,2,1,1,1,0,0,2014-06-21,FIFA World Cup,Argentina 1-0 IR Iran,W,https://raw.githubusercontent.com/martj42/international_results/master/results.csv
Argentina||Iraq,Argentina,Iraq,1,0,1,0,0,4,0,1,1,0,0,2018-10-11,Friendly,Argentina 4-0 Iraq,W,https://raw.githubusercontent.com/martj42/international_results/master/results.csv
Argentina||Japan,Argentina,Japan,7,4,6,0,1,15,4,1,0,0,1,2010-10-08,Friendly,Japan 1-0 Argentina,L,https://raw.githubusercontent.com/martj42/international_results/master/results.csv
Argentina||Jordan,Argentina,Jordan,0,0,0,0,0,0,0,0,0,0,0,,,,,https://raw.githubusercontent.com/martj42/international_results/master/results.csv
Argentina||Korea Republic,Argentina,Korea Republic,3,2,3,0,0,8,2,1,1,0,0,2010-06-17,FIFA World Cup,Argentina 4-1 Korea Republic,W,https://raw.githubusercontent.com/martj42/international_results/master/results.csv
Argentina||Mexico,Argentina,Mexico,32,12,16,12,4,53,28,6,5,1,0,2022-11-26,FIFA World Cup,Argentina 2-0 Mexico,W,https://raw.githubusercontent.com/martj42/international_results/master/results.csv
Argentina||Morocco,Argentina,Morocco,3,0,3,0,0,5,1,1,1,0,0,2019-03-26,Friendly,Morocco 0-1 Argentina,W,https://raw.githubusercontent.com/martj42/international_results/master/results.csv
Argentina||Netherlands,Argentina,Netherlands,10,7,1,5,4,8,15,2,0,2,0,2022-12-09,FIFA World Cup,Netherlands 2-2 Argentina,D,https://raw.githubusercontent.com/martj42/international_results/master/results.csv
Argentina||New Zealand,Argentina,New Zealand,0,0,0,0,0,0,0,0,0,0,0,,,,,https://raw.githubusercontent.com/martj42/international_results/master/results.csv
Argentina||Norway,Argentina,Norway,2,0,0,0,2,1,3,0,0,0,0,2007-08-22,Friendly,Norway 2-1 Argentina,L,https://raw.githubusercontent.com/martj42/international_results/master/results.csv
Argentina||Panama,Argentina,Panama,3,1,3,0,0,10,1,2,2,0,0,2023-03-23,Friendly,Argentina 2-0 Panama,W,https://raw.githubusercontent.com/martj42/international_results/master/results.csv
Argentina||Paraguay,Argentina,Paraguay,107,84,56,34,17,216,110,13,6,5,2,2024-11-14,FIFA World Cup qualification,Paraguay 2-1 Argentina,L,https://raw.githubusercontent.com/martj42/international_results/master/results.csv
Argentina||Portugal,Argentina,Portugal,8,1,5,1,2,13,7,2,1,0,1,2014-11-18,Friendly,Portugal 1-0 Argentina,L,https://raw.githubusercontent.com/martj42/international_results/master/results.csv
Argentina||Qatar,Argentina,Qatar,2,1,2,0,0,5,0,1,1,0,0,2019-06-23,Copa América,Qatar 0-2 Argentina,W,https://raw.githubusercontent.com/martj42/international_results/master/results.csv
Argentina||Saudi Arabia,Argentina,Saudi Arabia,5,2,2,2,1,8,5,2,0,1,1,2022-11-22,FIFA World Cup,Argentina 1-2 Saudi Arabia,L,https://raw.githubusercontent.com/martj42/international_results/master/results.csv
Argentina||Scotland,Argentina,Scotland,4,0,2,1,1,5,3,0,0,0,0,2008-11-19,Friendly,Scotland 0-1 Argentina,W,https://raw.githubusercontent.com/martj42/international_results/master/results.csv
Argentina||Senegal,Argentina,Senegal,0,0,0,0,0,0,0,0,0,0,0,,,,,https://raw.githubusercontent.com/martj42/international_results/master/results.csv
Argentina||South Africa,Argentina,South Africa,3,0,1,1,1,3,2,0,0,0,0,1998-05-25,Friendly,Argentina 2-0 South Africa,W,https://raw.githubusercontent.com/martj42/international_results/master/results.csv
Argentina||Spain,Argentina,Spain,14,1,6,2,6,18,19,2,1,0,1,2018-03-27,Friendly,Spain 6-1 Argentina,L,https://raw.githubusercontent.com/martj42/international_results/master/results.csv
Argentina||Sweden,Argentina,Sweden,3,2,1,1,1,6,6,1,1,0,0,2013-02-06,Friendly,Sweden 2-3 Argentina,W,https://raw.githubusercontent.com/martj42/international_results/master/results.csv
Argentina||Switzerland,Argentina,Switzerland,7,2,5,2,0,15,3,2,2,0,0,2014-07-01,FIFA World Cup,Argentina 1-0 Switzerland,W,https://raw.githubusercontent.com/martj42/international_results/master/results.csv
Argentina||Tunisia,Argentina,Tunisia,1,1,1,0,0,2,1,0,0,0,0,2005-06-15,Confederations Cup,Argentina 2-1 Tunisia,W,https://raw.githubusercontent.com/martj42/international_results/master/results.csv
Argentina||Türkiye,Argentina,Türkiye,0,0,0,0,0,0,0,0,0,0,0,,,,,https://raw.githubusercontent.com/martj42/international_results/master/results.csv
Argentina||USA,Argentina,USA,11,5,7,2,2,34,9,2,1,1,0,2016-06-21,Copa América,USA 0-4 Argentina,W,https://raw.githubusercontent.com/martj42/international_results/master/results.csv
Argentina||Uruguay,Argentina,Uruguay,183,136,85,44,54,290,211,12,7,3,2,2025-03-21,FIFA World Cup qualification,Uruguay 0-1 Argentina,W,https://raw.githubusercontent.com/martj42/international_results/master/results.csv
Argentina||Uzbekistan,Argentina,Uzbekistan,0,0,0,0,0,0,0,0,0,0,0,,,,,https://raw.githubusercontent.com/martj42/international_results/master/results.csv
Australia||Austria,Australia,Austria,0,0,0,0,0,0,0,0,0,0,0,,,,,https://raw.githubusercontent.com/martj42/international_results/master/results.csv
Australia||Belgium,Australia,Belgium,1,0,0,0,1,0,2,1,0,0,1,2014-09-04,Friendly,Belgium 2-0 Australia,L,https://raw.githubusercontent.com/martj42/international_results/master/results.csv
Australia||Bosnia and Herzegovina,Australia,Bosnia and Herzegovina,0,0,0,0,0,0,0,0,0,0,0,,,,,https://raw.githubusercontent.com/martj42/international_results/master/results.csv
Australia||Brazil,Australia,Brazil,8,4,1,1,6,1,21,2,0,0,2,2017-06-13,Friendly,Australia 0-4 Brazil,L,https://raw.githubusercontent.com/martj42/international_results/master/results.csv
Australia||Cabo Verde,Australia,Cabo Verde,0,0,0,0,0,0,0,0,0,0,0,,,,,https://raw.githubusercontent.com/martj42/international_results/master/results.csv
Australia||Canada,Australia,Canada,10,2,6,1,3,16,11,2,2,0,0,2025-10-10,Friendly,Canada 0-1 Australia,W,https://raw.githubusercontent.com/martj42/international_results/master/results.csv
Australia||Colombia,Australia,Colombia,4,0,0,1,3,2,7,2,0,1,1,2025-11-18,Friendly,Colombia 3-0 Australia,L,https://raw.githubusercontent.com/martj42/international_results/master/results.csv
Australia||Congo DR,Australia,Congo DR,0,0,0,0,0,0,0,0,0,0,0,,,,,https://raw.githubusercontent.com/martj42/international_results/master/results.csv
Australia||Cote d'Ivoire,Australia,Cote d'Ivoire,0,0,0,0,0,0,0,0,0,0,0,,,,,https://raw.githubusercontent.com/martj42/international_results/master/results.csv
Australia||Croatia,Australia,Croatia,6,1,2,2,2,6,11,1,0,0,1,2014-06-06,Friendly,Croatia 1-0 Australia,L,https://raw.githubusercontent.com/martj42/international_results/master/results.csv
Australia||Curacao,Australia,Curacao,1,1,1,0,0,5,1,1,1,0,0,2026-03-31,FIFA Series,Australia 5-1 Curacao,W,https://raw.githubusercontent.com/martj42/international_results/master/results.csv
Australia||Czechia,Australia,Czechia,2,0,1,0,1,5,3,1,1,0,0,2018-06-01,Friendly,Czechia 0-4 Australia,W,https://raw.githubusercontent.com/martj42/international_results/master/results.csv
Australia||Ecuador,Australia,Ecuador,3,0,1,0,2,7,7,3,1,0,2,2023-03-28,Friendly,Australia 1-2 Ecuador,L,https://raw.githubusercontent.com/martj42/international_results/master/results.csv
Australia||Egypt,Australia,Egypt,2,1,0,1,1,0,3,1,0,0,1,2010-11-17,Friendly,Egypt 3-0 Australia,L,https://raw.githubusercontent.com/martj42/international_results/master/results.csv
Australia||England,Australia,England,8,0,1,2,5,6,9,2,0,0,2,2023-10-13,Friendly,England 1-0 Australia,L,https://raw.githubusercontent.com/martj42/international_results/master/results.csv
Australia||France,Australia,France,6,4,1,1,4,4,14,3,0,0,3,2022-11-22,FIFA World Cup,France 4-1 Australia,L,https://raw.githubusercontent.com/martj42/international_results/master/results.csv
Australia||Germany,Australia,Germany,6,4,1,1,4,9,17,4,1,1,2,2017-06-19,Confederations Cup,Australia 2-3 Germany,L,https://raw.githubusercontent.com/martj42/international_results/master/results.csv
Australia||Ghana,Australia,Ghana,7,2,4,2,1,8,4,1,0,1,0,2010-06-19,FIFA World Cup,Ghana 1-1 Australia,D,https://raw.githubusercontent.com/martj42/international_results/master/results.csv
Australia||Haiti,Australia,Haiti,0,0,0,0,0,0,0,0,0,0,0,,,,,https://raw.githubusercontent.com/martj42/international_results/master/results.csv
Australia||IR Iran,Australia,IR Iran,7,6,2,2,3,8,8,0,0,0,0,1997-11-29,FIFA World Cup qualification,Australia 2-2 IR Iran,D,https://raw.githubusercontent.com/martj42/international_results/master/results.csv
Australia||Iraq,Australia,Iraq,11,10,7,2,2,14,8,5,4,1,0,2017-03-23,FIFA World Cup qualification,Iraq 1-1 Australia,D,https://raw.githubusercontent.com/martj42/international_results/master/results.csv
Australia||Japan,Australia,Japan,28,18,7,10,11,32,40,11,1,4,6,2025-06-05,FIFA World Cup qualification,Australia 1-0 Japan,W,https://raw.githubusercontent.com/martj42/international_results/master/results.csv
Australia||Jordan,Australia,Jordan,8,7,5,0,3,14,7,8,5,0,3,2022-06-01,Friendly,Australia 2-1 Jordan,W,https://raw.githubusercontent.com/martj42/international_results/master/results.csv
Australia||Korea Republic,Australia,Korea Republic,29,17,9,11,9,29,30,8,2,3,3,2024-02-02,AFC Asian Cup,Australia 1-2 Korea Republic,L,https://raw.githubusercontent.com/martj42/international_results/master/results.csv
Australia||Mexico,Australia,Mexico,6,2,2,3,1,10,7,2,0,1,1,2026-05-30,Friendly,Mexico 1-0 Australia,L,https://raw.githubusercontent.com/martj42/international_results/master/results.csv
Australia||Morocco,Australia,Morocco,1,1,1,0,0,1,0,0,0,0,0,1987-06-09,Korea Cup,Australia 1-0 Morocco,W,https://raw.githubusercontent.com/martj42/international_results/master/results.csv
Australia||Netherlands,Australia,Netherlands,4,1,1,2,1,5,5,1,0,0,1,2014-06-18,FIFA World Cup,Australia 2-3 Netherlands,L,https://raw.githubusercontent.com/martj42/international_results/master/results.csv
Australia||New Zealand,Australia,New Zealand,67,54,44,10,13,160,69,7,7,0,0,2025-09-09,Soccer Ashes,New Zealand 1-3 Australia,W,https://raw.githubusercontent.com/martj42/international_results/master/results.csv
Australia||Norway,Australia,Norway,3,0,1,1,1,4,6,1,0,0,1,2018-03-23,Friendly,Norway 4-1 Australia,L,https://raw.githubusercontent.com/martj42/international_results/master/results.csv
Australia||Panama,Australia,Panama,0,0,0,0,0,0,0,0,0,0,0,,,,,https://raw.githubusercontent.com/martj42/international_results/master/results.csv
Australia||Paraguay,Australia,Paraguay,5,0,2,3,0,4,2,1,1,0,0,2010-10-09,Friendly,Australia 1-0 Paraguay,W,https://raw.githubusercontent.com/martj42/international_results/master/results.csv
Australia||Portugal,Australia,Portugal,0,0,0,0,0,0,0,0,0,0,0,,,,,https://raw.githubusercontent.com/martj42/international_results/master/results.csv
Australia||Qatar,Australia,Qatar,5,4,3,1,1,10,2,1,0,0,1,2014-10-14,Friendly,Qatar 1-0 Australia,L,https://raw.githubusercontent.com/martj42/international_results/master/results.csv
Australia||Saudi Arabia,Australia,Saudi Arabia,12,9,6,4,2,20,12,9,5,3,1,2025-06-10,FIFA World Cup qualification,Saudi Arabia 1-2 Australia,W,https://raw.githubusercontent.com/martj42/international_results/master/results.csv
Australia||Scotland,Australia,Scotland,5,2,1,1,3,3,6,1,0,0,1,2012-08-15,Friendly,Scotland 3-1 Australia,L,https://raw.githubusercontent.com/martj42/international_results/master/results.csv
Australia||Senegal,Australia,Senegal,0,0,0,0,0,0,0,0,0,0,0,,,,,https://raw.githubusercontent.com/martj42/international_results/master/results.csv
Australia||South Africa,Australia,South Africa,21,1,6,4,11,27,47,1,0,1,0,2014-05-26,Friendly,Australia 1-1 South Africa,D,https://raw.githubusercontent.com/martj42/international_results/master/results.csv
Australia||Spain,Australia,Spain,1,1,0,0,1,0,3,1,0,0,1,2014-06-23,FIFA World Cup,Australia 0-3 Spain,L,https://raw.githubusercontent.com/martj42/international_results/master/results.csv
Australia||Sweden,Australia,Sweden,5,0,2,2,1,2,2,0,0,0,0,1996-02-28,Friendly,Australia 0-0 Sweden,D,https://raw.githubusercontent.com/martj42/international_results/master/results.csv
Australia||Switzerland,Australia,Switzerland,2,0,0,2,0,1,1,2,0,2,0,2026-06-06,Friendly,Australia 1-1 Switzerland,D,https://raw.githubusercontent.com/martj42/international_results/master/results.csv
Australia||Tunisia,Australia,Tunisia,2,2,1,0,1,1,2,1,1,0,0,2022-11-26,FIFA World Cup,Tunisia 0-1 Australia,W,https://raw.githubusercontent.com/martj42/international_results/master/results.csv
Australia||Türkiye,Australia,Türkiye,2,0,0,0,2,1,4,0,0,0,0,2004-05-24,Friendly,Australia 0-1 Türkiye,L,https://raw.githubusercontent.com/martj42/international_results/master/results.csv
Australia||USA,Australia,USA,4,0,1,1,2,3,5,2,0,0,2,2025-10-14,Friendly,USA 2-1 Australia,L,https://raw.githubusercontent.com/martj42/international_results/master/results.csv
Australia||Uruguay,Australia,Uruguay,7,5,3,0,4,4,8,0,0,0,0,2007-06-02,Friendly,Australia 1-2 Uruguay,L,https://raw.githubusercontent.com/martj42/international_results/master/results.csv
Australia||Uzbekistan,Australia,Uzbekistan,5,5,3,2,0,10,1,3,1,2,0,2024-01-23,AFC Asian Cup,Australia 1-1 Uzbekistan,D,https://raw.githubusercontent.com/martj42/international_results/master/results.csv
Austria||Belgium,Austria,Belgium,16,6,9,4,3,44,22,4,0,2,2,2023-10-13,UEFA Euro qualification,Austria 2-3 Belgium,L,https://raw.githubusercontent.com/martj42/international_results/master/results.csv
Austria||Bosnia and Herzegovina,Austria,Bosnia and Herzegovina,7,6,2,4,1,7,5,5,1,3,1,2025-11-18,FIFA World Cup qualification,Austria 1-1 Bosnia and Herzegovina,D,https://raw.githubusercontent.com/martj42/international_results/master/results.csv
Austria||Brazil,Austria,Brazil,10,2,0,3,7,5,17,2,0,0,2,2018-06-10,Friendly,Austria 0-3 Brazil,L,https://raw.githubusercontent.com/martj42/international_results/master/results.csv
Austria||Cabo Verde,Austria,Cabo Verde,0,0,0,0,0,0,0,0,0,0,0,,,,,https://raw.githubusercontent.com/martj42/international_results/master/results.csv
Austria||Canada,Austria,Canada,1,0,0,0,1,0,2,0,0,0,0,2006-03-01,Friendly,Austria 0-2 Canada,L,https://raw.githubusercontent.com/martj42/international_results/master/results.csv
Austria||Colombia,Austria,Colombia,0,0,0,0,0,0,0,0,0,0,0,,,,,https://raw.githubusercontent.com/martj42/international_results/master/results.csv
Austria||Congo DR,Austria,Congo DR,0,0,0,0,0,0,0,0,0,0,0,,,,,https://raw.githubusercontent.com/martj42/international_results/master/results.csv
Austria||Cote d'Ivoire,Austria,Cote d'Ivoire,2,0,1,0,1,3,5,1,0,0,1,2012-11-14,Friendly,Austria 0-3 Cote d'Ivoire,L,https://raw.githubusercontent.com/martj42/international_results/master/results.csv
Austria||Croatia,Austria,Croatia,7,3,1,0,6,6,12,3,1,0,2,2022-09-25,UEFA Nations League,Austria 1-3 Croatia,L,https://raw.githubusercontent.com/martj42/international_results/master/results.csv
Austria||Curacao,Austria,Curacao,0,0,0,0,0,0,0,0,0,0,0,,,,,https://raw.githubusercontent.com/martj42/international_results/master/results.csv
Austria||Czechia,Austria,Czechia,5,2,2,1,2,6,9,1,1,0,0,2014-06-03,Friendly,Czechia 1-2 Austria,W,https://raw.githubusercontent.com/martj42/international_results/master/results.csv
Austria||Ecuador,Austria,Ecuador,0,0,0,0,0,0,0,0,0,0,0,,,,,https://raw.githubusercontent.com/martj42/international_results/master/results.csv
Austria||Egypt,Austria,Egypt,3,0,1,1,1,3,2,0,0,0,0,1990-02-28,Friendly,Egypt 0-0 Austria,D,https://raw.githubusercontent.com/martj42/international_results/master/results.csv
Austria||England,Austria,England,19,3,4,4,11,27,59,1,0,0,1,2021-06-02,Friendly,England 1-0 Austria,L,https://raw.githubusercontent.com/martj42/international_results/master/results.csv
Austria||France,Austria,France,26,11,9,3,14,41,43,3,0,1,2,2024-06-17,UEFA Euro,Austria 0-1 France,L,https://raw.githubusercontent.com/martj42/international_results/master/results.csv
Austria||Germany,Austria,Germany,41,16,10,6,25,59,90,6,2,0,4,2023-11-21,Friendly,Austria 2-0 Germany,W,https://raw.githubusercontent.com/martj42/international_results/master/results.csv
Austria||Ghana,Austria,Ghana,2,0,1,1,0,6,2,1,1,0,0,2026-03-27,Friendly,Austria 5-1 Ghana,W,https://raw.githubusercontent.com/martj42/international_results/master/results.csv
Austria||Haiti,Austria,Haiti,0,0,0,0,0,0,0,0,0,0,0,,,,,https://raw.githubusercontent.com/martj42/international_results/master/results.csv
Austria||IR Iran,Austria,IR Iran,1,0,1,0,0,5,1,0,0,0,0,2000-09-01,Friendly,Austria 5-1 IR Iran,W,https://raw.githubusercontent.com/martj42/international_results/master/results.csv
Austria||Iraq,Austria,Iraq,0,0,0,0,0,0,0,0,0,0,0,,,,,https://raw.githubusercontent.com/martj42/international_results/master/results.csv
Austria||Japan,Austria,Japan,1,0,0,1,0,0,0,0,0,0,0,2007-09-07,Friendly,Austria 0-0 Japan,D,https://raw.githubusercontent.com/martj42/international_results/master/results.csv
Austria||Jordan,Austria,Jordan,0,0,0,0,0,0,0,0,0,0,0,,,,,https://raw.githubusercontent.com/martj42/international_results/master/results.csv
Austria||Korea Republic,Austria,Korea Republic,1,0,1,0,0,1,0,1,1,0,0,2026-03-31,Friendly,Austria 1-0 Korea Republic,W,https://raw.githubusercontent.com/martj42/international_results/master/results.csv
Austria||Mexico,Austria,Mexico,0,0,0,0,0,0,0,0,0,0,0,,,,,https://raw.githubusercontent.com/martj42/international_results/master/results.csv
Austria||Morocco,Austria,Morocco,1,1,0,0,1,1,3,0,0,0,0,1988-02-02,Tournoi de France,Austria 1-3 Morocco,L,https://raw.githubusercontent.com/martj42/international_results/master/results.csv
Austria||Netherlands,Austria,Netherlands,21,10,7,4,10,27,40,4,1,0,3,2024-06-25,UEFA Euro,Netherlands 2-3 Austria,W,https://raw.githubusercontent.com/martj42/international_results/master/results.csv
Austria||New Zealand,Austria,New Zealand,0,0,0,0,0,0,0,0,0,0,0,,,,,https://raw.githubusercontent.com/martj42/international_results/master/results.csv
Austria||Norway,Austria,Norway,14,9,9,2,3,30,13,4,2,1,1,2024-10-13,UEFA Nations League,Austria 5-1 Norway,W,https://raw.githubusercontent.com/martj42/international_results/master/results.csv
Austria||Panama,Austria,Panama,0,0,0,0,0,0,0,0,0,0,0,,,,,https://raw.githubusercontent.com/martj42/international_results/master/results.csv
Austria||Paraguay,Austria,Paraguay,1,0,0,1,0,0,0,0,0,0,0,2007-06-02,Friendly,Austria 0-0 Paraguay,D,https://raw.githubusercontent.com/martj42/international_results/master/results.csv
Austria||Portugal,Austria,Portugal,11,7,3,6,2,19,11,1,0,1,0,2016-06-18,UEFA Euro,Portugal 0-0 Austria,D,https://raw.githubusercontent.com/martj42/international_results/master/results.csv
Austria||Qatar,Austria,Qatar,0,0,0,0,0,0,0,0,0,0,0,,,,,https://raw.githubusercontent.com/martj42/international_results/master/results.csv
Austria||Saudi Arabia,Austria,Saudi Arabia,0,0,0,0,0,0,0,0,0,0,0,,,,,https://raw.githubusercontent.com/martj42/international_results/master/results.csv
Austria||Scotland,Austria,Scotland,23,9,8,8,7,37,30,3,0,2,1,2022-03-29,Friendly,Austria 2-2 Scotland,D,https://raw.githubusercontent.com/martj42/international_results/master/results.csv
Austria||Senegal,Austria,Senegal,0,0,0,0,0,0,0,0,0,0,0,,,,,https://raw.githubusercontent.com/martj42/international_results/master/results.csv
Austria||South Africa,Austria,South Africa,0,0,0,0,0,0,0,0,0,0,0,,,,,https://raw.githubusercontent.com/martj42/international_results/master/results.csv
Austria||Spain,Austria,Spain,16,7,4,3,9,22,43,0,0,0,0,2009-11-18,Friendly,Austria 1-5 Spain,L,https://raw.githubusercontent.com/martj42/international_results/master/results.csv
Austria||Sweden,Austria,Sweden,38,16,20,6,12,61,53,7,5,1,1,2023-09-12,UEFA Euro qualification,Sweden 1-3 Austria,W,https://raw.githubusercontent.com/martj42/international_results/master/results.csv
Austria||Switzerland,Austria,Switzerland,43,14,25,6,12,106,61,3,0,1,2,2024-06-08,Friendly,Switzerland 1-1 Austria,D,https://raw.githubusercontent.com/martj42/international_results/master/results.csv
Austria||Tunisia,Austria,Tunisia,5,0,3,2,0,9,5,1,1,0,0,2026-06-01,Friendly,Austria 1-0 Tunisia,W,https://raw.githubusercontent.com/martj42/international_results/master/results.csv
Austria||Türkiye,Austria,Türkiye,18,11,9,1,8,25,25,6,2,1,3,2024-07-02,UEFA Euro,Austria 1-2 Türkiye,L,https://raw.githubusercontent.com/martj42/international_results/master/results.csv
Austria||USA,Austria,USA,3,1,2,0,1,3,4,1,1,0,0,2013-11-19,Friendly,Austria 1-0 USA,W,https://raw.githubusercontent.com/martj42/international_results/master/results.csv
Austria||Uruguay,Austria,Uruguay,4,1,2,1,1,6,5,2,1,1,0,2017-11-14,Friendly,Austria 2-1 Uruguay,W,https://raw.githubusercontent.com/martj42/international_results/master/results.csv
Austria||Uzbekistan,Austria,Uzbekistan,0,0,0,0,0,0,0,0,0,0,0,,,,,https://raw.githubusercontent.com/martj42/international_results/master/results.csv
Belgium||Bosnia and Herzegovina,Belgium,Bosnia and Herzegovina,8,8,4,1,3,19,13,4,3,1,0,2017-10-07,FIFA World Cup qualification,Bosnia and Herzegovina 3-4 Belgium,W,https://raw.githubusercontent.com/martj42/international_results/master/results.csv
Belgium||Brazil,Belgium,Brazil,5,2,2,0,3,8,11,1,1,0,0,2018-07-06,FIFA World Cup,Brazil 1-2 Belgium,W,https://raw.githubusercontent.com/martj42/international_results/master/results.csv
Belgium||Cabo Verde,Belgium,Cabo Verde,0,0,0,0,0,0,0,0,0,0,0,,,,,https://raw.githubusercontent.com/martj42/international_results/master/results.csv
Belgium||Canada,Belgium,Canada,3,2,3,0,0,8,2,1,1,0,0,2022-11-23,FIFA World Cup,Belgium 1-0 Canada,W,https://raw.githubusercontent.com/martj42/international_results/master/results.csv
Belgium||Colombia,Belgium,Colombia,2,0,1,0,1,2,2,1,0,0,1,2013-11-14,Friendly,Belgium 0-2 Colombia,L,https://raw.githubusercontent.com/martj42/international_results/master/results.csv
Belgium||Congo DR,Belgium,Congo DR,0,0,0,0,0,0,0,0,0,0,0,,,,,https://raw.githubusercontent.com/martj42/international_results/master/results.csv
Belgium||Cote d'Ivoire,Belgium,Cote d'Ivoire,2,0,0,2,0,3,3,2,0,2,0,2020-10-08,Friendly,Belgium 1-1 Cote d'Ivoire,D,https://raw.githubusercontent.com/martj42/international_results/master/results.csv
Belgium||Croatia,Belgium,Croatia,10,7,4,3,3,8,9,6,3,2,1,2026-06-02,Friendly,Croatia 0-2 Belgium,W,https://raw.githubusercontent.com/martj42/international_results/master/results.csv
Belgium||Curacao,Belgium,Curacao,0,0,0,0,0,0,0,0,0,0,0,,,,,https://raw.githubusercontent.com/martj42/international_results/master/results.csv
Belgium||Czechia,Belgium,Czechia,9,4,4,2,3,10,9,3,2,1,0,2021-09-05,FIFA World Cup qualification,Belgium 3-0 Czechia,W,https://raw.githubusercontent.com/martj42/international_results/master/results.csv
Belgium||Ecuador,Belgium,Ecuador,0,0,0,0,0,0,0,0,0,0,0,,,,,https://raw.githubusercontent.com/martj42/international_results/master/results.csv
Belgium||Egypt,Belgium,Egypt,4,0,1,0,3,4,7,2,1,0,1,2022-11-18,Friendly,Egypt 2-1 Belgium,L,https://raw.githubusercontent.com/martj42/international_results/master/results.csv
Belgium||England,Belgium,England,27,8,4,6,17,33,76,6,3,1,2,2024-03-26,Friendly,England 2-2 Belgium,D,https://raw.githubusercontent.com/martj42/international_results/master/results.csv
Belgium||France,Belgium,France,78,18,30,19,29,163,136,8,1,2,5,2024-10-14,UEFA Nations League,Belgium 1-2 France,L,https://raw.githubusercontent.com/martj42/international_results/master/results.csv
Belgium||Germany,Belgium,Germany,26,8,5,1,20,29,60,3,1,0,2,2023-03-28,Friendly,Germany 2-3 Belgium,W,https://raw.githubusercontent.com/martj42/international_results/master/results.csv
Belgium||Ghana,Belgium,Ghana,0,0,0,0,0,0,0,0,0,0,0,,,,,https://raw.githubusercontent.com/martj42/international_results/master/results.csv
Belgium||Haiti,Belgium,Haiti,0,0,0,0,0,0,0,0,0,0,0,,,,,https://raw.githubusercontent.com/martj42/international_results/master/results.csv
Belgium||IR Iran,Belgium,IR Iran,0,0,0,0,0,0,0,0,0,0,0,,,,,https://raw.githubusercontent.com/martj42/international_results/master/results.csv
Belgium||Iraq,Belgium,Iraq,1,1,1,0,0,2,1,0,0,0,0,1986-06-08,FIFA World Cup,Iraq 1-2 Belgium,W,https://raw.githubusercontent.com/martj42/international_results/master/results.csv
Belgium||Japan,Belgium,Japan,6,4,2,2,2,8,11,3,2,0,1,2018-07-02,FIFA World Cup,Belgium 3-2 Japan,W,https://raw.githubusercontent.com/martj42/international_results/master/results.csv
Belgium||Jordan,Belgium,Jordan,0,0,0,0,0,0,0,0,0,0,0,,,,,https://raw.githubusercontent.com/martj42/international_results/master/results.csv
Belgium||Korea Republic,Belgium,Korea Republic,4,3,3,1,0,6,2,1,1,0,0,2014-06-26,FIFA World Cup,Korea Republic 0-1 Belgium,W,https://raw.githubusercontent.com/martj42/international_results/master/results.csv
Belgium||Mexico,Belgium,Mexico,8,3,2,3,3,12,10,2,0,2,0,2026-03-31,Friendly,Mexico 1-1 Belgium,D,https://raw.githubusercontent.com/martj42/international_results/master/results.csv
Belgium||Morocco,Belgium,Morocco,4,2,2,0,2,6,6,1,0,0,1,2022-11-27,FIFA World Cup,Belgium 0-2 Morocco,L,https://raw.githubusercontent.com/martj42/international_results/master/results.csv
Belgium||Netherlands,Belgium,Netherlands,129,20,41,31,57,221,285,5,1,2,2,2022-09-25,UEFA Nations League,Netherlands 1-0 Belgium,L,https://raw.githubusercontent.com/martj42/international_results/master/results.csv
Belgium||New Zealand,Belgium,New Zealand,0,0,0,0,0,0,0,0,0,0,0,,,,,https://raw.githubusercontent.com/martj42/international_results/master/results.csv
Belgium||Norway,Belgium,Norway,9,4,6,3,0,17,8,1,1,0,0,2016-06-05,Friendly,Belgium 3-2 Norway,W,https://raw.githubusercontent.com/martj42/international_results/master/results.csv
Belgium||Panama,Belgium,Panama,1,1,1,0,0,3,0,1,1,0,0,2018-06-18,FIFA World Cup,Belgium 3-0 Panama,W,https://raw.githubusercontent.com/martj42/international_results/master/results.csv
Belgium||Paraguay,Belgium,Paraguay,3,2,1,1,1,3,3,0,0,0,0,1998-06-06,Friendly,Belgium 1-0 Paraguay,W,https://raw.githubusercontent.com/martj42/international_results/master/results.csv
Belgium||Portugal,Belgium,Portugal,19,9,6,7,6,23,21,3,1,1,1,2021-06-27,UEFA Euro,Belgium 1-0 Portugal,W,https://raw.githubusercontent.com/martj42/international_results/master/results.csv
Belgium||Qatar,Belgium,Qatar,1,0,1,0,0,2,0,0,0,0,0,2009-11-17,Friendly,Belgium 2-0 Qatar,W,https://raw.githubusercontent.com/martj42/international_results/master/results.csv
Belgium||Saudi Arabia,Belgium,Saudi Arabia,3,1,2,0,1,6,2,1,1,0,0,2018-03-27,Friendly,Belgium 4-0 Saudi Arabia,W,https://raw.githubusercontent.com/martj42/international_results/master/results.csv
Belgium||Scotland,Belgium,Scotland,20,14,13,3,4,41,21,5,5,0,0,2019-09-09,UEFA Euro qualification,Scotland 0-4 Belgium,W,https://raw.githubusercontent.com/martj42/international_results/master/results.csv
Belgium||Senegal,Belgium,Senegal,0,0,0,0,0,0,0,0,0,0,0,,,,,https://raw.githubusercontent.com/martj42/international_results/master/results.csv
Belgium||South Africa,Belgium,South Africa,0,0,0,0,0,0,0,0,0,0,0,,,,,https://raw.githubusercontent.com/martj42/international_results/master/results.csv
Belgium||Spain,Belgium,Spain,22,12,5,6,11,22,44,1,0,0,1,2016-09-01,Friendly,Belgium 0-2 Spain,L,https://raw.githubusercontent.com/martj42/international_results/master/results.csv
Belgium||Sweden,Belgium,Sweden,17,9,9,3,5,27,31,4,3,1,0,2023-10-16,UEFA Euro qualification,Belgium 1-1 Sweden,D,https://raw.githubusercontent.com/martj42/international_results/master/results.csv
Belgium||Switzerland,Belgium,Switzerland,30,8,15,6,9,57,45,4,3,0,1,2020-11-11,Friendly,Belgium 2-1 Switzerland,W,https://raw.githubusercontent.com/martj42/international_results/master/results.csv
Belgium||Tunisia,Belgium,Tunisia,5,2,3,1,1,13,5,3,3,0,0,2026-06-06,Friendly,Belgium 5-0 Tunisia,W,https://raw.githubusercontent.com/martj42/international_results/master/results.csv
Belgium||Türkiye,Belgium,Türkiye,11,7,3,5,3,18,17,2,0,1,1,2011-06-03,UEFA Euro qualification,Belgium 1-1 Türkiye,D,https://raw.githubusercontent.com/martj42/international_results/master/results.csv
Belgium||USA,Belgium,USA,8,3,7,0,1,22,8,4,4,0,0,2026-03-28,Friendly,USA 2-5 Belgium,W,https://raw.githubusercontent.com/martj42/international_results/master/results.csv
Belgium||Uruguay,Belgium,Uruguay,2,1,2,0,0,5,1,0,0,0,0,1990-06-17,FIFA World Cup,Belgium 3-1 Uruguay,W,https://raw.githubusercontent.com/martj42/international_results/master/results.csv
Belgium||Uzbekistan,Belgium,Uzbekistan,0,0,0,0,0,0,0,0,0,0,0,,,,,https://raw.githubusercontent.com/martj42/international_results/master/results.csv
Bosnia and Herzegovina||Brazil,Bosnia and Herzegovina,Brazil,2,0,0,0,2,1,3,1,0,0,1,2012-02-28,Friendly,Bosnia and Herzegovina 1-2 Brazil,L,https://raw.githubusercontent.com/martj42/international_results/master/results.csv
Bosnia and Herzegovina||Cabo Verde,Bosnia and Herzegovina,Cabo Verde,0,0,0,0,0,0,0,0,0,0,0,,,,,https://raw.githubusercontent.com/martj42/international_results/master/results.csv
Bosnia and Herzegovina||Canada,Bosnia and Herzegovina,Canada,0,0,0,0,0,0,0,0,0,0,0,,,,,https://raw.githubusercontent.com/martj42/international_results/master/results.csv
Bosnia and Herzegovina||Colombia,Bosnia and Herzegovina,Colombia,0,0,0,0,0,0,0,0,0,0,0,,,,,https://raw.githubusercontent.com/martj42/international_results/master/results.csv
Bosnia and Herzegovina||Congo DR,Bosnia and Herzegovina,Congo DR,0,0,0,0,0,0,0,0,0,0,0,,,,,https://raw.githubusercontent.com/martj42/international_results/master/results.csv
Bosnia and Herzegovina||Cote d'Ivoire,Bosnia and Herzegovina,Cote d'Ivoire,1,0,1,0,0,2,1,1,1,0,0,2014-05-30,Friendly,Bosnia and Herzegovina 2-1 Cote d'Ivoire,W,https://raw.githubusercontent.com/martj42/international_results/master/results.csv
Bosnia and Herzegovina||Croatia,Bosnia and Herzegovina,Croatia,4,2,0,0,4,6,14,0,0,0,0,2007-08-22,Friendly,Bosnia and Herzegovina 3-5 Croatia,L,https://raw.githubusercontent.com/martj42/international_results/master/results.csv
Bosnia and Herzegovina||Curacao,Bosnia and Herzegovina,Curacao,0,0,0,0,0,0,0,0,0,0,0,,,,,https://raw.githubusercontent.com/martj42/international_results/master/results.csv
Bosnia and Herzegovina||Czechia,Bosnia and Herzegovina,Czechia,2,2,0,0,2,1,6,0,0,0,0,1999-09-08,UEFA Euro qualification,Czechia 3-0 Bosnia and Herzegovina,L,https://raw.githubusercontent.com/martj42/international_results/master/results.csv
Bosnia and Herzegovina||Ecuador,Bosnia and Herzegovina,Ecuador,0,0,0,0,0,0,0,0,0,0,0,,,,,https://raw.githubusercontent.com/martj42/international_results/master/results.csv
Bosnia and Herzegovina||Egypt,Bosnia and Herzegovina,Egypt,1,0,0,0,1,0,2,1,0,0,1,2014-03-05,Friendly,Bosnia and Herzegovina 0-2 Egypt,L,https://raw.githubusercontent.com/martj42/international_results/master/results.csv
Bosnia and Herzegovina||England,Bosnia and Herzegovina,England,1,0,0,0,1,0,3,1,0,0,1,2024-06-03,Friendly,England 3-0 Bosnia and Herzegovina,L,https://raw.githubusercontent.com/martj42/international_results/master/results.csv
Bosnia and Herzegovina||France,Bosnia and Herzegovina,France,6,4,0,3,3,4,8,4,0,2,2,2021-09-01,FIFA World Cup qualification,France 1-1 Bosnia and Herzegovina,D,https://raw.githubusercontent.com/martj42/international_results/master/results.csv
Bosnia and Herzegovina||Germany,Bosnia and Herzegovina,Germany,4,2,0,1,3,3,13,3,0,0,3,2024-11-16,UEFA Nations League,Germany 7-0 Bosnia and Herzegovina,L,https://raw.githubusercontent.com/martj42/international_results/master/results.csv
Bosnia and Herzegovina||Ghana,Bosnia and Herzegovina,Ghana,1,0,1,0,0,2,1,1,1,0,0,2010-03-03,Friendly,Bosnia and Herzegovina 2-1 Ghana,W,https://raw.githubusercontent.com/martj42/international_results/master/results.csv
Bosnia and Herzegovina||Haiti,Bosnia and Herzegovina,Haiti,0,0,0,0,0,0,0,0,0,0,0,,,,,https://raw.githubusercontent.com/martj42/international_results/master/results.csv
Bosnia and Herzegovina||IR Iran,Bosnia and Herzegovina,IR Iran,7,1,1,1,5,10,19,2,1,0,1,2020-11-12,Friendly,Bosnia and Herzegovina 0-2 IR Iran,L,https://raw.githubusercontent.com/martj42/international_results/master/results.csv
Bosnia and Herzegovina||Iraq,Bosnia and Herzegovina,Iraq,0,0,0,0,0,0,0,0,0,0,0,,,,,https://raw.githubusercontent.com/martj42/international_results/master/results.csv
Bosnia and Herzegovina||Japan,Bosnia and Herzegovina,Japan,3,1,1,1,1,4,6,1,1,0,0,2016-06-07,Kirin Cup,Japan 1-2 Bosnia and Herzegovina,W,https://raw.githubusercontent.com/martj42/international_results/master/results.csv
Bosnia and Herzegovina||Jordan,Bosnia and Herzegovina,Jordan,2,0,1,1,0,2,1,0,0,0,0,2000-03-15,Friendly,Jordan 1-2 Bosnia and Herzegovina,W,https://raw.githubusercontent.com/martj42/international_results/master/results.csv
Bosnia and Herzegovina||Korea Republic,Bosnia and Herzegovina,Korea Republic,2,0,1,0,1,3,3,1,1,0,0,2018-06-01,Friendly,Korea Republic 1-3 Bosnia and Herzegovina,W,https://raw.githubusercontent.com/martj42/international_results/master/results.csv
Bosnia and Herzegovina||Mexico,Bosnia and Herzegovina,Mexico,4,0,1,0,3,2,5,4,1,0,3,2018-01-31,Friendly,Mexico 1-0 Bosnia and Herzegovina,L,https://raw.githubusercontent.com/martj42/international_results/master/results.csv
Bosnia and Herzegovina||Morocco,Bosnia and Herzegovina,Morocco,0,0,0,0,0,0,0,0,0,0,0,,,,,https://raw.githubusercontent.com/martj42/international_results/master/results.csv
Bosnia and Herzegovina||Netherlands,Bosnia and Herzegovina,Netherlands,4,4,0,2,2,4,9,4,0,2,2,2024-11-19,UEFA Nations League,Bosnia and Herzegovina 1-1 Netherlands,D,https://raw.githubusercontent.com/martj42/international_results/master/results.csv
Bosnia and Herzegovina||New Zealand,Bosnia and Herzegovina,New Zealand,0,0,0,0,0,0,0,0,0,0,0,,,,,https://raw.githubusercontent.com/martj42/international_results/master/results.csv
Bosnia and Herzegovina||Norway,Bosnia and Herzegovina,Norway,4,4,2,0,2,3,5,0,0,0,0,2007-10-17,UEFA Euro qualification,Bosnia and Herzegovina 0-2 Norway,L,https://raw.githubusercontent.com/martj42/international_results/master/results.csv
Bosnia and Herzegovina||Panama,Bosnia and Herzegovina,Panama,1,0,0,1,0,1,1,1,0,1,0,2026-06-06,Friendly,Panama 1-1 Bosnia and Herzegovina,D,https://raw.githubusercontent.com/martj42/international_results/master/results.csv
Bosnia and Herzegovina||Paraguay,Bosnia and Herzegovina,Paraguay,1,0,0,0,1,0,3,0,0,0,0,1996-04-21,Friendly,Paraguay 3-0 Bosnia and Herzegovina,L,https://raw.githubusercontent.com/martj42/international_results/master/results.csv
Bosnia and Herzegovina||Portugal,Bosnia and Herzegovina,Portugal,6,6,0,1,5,2,16,4,0,1,3,2023-10-16,UEFA Euro qualification,Bosnia and Herzegovina 0-5 Portugal,L,https://raw.githubusercontent.com/martj42/international_results/master/results.csv
Bosnia and Herzegovina||Qatar,Bosnia and Herzegovina,Qatar,2,0,0,1,1,1,3,1,0,1,0,2010-08-10,Friendly,Bosnia and Herzegovina 1-1 Qatar,D,https://raw.githubusercontent.com/martj42/international_results/master/results.csv
Bosnia and Herzegovina||Saudi Arabia,Bosnia and Herzegovina,Saudi Arabia,0,0,0,0,0,0,0,0,0,0,0,,,,,https://raw.githubusercontent.com/martj42/international_results/master/results.csv
Bosnia and Herzegovina||Scotland,Bosnia and Herzegovina,Scotland,2,2,0,0,2,1,3,0,0,0,0,1999-10-05,UEFA Euro qualification,Scotland 1-0 Bosnia and Herzegovina,L,https://raw.githubusercontent.com/martj42/international_results/master/results.csv
Bosnia and Herzegovina||Senegal,Bosnia and Herzegovina,Senegal,1,0,0,1,0,0,0,1,0,1,0,2018-03-27,Friendly,Bosnia and Herzegovina 0-0 Senegal,D,https://raw.githubusercontent.com/martj42/international_results/master/results.csv
Bosnia and Herzegovina||South Africa,Bosnia and Herzegovina,South Africa,0,0,0,0,0,0,0,0,0,0,0,,,,,https://raw.githubusercontent.com/martj42/international_results/master/results.csv
Bosnia and Herzegovina||Spain,Bosnia and Herzegovina,Spain,8,6,0,2,6,7,18,2,0,0,2,2018-11-18,Friendly,Spain 1-0 Bosnia and Herzegovina,L,https://raw.githubusercontent.com/martj42/international_results/master/results.csv
Bosnia and Herzegovina||Sweden,Bosnia and Herzegovina,Sweden,1,0,0,0,1,2,4,1,0,0,1,2010-05-29,Friendly,Sweden 4-2 Bosnia and Herzegovina,L,https://raw.githubusercontent.com/martj42/international_results/master/results.csv
Bosnia and Herzegovina||Switzerland,Bosnia and Herzegovina,Switzerland,1,0,1,0,0,2,0,1,1,0,0,2016-03-29,Friendly,Switzerland 0-2 Bosnia and Herzegovina,W,https://raw.githubusercontent.com/martj42/international_results/master/results.csv
Bosnia and Herzegovina||Tunisia,Bosnia and Herzegovina,Tunisia,1,0,0,0,1,1,2,0,0,0,0,1997-11-05,Friendly,Tunisia 2-1 Bosnia and Herzegovina,L,https://raw.githubusercontent.com/martj42/international_results/master/results.csv
Bosnia and Herzegovina||Türkiye,Bosnia and Herzegovina,Türkiye,6,4,2,2,2,7,6,1,0,1,0,2018-10-11,Friendly,Türkiye 0-0 Bosnia and Herzegovina,D,https://raw.githubusercontent.com/martj42/international_results/master/results.csv
Bosnia and Herzegovina||USA,Bosnia and Herzegovina,USA,3,0,0,1,2,3,5,3,0,1,2,2021-12-18,Friendly,USA 1-0 Bosnia and Herzegovina,L,https://raw.githubusercontent.com/martj42/international_results/master/results.csv
Bosnia and Herzegovina||Uruguay,Bosnia and Herzegovina,Uruguay,0,0,0,0,0,0,0,0,0,0,0,,,,,https://raw.githubusercontent.com/martj42/international_results/master/results.csv
Bosnia and Herzegovina||Uzbekistan,Bosnia and Herzegovina,Uzbekistan,2,1,0,1,1,1,2,0,0,0,0,2009-06-01,Friendly,Uzbekistan 0-0 Bosnia and Herzegovina,D,https://raw.githubusercontent.com/martj42/international_results/master/results.csv
Brazil||Cabo Verde,Brazil,Cabo Verde,0,0,0,0,0,0,0,0,0,0,0,,,,,https://raw.githubusercontent.com/martj42/international_results/master/results.csv
Brazil||Canada,Brazil,Canada,4,2,2,2,0,8,4,0,0,0,0,2008-05-31,Friendly,Brazil 3-2 Canada,W,https://raw.githubusercontent.com/martj42/international_results/master/results.csv
Brazil||Colombia,Brazil,Colombia,38,30,22,12,4,71,22,14,7,5,2,2025-03-20,FIFA World Cup qualification,Brazil 2-1 Colombia,W,https://raw.githubusercontent.com/martj42/international_results/master/results.csv
Brazil||Congo DR,Brazil,Congo DR,1,1,1,0,0,3,0,0,0,0,0,1974-06-22,FIFA World Cup,Congo DR 0-3 Brazil,W,https://raw.githubusercontent.com/martj42/international_results/master/results.csv
Brazil||Cote d'Ivoire,Brazil,Cote d'Ivoire,1,1,1,0,0,3,1,1,1,0,0,2010-06-20,FIFA World Cup,Brazil 3-1 Cote d'Ivoire,W,https://raw.githubusercontent.com/martj42/international_results/master/results.csv
Brazil||Croatia,Brazil,Croatia,6,3,4,2,0,11,4,4,3,1,0,2026-03-31,Friendly,Brazil 3-1 Croatia,W,https://raw.githubusercontent.com/martj42/international_results/master/results.csv
Brazil||Curacao,Brazil,Curacao,0,0,0,0,0,0,0,0,0,0,0,,,,,https://raw.githubusercontent.com/martj42/international_results/master/results.csv
Brazil||Czechia,Brazil,Czechia,2,1,2,0,0,5,1,1,1,0,0,2019-03-26,Friendly,Czechia 1-3 Brazil,W,https://raw.githubusercontent.com/martj42/international_results/master/results.csv
Brazil||Ecuador,Brazil,Ecuador,36,29,27,7,2,98,24,9,5,4,0,2025-06-05,FIFA World Cup qualification,Ecuador 0-0 Brazil,D,https://raw.githubusercontent.com/martj42/international_results/master/results.csv
Brazil||Egypt,Brazil,Egypt,7,1,7,0,0,20,5,2,2,0,0,2026-06-06,Friendly,Brazil 2-1 Egypt,W,https://raw.githubusercontent.com/martj42/international_results/master/results.csv
Brazil||England,Brazil,England,27,7,12,11,4,35,23,4,1,2,1,2024-03-23,Friendly,England 0-1 Brazil,W,https://raw.githubusercontent.com/martj42/international_results/master/results.csv
Brazil||France,Brazil,France,17,6,7,4,6,28,22,4,2,0,2,2026-03-26,Friendly,Brazil 1-2 France,L,https://raw.githubusercontent.com/martj42/international_results/master/results.csv
Brazil||Germany,Brazil,Germany,23,6,13,5,5,41,31,3,1,0,2,2018-03-27,Friendly,Germany 0-1 Brazil,W,https://raw.githubusercontent.com/martj42/international_results/master/results.csv
Brazil||Ghana,Brazil,Ghana,5,1,5,0,0,16,2,2,2,0,0,2022-09-23,Friendly,Brazil 3-0 Ghana,W,https://raw.githubusercontent.com/martj42/international_results/master/results.csv
Brazil||Haiti,Brazil,Haiti,3,1,3,0,0,17,1,1,1,0,0,2016-06-08,Copa América,Brazil 7-1 Haiti,W,https://raw.githubusercontent.com/martj42/international_results/master/results.csv
Brazil||IR Iran,Brazil,IR Iran,1,0,1,0,0,3,0,1,1,0,0,2010-10-07,Friendly,IR Iran 0-3 Brazil,W,https://raw.githubusercontent.com/martj42/international_results/master/results.csv
Brazil||Iraq,Brazil,Iraq,1,0,1,0,0,6,0,1,1,0,0,2012-10-11,Friendly,Brazil 6-0 Iraq,W,https://raw.githubusercontent.com/martj42/international_results/master/results.csv
Brazil||Japan,Brazil,Japan,14,5,11,2,1,37,8,6,5,0,1,2025-10-14,Kirin Cup,Japan 3-2 Brazil,L,https://raw.githubusercontent.com/martj42/international_results/master/results.csv
Brazil||Jordan,Brazil,Jordan,0,0,0,0,0,0,0,0,0,0,0,,,,,https://raw.githubusercontent.com/martj42/international_results/master/results.csv
Brazil||Korea Republic,Brazil,Korea Republic,9,1,8,0,1,25,6,5,5,0,0,2025-10-10,Friendly,Korea Republic 0-5 Brazil,W,https://raw.githubusercontent.com/martj42/international_results/master/results.csv
Brazil||Mexico,Brazil,Mexico,42,22,25,7,10,78,38,7,5,1,1,2024-06-08,Friendly,Mexico 2-3 Brazil,W,https://raw.githubusercontent.com/martj42/international_results/master/results.csv
Brazil||Morocco,Brazil,Morocco,3,1,2,0,1,6,2,1,0,0,1,2023-03-25,Friendly,Morocco 2-1 Brazil,L,https://raw.githubusercontent.com/martj42/international_results/master/results.csv
Brazil||Netherlands,Brazil,Netherlands,12,5,3,5,4,15,18,3,0,1,2,2014-07-12,FIFA World Cup,Brazil 0-3 Netherlands,L,https://raw.githubusercontent.com/martj42/international_results/master/results.csv
Brazil||New Zealand,Brazil,New Zealand,3,2,3,0,0,10,0,0,0,0,0,2006-06-04,Friendly,Brazil 4-0 New Zealand,W,https://raw.githubusercontent.com/martj42/international_results/master/results.csv
Brazil||Norway,Brazil,Norway,4,1,0,2,2,5,8,0,0,0,0,2006-08-16,Friendly,Norway 1-1 Brazil,D,https://raw.githubusercontent.com/martj42/international_results/master/results.csv
Brazil||Panama,Brazil,Panama,5,1,4,1,0,21,3,3,2,1,0,2026-05-31,Friendly,Brazil 6-2 Panama,W,https://raw.githubusercontent.com/martj42/international_results/master/results.csv
Brazil||Paraguay,Brazil,Paraguay,84,69,50,22,12,183,68,11,5,5,1,2025-06-10,FIFA World Cup qualification,Brazil 1-0 Paraguay,W,https://raw.githubusercontent.com/martj42/international_results/master/results.csv
Brazil||Portugal,Brazil,Portugal,21,3,14,3,4,41,17,2,1,1,0,2013-09-10,Friendly,Brazil 3-1 Portugal,W,https://raw.githubusercontent.com/martj42/international_results/master/results.csv
Brazil||Qatar,Brazil,Qatar,1,0,1,0,0,2,0,1,1,0,0,2019-06-05,Friendly,Brazil 2-0 Qatar,W,https://raw.githubusercontent.com/martj42/international_results/master/results.csv
Brazil||Saudi Arabia,Brazil,Saudi Arabia,5,2,5,0,0,18,3,1,1,0,0,2018-10-12,Friendly,Saudi Arabia 0-2 Brazil,W,https://raw.githubusercontent.com/martj42/international_results/master/results.csv
Brazil||Scotland,Brazil,Scotland,10,6,8,2,0,16,3,1,1,0,0,2011-03-27,Friendly,Brazil 2-0 Scotland,W,https://raw.githubusercontent.com/martj42/international_results/master/results.csv
Brazil||Senegal,Brazil,Senegal,3,0,1,1,1,5,5,3,1,1,1,2025-11-15,Friendly,Brazil 2-0 Senegal,W,https://raw.githubusercontent.com/martj42/international_results/master/results.csv
Brazil||South Africa,Brazil,South Africa,5,1,5,0,0,12,3,2,2,0,0,2014-03-05,Friendly,South Africa 0-5 Brazil,W,https://raw.githubusercontent.com/martj42/international_results/master/results.csv
Brazil||Spain,Brazil,Spain,10,6,5,3,2,17,11,2,1,1,0,2024-03-26,Friendly,Spain 3-3 Brazil,D,https://raw.githubusercontent.com/martj42/international_results/master/results.csv
Brazil||Sweden,Brazil,Sweden,15,7,10,3,2,35,17,1,1,0,0,2012-08-15,Friendly,Sweden 0-3 Brazil,W,https://raw.githubusercontent.com/martj42/international_results/master/results.csv
Brazil||Switzerland,Brazil,Switzerland,10,3,4,4,2,12,9,3,1,1,1,2022-11-28,FIFA World Cup,Brazil 1-0 Switzerland,W,https://raw.githubusercontent.com/martj42/international_results/master/results.csv
Brazil||Tunisia,Brazil,Tunisia,3,0,2,1,0,10,3,2,1,1,0,2025-11-18,Friendly,Brazil 1-1 Tunisia,D,https://raw.githubusercontent.com/martj42/international_results/master/results.csv
Brazil||Türkiye,Brazil,Türkiye,6,3,4,2,0,10,3,1,1,0,0,2014-11-12,Friendly,Türkiye 0-4 Brazil,W,https://raw.githubusercontent.com/martj42/international_results/master/results.csv
Brazil||USA,Brazil,USA,20,10,18,1,1,42,13,5,4,1,0,2024-06-12,Friendly,USA 1-1 Brazil,D,https://raw.githubusercontent.com/martj42/international_results/master/results.csv
Brazil||Uruguay,Brazil,Uruguay,79,66,37,21,21,141,100,9,5,3,1,2024-11-19,FIFA World Cup qualification,Brazil 1-1 Uruguay,D,https://raw.githubusercontent.com/martj42/international_results/master/results.csv
Brazil||Uzbekistan,Brazil,Uzbekistan,0,0,0,0,0,0,0,0,0,0,0,,,,,https://raw.githubusercontent.com/martj42/international_results/master/results.csv
Cabo Verde||Canada,Cabo Verde,Canada,0,0,0,0,0,0,0,0,0,0,0,,,,,https://raw.githubusercontent.com/martj42/international_results/master/results.csv
Cabo Verde||Colombia,Cabo Verde,Colombia,0,0,0,0,0,0,0,0,0,0,0,,,,,https://raw.githubusercontent.com/martj42/international_results/master/results.csv
Cabo Verde||Congo DR,Cabo Verde,Congo DR,3,3,0,2,1,2,3,1,0,1,0,2015-01-22,African Cup of Nations,Cabo Verde 0-0 Congo DR,D,https://raw.githubusercontent.com/martj42/international_results/master/results.csv
Cabo Verde||Cote d'Ivoire,Cabo Verde,Cote d'Ivoire,0,0,0,0,0,0,0,0,0,0,0,,,,,https://raw.githubusercontent.com/martj42/international_results/master/results.csv
Cabo Verde||Croatia,Cabo Verde,Croatia,0,0,0,0,0,0,0,0,0,0,0,,,,,https://raw.githubusercontent.com/martj42/international_results/master/results.csv
Cabo Verde||Curacao,Cabo Verde,Curacao,0,0,0,0,0,0,0,0,0,0,0,,,,,https://raw.githubusercontent.com/martj42/international_results/master/results.csv
Cabo Verde||Czechia,Cabo Verde,Czechia,0,0,0,0,0,0,0,0,0,0,0,,,,,https://raw.githubusercontent.com/martj42/international_results/master/results.csv
Cabo Verde||Ecuador,Cabo Verde,Ecuador,1,0,0,0,1,0,1,1,0,0,1,2022-06-11,Friendly,Ecuador 1-0 Cabo Verde,L,https://raw.githubusercontent.com/martj42/international_results/master/results.csv
Cabo Verde||Egypt,Cabo Verde,Egypt,4,4,0,3,1,4,7,4,0,3,1,2025-11-17,Al Ain International Cup,Cabo Verde 1-1 Egypt,D,https://raw.githubusercontent.com/martj42/international_results/master/results.csv
Cabo Verde||England,Cabo Verde,England,0,0,0,0,0,0,0,0,0,0,0,,,,,https://raw.githubusercontent.com/martj42/international_results/master/results.csv
Cabo Verde||France,Cabo Verde,France,0,0,0,0,0,0,0,0,0,0,0,,,,,https://raw.githubusercontent.com/martj42/international_results/master/results.csv
Cabo Verde||Germany,Cabo Verde,Germany,0,0,0,0,0,0,0,0,0,0,0,,,,,https://raw.githubusercontent.com/martj42/international_results/master/results.csv
Cabo Verde||Ghana,Cabo Verde,Ghana,5,4,1,0,4,2,10,3,1,0,2,2024-01-14,African Cup of Nations,Ghana 1-2 Cabo Verde,W,https://raw.githubusercontent.com/martj42/international_results/master/results.csv
Cabo Verde||Haiti,Cabo Verde,Haiti,0,0,0,0,0,0,0,0,0,0,0,,,,,https://raw.githubusercontent.com/martj42/international_results/master/results.csv
Cabo Verde||IR Iran,Cabo Verde,IR Iran,1,1,0,1,0,0,0,1,0,1,0,2025-11-13,Al Ain International Cup,IR Iran 0-0 Cabo Verde,D,https://raw.githubusercontent.com/martj42/international_results/master/results.csv
Cabo Verde||Iraq,Cabo Verde,Iraq,0,0,0,0,0,0,0,0,0,0,0,,,,,https://raw.githubusercontent.com/martj42/international_results/master/results.csv
Cabo Verde||Japan,Cabo Verde,Japan,0,0,0,0,0,0,0,0,0,0,0,,,,,https://raw.githubusercontent.com/martj42/international_results/master/results.csv
Cabo Verde||Jordan,Cabo Verde,Jordan,0,0,0,0,0,0,0,0,0,0,0,,,,,https://raw.githubusercontent.com/martj42/international_results/master/results.csv
Cabo Verde||Korea Republic,Cabo Verde,Korea Republic,0,0,0,0,0,0,0,0,0,0,0,,,,,https://raw.githubusercontent.com/martj42/international_results/master/results.csv
Cabo Verde||Mexico,Cabo Verde,Mexico,0,0,0,0,0,0,0,0,0,0,0,,,,,https://raw.githubusercontent.com/martj42/international_results/master/results.csv
Cabo Verde||Morocco,Cabo Verde,Morocco,4,3,0,2,2,1,4,4,0,2,2,2023-06-12,Friendly,Morocco 0-0 Cabo Verde,D,https://raw.githubusercontent.com/martj42/international_results/master/results.csv
Cabo Verde||Netherlands,Cabo Verde,Netherlands,0,0,0,0,0,0,0,0,0,0,0,,,,,https://raw.githubusercontent.com/martj42/international_results/master/results.csv
Cabo Verde||New Zealand,Cabo Verde,New Zealand,0,0,0,0,0,0,0,0,0,0,0,,,,,https://raw.githubusercontent.com/martj42/international_results/master/results.csv
Cabo Verde||Norway,Cabo Verde,Norway,0,0,0,0,0,0,0,0,0,0,0,,,,,https://raw.githubusercontent.com/martj42/international_results/master/results.csv
Cabo Verde||Panama,Cabo Verde,Panama,0,0,0,0,0,0,0,0,0,0,0,,,,,https://raw.githubusercontent.com/martj42/international_results/master/results.csv
Cabo Verde||Paraguay,Cabo Verde,Paraguay,0,0,0,0,0,0,0,0,0,0,0,,,,,https://raw.githubusercontent.com/martj42/international_results/master/results.csv
Cabo Verde||Portugal,Cabo Verde,Portugal,3,0,1,1,1,3,4,2,1,1,0,2015-03-31,Friendly,Portugal 0-2 Cabo Verde,W,https://raw.githubusercontent.com/martj42/international_results/master/results.csv
Cabo Verde||Qatar,Cabo Verde,Qatar,0,0,0,0,0,0,0,0,0,0,0,,,,,https://raw.githubusercontent.com/martj42/international_results/master/results.csv
Cabo Verde||Saudi Arabia,Cabo Verde,Saudi Arabia,0,0,0,0,0,0,0,0,0,0,0,,,,,https://raw.githubusercontent.com/martj42/international_results/master/results.csv
Cabo Verde||Scotland,Cabo Verde,Scotland,0,0,0,0,0,0,0,0,0,0,0,,,,,https://raw.githubusercontent.com/martj42/international_results/master/results.csv
Cabo Verde||Senegal,Cabo Verde,Senegal,20,14,2,2,16,8,32,5,0,0,5,2022-01-25,African Cup of Nations,Senegal 2-0 Cabo Verde,L,https://raw.githubusercontent.com/martj42/international_results/master/results.csv
Cabo Verde||South Africa,Cabo Verde,South Africa,6,6,2,2,2,6,6,4,2,2,0,2024-02-03,African Cup of Nations,Cabo Verde 0-0 South Africa,D,https://raw.githubusercontent.com/martj42/international_results/master/results.csv
Cabo Verde||Spain,Cabo Verde,Spain,0,0,0,0,0,0,0,0,0,0,0,,,,,https://raw.githubusercontent.com/martj42/international_results/master/results.csv
Cabo Verde||Sweden,Cabo Verde,Sweden,0,0,0,0,0,0,0,0,0,0,0,,,,,https://raw.githubusercontent.com/martj42/international_results/master/results.csv
Cabo Verde||Switzerland,Cabo Verde,Switzerland,0,0,0,0,0,0,0,0,0,0,0,,,,,https://raw.githubusercontent.com/martj42/international_results/master/results.csv
Cabo Verde||Tunisia,Cabo Verde,Tunisia,4,3,0,1,3,2,8,4,0,1,3,2024-01-10,Friendly,Tunisia 2-0 Cabo Verde,L,https://raw.githubusercontent.com/martj42/international_results/master/results.csv
Cabo Verde||Türkiye,Cabo Verde,Türkiye,0,0,0,0,0,0,0,0,0,0,0,,,,,https://raw.githubusercontent.com/martj42/international_results/master/results.csv
Cabo Verde||USA,Cabo Verde,USA,0,0,0,0,0,0,0,0,0,0,0,,,,,https://raw.githubusercontent.com/martj42/international_results/master/results.csv
Cabo Verde||Uruguay,Cabo Verde,Uruguay,0,0,0,0,0,0,0,0,0,0,0,,,,,https://raw.githubusercontent.com/martj42/international_results/master/results.csv
Cabo Verde||Uzbekistan,Cabo Verde,Uzbekistan,0,0,0,0,0,0,0,0,0,0,0,,,,,https://raw.githubusercontent.com/martj42/international_results/master/results.csv
Canada||Colombia,Canada,Colombia,3,1,1,1,1,2,3,1,0,1,0,2025-10-14,Friendly,Canada 0-0 Colombia,D,https://raw.githubusercontent.com/martj42/international_results/master/results.csv
Canada||Congo DR,Canada,Congo DR,0,0,0,0,0,0,0,0,0,0,0,,,,,https://raw.githubusercontent.com/martj42/international_results/master/results.csv
Canada||Cote d'Ivoire,Canada,Cote d'Ivoire,1,1,0,1,0,0,0,1,0,1,0,2025-06-10,Canadian Shield,Canada 0-0 Cote d'Ivoire,D,https://raw.githubusercontent.com/martj42/international_results/master/results.csv
Canada||Croatia,Canada,Croatia,1,1,0,0,1,1,4,1,0,0,1,2022-11-27,FIFA World Cup,Croatia 4-1 Canada,L,https://raw.githubusercontent.com/martj42/international_results/master/results.csv
Canada||Curacao,Canada,Curacao,4,3,3,1,0,9,2,4,3,1,0,2025-06-21,Gold Cup,Curacao 1-1 Canada,D,https://raw.githubusercontent.com/martj42/international_results/master/results.csv
Canada||Czechia,Canada,Czechia,2,0,0,0,2,1,7,1,0,0,1,2013-11-15,Friendly,Czechia 2-0 Canada,L,https://raw.githubusercontent.com/martj42/international_results/master/results.csv
Canada||Ecuador,Canada,Ecuador,4,1,0,2,2,3,6,2,0,2,0,2025-11-13,Friendly,Canada 0-0 Ecuador,D,https://raw.githubusercontent.com/martj42/international_results/master/results.csv
Canada||Egypt,Canada,Egypt,2,0,0,0,2,0,4,0,0,0,0,2001-04-24,Friendly,Egypt 3-0 Canada,L,https://raw.githubusercontent.com/martj42/international_results/master/results.csv
Canada||England,Canada,England,1,0,0,0,1,0,1,0,0,0,0,1986-05-24,Friendly,Canada 0-1 England,L,https://raw.githubusercontent.com/martj42/international_results/master/results.csv
Canada||France,Canada,France,2,1,0,1,1,0,1,1,0,1,0,2024-06-09,Friendly,France 0-0 Canada,D,https://raw.githubusercontent.com/martj42/international_results/master/results.csv
Canada||Germany,Canada,Germany,2,0,0,0,2,1,6,0,0,0,0,2003-06-01,Friendly,Germany 4-1 Canada,L,https://raw.githubusercontent.com/martj42/international_results/master/results.csv
Canada||Ghana,Canada,Ghana,1,1,1,0,0,2,1,0,0,0,0,1985-06-02,Korea Cup,Canada 2-1 Ghana,W,https://raw.githubusercontent.com/martj42/international_results/master/results.csv
Canada||Haiti,Canada,Haiti,14,11,10,2,2,25,12,4,3,0,1,2021-07-15,Gold Cup,Haiti 1-4 Canada,W,https://raw.githubusercontent.com/martj42/international_results/master/results.csv
Canada||IR Iran,Canada,IR Iran,3,0,1,0,2,1,2,0,0,0,0,2001-04-26,Friendly,Canada 1-0 IR Iran,W,https://raw.githubusercontent.com/martj42/international_results/master/results.csv
Canada||Iraq,Canada,Iraq,1,1,0,0,1,1,6,0,0,0,0,1985-06-09,Korea Cup,Canada 1-6 Iraq,L,https://raw.githubusercontent.com/martj42/international_results/master/results.csv
Canada||Japan,Canada,Japan,4,1,1,0,3,4,10,3,1,0,2,2023-10-13,Friendly,Japan 4-1 Canada,L,https://raw.githubusercontent.com/martj42/international_results/master/results.csv
Canada||Jordan,Canada,Jordan,0,0,0,0,0,0,0,0,0,0,0,,,,,https://raw.githubusercontent.com/martj42/international_results/master/results.csv
Canada||Korea Republic,Canada,Korea Republic,5,2,2,1,2,4,5,1,0,0,1,2016-11-11,Friendly,Korea Republic 2-0 Canada,L,https://raw.githubusercontent.com/martj42/international_results/master/results.csv
Canada||Mexico,Canada,Mexico,35,31,4,9,22,22,76,9,1,2,6,2025-03-20,CONCACAF Nations League,Canada 0-2 Mexico,L,https://raw.githubusercontent.com/martj42/international_results/master/results.csv
Canada||Morocco,Canada,Morocco,4,1,0,1,3,4,10,2,0,0,2,2022-12-01,FIFA World Cup,Canada 1-2 Morocco,L,https://raw.githubusercontent.com/martj42/international_results/master/results.csv
Canada||Netherlands,Canada,Netherlands,2,0,0,0,2,0,7,1,0,0,1,2024-06-06,Friendly,Netherlands 4-0 Canada,L,https://raw.githubusercontent.com/martj42/international_results/master/results.csv
Canada||New Zealand,Canada,New Zealand,7,0,5,1,1,16,5,1,1,0,0,2018-03-24,Friendly,Canada 1-0 New Zealand,W,https://raw.githubusercontent.com/martj42/international_results/master/results.csv
Canada||Norway,Canada,Norway,0,0,0,0,0,0,0,0,0,0,0,,,,,https://raw.githubusercontent.com/martj42/international_results/master/results.csv
Canada||Panama,Canada,Panama,14,11,6,6,2,16,9,9,4,3,2,2024-10-15,Friendly,Canada 2-1 Panama,W,https://raw.githubusercontent.com/martj42/international_results/master/results.csv
Canada||Paraguay,Canada,Paraguay,1,0,0,1,0,0,0,0,0,0,0,1986-01-29,Friendly,Canada 0-0 Paraguay,D,https://raw.githubusercontent.com/martj42/international_results/master/results.csv
Canada||Portugal,Canada,Portugal,2,0,0,1,1,2,5,0,0,0,0,2005-03-26,Friendly,Portugal 4-1 Canada,L,https://raw.githubusercontent.com/martj42/international_results/master/results.csv
Canada||Qatar,Canada,Qatar,1,0,1,0,0,2,0,1,1,0,0,2022-09-23,Friendly,Canada 2-0 Qatar,W,https://raw.githubusercontent.com/martj42/international_results/master/results.csv
Canada||Saudi Arabia,Canada,Saudi Arabia,1,0,0,0,1,0,2,0,0,0,0,1999-07-09,Friendly,Canada 0-2 Saudi Arabia,L,https://raw.githubusercontent.com/martj42/international_results/master/results.csv
Canada||Scotland,Canada,Scotland,7,0,0,1,6,3,17,1,0,1,0,2017-03-22,Friendly,Scotland 1-1 Canada,D,https://raw.githubusercontent.com/martj42/international_results/master/results.csv
Canada||Senegal,Canada,Senegal,0,0,0,0,0,0,0,0,0,0,0,,,,,https://raw.githubusercontent.com/martj42/international_results/master/results.csv
Canada||South Africa,Canada,South Africa,1,0,0,0,1,0,2,0,0,0,0,2007-11-20,Friendly,South Africa 2-0 Canada,L,https://raw.githubusercontent.com/martj42/international_results/master/results.csv
Canada||Spain,Canada,Spain,2,0,0,0,2,1,4,0,0,0,0,2005-09-03,Friendly,Spain 2-1 Canada,L,https://raw.githubusercontent.com/martj42/international_results/master/results.csv
Canada||Sweden,Canada,Sweden,0,0,0,0,0,0,0,0,0,0,0,,,,,https://raw.githubusercontent.com/martj42/international_results/master/results.csv
Canada||Switzerland,Canada,Switzerland,1,0,1,0,0,3,1,0,0,0,0,2002-05-15,Friendly,Switzerland 1-3 Canada,W,https://raw.githubusercontent.com/martj42/international_results/master/results.csv
Canada||Tunisia,Canada,Tunisia,2,0,0,1,1,0,2,1,0,1,0,2026-03-31,Friendly,Canada 0-0 Tunisia,D,https://raw.githubusercontent.com/martj42/international_results/master/results.csv
Canada||Türkiye,Canada,Türkiye,2,0,0,0,2,1,6,0,0,0,0,1995-06-07,Friendly,Canada 0-3 Türkiye,L,https://raw.githubusercontent.com/martj42/international_results/master/results.csv
Canada||USA,Canada,USA,42,27,13,11,18,50,69,12,4,4,4,2025-03-23,CONCACAF Nations League,USA 1-2 Canada,W,https://raw.githubusercontent.com/martj42/international_results/master/results.csv
Canada||Uruguay,Canada,Uruguay,3,2,0,1,2,3,7,2,0,1,1,2024-07-13,Copa América,Canada 2-2 Uruguay,D,https://raw.githubusercontent.com/martj42/international_results/master/results.csv
Canada||Uzbekistan,Canada,Uzbekistan,2,0,2,0,0,4,1,2,2,0,0,2026-06-01,Friendly,Canada 2-0 Uzbekistan,W,https://raw.githubusercontent.com/martj42/international_results/master/results.csv
Colombia||Congo DR,Colombia,Congo DR,0,0,0,0,0,0,0,0,0,0,0,,,,,https://raw.githubusercontent.com/martj42/international_results/master/results.csv
Colombia||Cote d'Ivoire,Colombia,Cote d'Ivoire,1,1,1,0,0,2,1,1,1,0,0,2014-06-19,FIFA World Cup,Colombia 2-1 Cote d'Ivoire,W,https://raw.githubusercontent.com/martj42/international_results/master/results.csv
Colombia||Croatia,Colombia,Croatia,1,0,0,0,1,1,2,1,0,0,1,2026-03-26,Friendly,Colombia 1-2 Croatia,L,https://raw.githubusercontent.com/martj42/international_results/master/results.csv
Colombia||Curacao,Colombia,Curacao,1,1,1,0,0,4,2,0,0,0,0,1946-12-09,Central American and Caribbean Games,Colombia 4-2 Curacao,W,https://raw.githubusercontent.com/martj42/international_results/master/results.csv
Colombia||Czechia,Colombia,Czechia,0,0,0,0,0,0,0,0,0,0,0,,,,,https://raw.githubusercontent.com/martj42/international_results/master/results.csv
Colombia||Ecuador,Colombia,Ecuador,50,36,23,13,14,54,45,12,7,2,3,2024-11-19,FIFA World Cup qualification,Colombia 0-1 Ecuador,L,https://raw.githubusercontent.com/martj42/international_results/master/results.csv
Colombia||Egypt,Colombia,Egypt,2,0,0,2,0,1,1,1,0,1,0,2018-06-01,Friendly,Colombia 0-0 Egypt,D,https://raw.githubusercontent.com/martj42/international_results/master/results.csv
Colombia||England,Colombia,England,6,3,0,3,3,4,11,1,0,1,0,2018-07-03,FIFA World Cup,Colombia 1-1 England,D,https://raw.githubusercontent.com/martj42/international_results/master/results.csv
Colombia||France,Colombia,France,5,2,1,0,4,6,10,2,1,0,1,2026-03-29,Friendly,Colombia 1-3 France,L,https://raw.githubusercontent.com/martj42/international_results/master/results.csv
Colombia||Germany,Colombia,Germany,5,1,1,2,2,7,10,1,1,0,0,2023-06-20,Friendly,Germany 0-2 Colombia,W,https://raw.githubusercontent.com/martj42/international_results/master/results.csv
Colombia||Ghana,Colombia,Ghana,0,0,0,0,0,0,0,0,0,0,0,,,,,https://raw.githubusercontent.com/martj42/international_results/master/results.csv
Colombia||Haiti,Colombia,Haiti,4,0,3,0,1,9,3,0,0,0,0,2009-02-11,Friendly,Colombia 2-0 Haiti,W,https://raw.githubusercontent.com/martj42/international_results/master/results.csv
Colombia||IR Iran,Colombia,IR Iran,0,0,0,0,0,0,0,0,0,0,0,,,,,https://raw.githubusercontent.com/martj42/international_results/master/results.csv
Colombia||Iraq,Colombia,Iraq,1,0,1,0,0,1,0,1,1,0,0,2023-06-16,Friendly,Colombia 1-0 Iraq,W,https://raw.githubusercontent.com/martj42/international_results/master/results.csv
Colombia||Japan,Colombia,Japan,6,5,4,1,1,9,4,4,3,0,1,2023-03-28,Friendly,Japan 1-2 Colombia,W,https://raw.githubusercontent.com/martj42/international_results/master/results.csv
Colombia||Jordan,Colombia,Jordan,2,0,2,0,0,5,0,2,2,0,0,2026-06-07,Friendly,Jordan 0-2 Colombia,W,https://raw.githubusercontent.com/martj42/international_results/master/results.csv
Colombia||Korea Republic,Colombia,Korea Republic,8,1,1,3,4,9,14,3,0,1,2,2023-03-24,Friendly,Korea Republic 2-2 Colombia,D,https://raw.githubusercontent.com/martj42/international_results/master/results.csv
Colombia||Mexico,Colombia,Mexico,29,6,10,9,10,31,29,5,4,0,1,2025-10-11,Friendly,Mexico 0-4 Colombia,W,https://raw.githubusercontent.com/martj42/international_results/master/results.csv
Colombia||Morocco,Colombia,Morocco,1,0,1,0,0,2,0,0,0,0,0,2006-06-04,Friendly,Colombia 2-0 Morocco,W,https://raw.githubusercontent.com/martj42/international_results/master/results.csv
Colombia||Netherlands,Colombia,Netherlands,1,0,0,1,0,0,0,1,0,1,0,2013-11-19,Friendly,Netherlands 0-0 Colombia,D,https://raw.githubusercontent.com/martj42/international_results/master/results.csv
Colombia||New Zealand,Colombia,New Zealand,2,1,2,0,0,5,2,1,1,0,0,2025-11-15,Friendly,Colombia 2-1 New Zealand,W,https://raw.githubusercontent.com/martj42/international_results/master/results.csv
Colombia||Norway,Colombia,Norway,1,0,0,1,0,0,0,0,0,0,0,1997-10-08,Friendly,Norway 0-0 Colombia,D,https://raw.githubusercontent.com/martj42/international_results/master/results.csv
Colombia||Panama,Colombia,Panama,7,5,5,0,2,20,7,2,2,0,0,2024-07-06,Copa América,Colombia 5-0 Panama,W,https://raw.githubusercontent.com/martj42/international_results/master/results.csv
Colombia||Paraguay,Colombia,Paraguay,51,40,23,10,18,62,55,12,8,3,1,2025-03-25,FIFA World Cup qualification,Colombia 2-2 Paraguay,D,https://raw.githubusercontent.com/martj42/international_results/master/results.csv
Colombia||Portugal,Colombia,Portugal,0,0,0,0,0,0,0,0,0,0,0,,,,,https://raw.githubusercontent.com/martj42/international_results/master/results.csv
Colombia||Qatar,Colombia,Qatar,1,1,1,0,0,1,0,1,1,0,0,2019-06-19,Copa América,Colombia 1-0 Qatar,W,https://raw.githubusercontent.com/martj42/international_results/master/results.csv
Colombia||Saudi Arabia,Colombia,Saudi Arabia,2,0,1,1,0,2,1,1,1,0,0,2022-06-05,Friendly,Saudi Arabia 0-1 Colombia,W,https://raw.githubusercontent.com/martj42/international_results/master/results.csv
Colombia||Scotland,Colombia,Scotland,2,1,1,1,0,1,0,0,0,0,0,1996-05-29,Friendly,Colombia 1-0 Scotland,W,https://raw.githubusercontent.com/martj42/international_results/master/results.csv
Colombia||Senegal,Colombia,Senegal,3,1,2,1,0,5,2,3,2,1,0,2018-06-28,FIFA World Cup,Senegal 0-1 Colombia,W,https://raw.githubusercontent.com/martj42/international_results/master/results.csv
Colombia||South Africa,Colombia,South Africa,1,0,0,0,1,1,2,1,0,0,1,2010-05-27,Friendly,South Africa 2-1 Colombia,L,https://raw.githubusercontent.com/martj42/international_results/master/results.csv
Colombia||Spain,Colombia,Spain,4,0,1,2,1,4,4,3,1,1,1,2024-03-22,Friendly,Spain 0-1 Colombia,W,https://raw.githubusercontent.com/martj42/international_results/master/results.csv
Colombia||Sweden,Colombia,Sweden,2,1,0,2,0,2,2,0,0,0,0,1994-02-18,Joe Robbie Cup,Colombia 0-0 Sweden,D,https://raw.githubusercontent.com/martj42/international_results/master/results.csv
Colombia||Switzerland,Colombia,Switzerland,4,2,2,1,1,9,6,0,0,0,0,2007-03-25,Friendly,Colombia 3-1 Switzerland,W,https://raw.githubusercontent.com/martj42/international_results/master/results.csv
Colombia||Tunisia,Colombia,Tunisia,2,1,1,1,0,2,1,1,0,1,0,2014-03-05,Friendly,Colombia 1-1 Tunisia,D,https://raw.githubusercontent.com/martj42/international_results/master/results.csv
Colombia||Türkiye,Colombia,Türkiye,1,1,0,0,1,1,2,0,0,0,0,2003-06-28,Confederations Cup,Colombia 1-2 Türkiye,L,https://raw.githubusercontent.com/martj42/international_results/master/results.csv
Colombia||USA,Colombia,USA,21,8,13,5,3,31,15,7,5,2,0,2024-06-08,Friendly,USA 1-5 Colombia,W,https://raw.githubusercontent.com/martj42/international_results/master/results.csv
Colombia||Uruguay,Colombia,Uruguay,47,38,13,13,21,52,67,11,3,4,4,2024-11-15,FIFA World Cup qualification,Uruguay 3-2 Colombia,L,https://raw.githubusercontent.com/martj42/international_results/master/results.csv
Colombia||Uzbekistan,Colombia,Uzbekistan,0,0,0,0,0,0,0,0,0,0,0,,,,,https://raw.githubusercontent.com/martj42/international_results/master/results.csv
Congo DR||Cote d'Ivoire,Congo DR,Cote d'Ivoire,22,14,6,5,11,32,38,6,1,1,4,2024-02-07,African Cup of Nations,Cote d'Ivoire 1-0 Congo DR,L,https://raw.githubusercontent.com/martj42/international_results/master/results.csv
Congo DR||Croatia,Congo DR,Croatia,0,0,0,0,0,0,0,0,0,0,0,,,,,https://raw.githubusercontent.com/martj42/international_results/master/results.csv
Congo DR||Curacao,Congo DR,Curacao,0,0,0,0,0,0,0,0,0,0,0,,,,,https://raw.githubusercontent.com/martj42/international_results/master/results.csv
Congo DR||Czechia,Congo DR,Czechia,0,0,0,0,0,0,0,0,0,0,0,,,,,https://raw.githubusercontent.com/martj42/international_results/master/results.csv
Congo DR||Ecuador,Congo DR,Ecuador,0,0,0,0,0,0,0,0,0,0,0,,,,,https://raw.githubusercontent.com/martj42/international_results/master/results.csv
Congo DR||Egypt,Congo DR,Egypt,14,9,2,4,8,16,28,4,0,2,2,2024-01-28,African Cup of Nations,Egypt 1-1 Congo DR,D,https://raw.githubusercontent.com/martj42/international_results/master/results.csv
Congo DR||England,Congo DR,England,0,0,0,0,0,0,0,0,0,0,0,,,,,https://raw.githubusercontent.com/martj42/international_results/master/results.csv
Congo DR||France,Congo DR,France,0,0,0,0,0,0,0,0,0,0,0,,,,,https://raw.githubusercontent.com/martj42/international_results/master/results.csv
Congo DR||Germany,Congo DR,Germany,0,0,0,0,0,0,0,0,0,0,0,,,,,https://raw.githubusercontent.com/martj42/international_results/master/results.csv
Congo DR||Ghana,Congo DR,Ghana,21,16,4,5,12,20,37,2,0,1,1,2017-01-29,African Cup of Nations,Congo DR 1-2 Ghana,L,https://raw.githubusercontent.com/martj42/international_results/master/results.csv
Congo DR||Haiti,Congo DR,Haiti,0,0,0,0,0,0,0,0,0,0,0,,,,,https://raw.githubusercontent.com/martj42/international_results/master/results.csv
Congo DR||IR Iran,Congo DR,IR Iran,1,1,1,0,0,3,1,0,0,0,0,1977-07-29,Beijing International Friendship Tournament,IR Iran 1-3 Congo DR,W,https://raw.githubusercontent.com/martj42/international_results/master/results.csv
Congo DR||Iraq,Congo DR,Iraq,2,0,0,0,2,1,3,2,0,0,2,2015-03-31,Friendly,Iraq 1-0 Congo DR,L,https://raw.githubusercontent.com/martj42/international_results/master/results.csv
Congo DR||Japan,Congo DR,Japan,0,0,0,0,0,0,0,0,0,0,0,,,,,https://raw.githubusercontent.com/martj42/international_results/master/results.csv
Congo DR||Jordan,Congo DR,Jordan,0,0,0,0,0,0,0,0,0,0,0,,,,,https://raw.githubusercontent.com/martj42/international_results/master/results.csv
Congo DR||Korea Republic,Congo DR,Korea Republic,0,0,0,0,0,0,0,0,0,0,0,,,,,https://raw.githubusercontent.com/martj42/international_results/master/results.csv
Congo DR||Mexico,Congo DR,Mexico,1,0,0,0,1,1,2,0,0,0,0,2006-05-12,Friendly,Mexico 2-1 Congo DR,L,https://raw.githubusercontent.com/martj42/international_results/master/results.csv
Congo DR||Morocco,Congo DR,Morocco,16,13,2,9,5,12,23,5,1,3,1,2024-01-21,African Cup of Nations,Morocco 1-1 Congo DR,D,https://raw.githubusercontent.com/martj42/international_results/master/results.csv
Congo DR||Netherlands,Congo DR,Netherlands,0,0,0,0,0,0,0,0,0,0,0,,,,,https://raw.githubusercontent.com/martj42/international_results/master/results.csv
Congo DR||New Zealand,Congo DR,New Zealand,1,0,0,1,0,1,1,1,0,1,0,2023-10-13,Friendly,Congo DR 1-1 New Zealand,D,https://raw.githubusercontent.com/martj42/international_results/master/results.csv
Congo DR||Norway,Congo DR,Norway,0,0,0,0,0,0,0,0,0,0,0,,,,,https://raw.githubusercontent.com/martj42/international_results/master/results.csv
Congo DR||Panama,Congo DR,Panama,0,0,0,0,0,0,0,0,0,0,0,,,,,https://raw.githubusercontent.com/martj42/international_results/master/results.csv
Congo DR||Paraguay,Congo DR,Paraguay,0,0,0,0,0,0,0,0,0,0,0,,,,,https://raw.githubusercontent.com/martj42/international_results/master/results.csv
Congo DR||Portugal,Congo DR,Portugal,0,0,0,0,0,0,0,0,0,0,0,,,,,https://raw.githubusercontent.com/martj42/international_results/master/results.csv
Congo DR||Qatar,Congo DR,Qatar,1,0,0,1,0,2,2,0,0,0,0,2009-10-14,Friendly,Qatar 2-2 Congo DR,D,https://raw.githubusercontent.com/martj42/international_results/master/results.csv
Congo DR||Saudi Arabia,Congo DR,Saudi Arabia,1,0,0,0,1,0,2,1,0,0,1,2010-05-21,Friendly,Congo DR 0-2 Saudi Arabia,L,https://raw.githubusercontent.com/martj42/international_results/master/results.csv
Congo DR||Scotland,Congo DR,Scotland,1,1,0,0,1,0,2,0,0,0,0,1974-06-14,FIFA World Cup,Congo DR 0-2 Scotland,L,https://raw.githubusercontent.com/martj42/international_results/master/results.csv
Congo DR||Senegal,Congo DR,Senegal,14,9,2,6,6,15,19,5,0,2,3,2025-12-27,African Cup of Nations,Senegal 1-1 Congo DR,D,https://raw.githubusercontent.com/martj42/international_results/master/results.csv
Congo DR||South Africa,Congo DR,South Africa,8,7,1,2,5,5,9,2,0,1,1,2024-02-10,African Cup of Nations,South Africa 0-0 Congo DR,D,https://raw.githubusercontent.com/martj42/international_results/master/results.csv
Congo DR||Spain,Congo DR,Spain,0,0,0,0,0,0,0,0,0,0,0,,,,,https://raw.githubusercontent.com/martj42/international_results/master/results.csv
Congo DR||Sweden,Congo DR,Sweden,0,0,0,0,0,0,0,0,0,0,0,,,,,https://raw.githubusercontent.com/martj42/international_results/master/results.csv
Congo DR||Switzerland,Congo DR,Switzerland,0,0,0,0,0,0,0,0,0,0,0,,,,,https://raw.githubusercontent.com/martj42/international_results/master/results.csv
Congo DR||Tunisia,Congo DR,Tunisia,14,11,3,4,7,13,25,4,0,2,2,2021-06-05,Friendly,Tunisia 1-0 Congo DR,L,https://raw.githubusercontent.com/martj42/international_results/master/results.csv
Congo DR||Türkiye,Congo DR,Türkiye,0,0,0,0,0,0,0,0,0,0,0,,,,,https://raw.githubusercontent.com/martj42/international_results/master/results.csv
Congo DR||USA,Congo DR,USA,0,0,0,0,0,0,0,0,0,0,0,,,,,https://raw.githubusercontent.com/martj42/international_results/master/results.csv
Congo DR||Uruguay,Congo DR,Uruguay,0,0,0,0,0,0,0,0,0,0,0,,,,,https://raw.githubusercontent.com/martj42/international_results/master/results.csv
Congo DR||Uzbekistan,Congo DR,Uzbekistan,0,0,0,0,0,0,0,0,0,0,0,,,,,https://raw.githubusercontent.com/martj42/international_results/master/results.csv
Cote d'Ivoire||Croatia,Cote d'Ivoire,Croatia,0,0,0,0,0,0,0,0,0,0,0,,,,,https://raw.githubusercontent.com/martj42/international_results/master/results.csv
Cote d'Ivoire||Curacao,Cote d'Ivoire,Curacao,0,0,0,0,0,0,0,0,0,0,0,,,,,https://raw.githubusercontent.com/martj42/international_results/master/results.csv
Cote d'Ivoire||Czechia,Cote d'Ivoire,Czechia,0,0,0,0,0,0,0,0,0,0,0,,,,,https://raw.githubusercontent.com/martj42/international_results/master/results.csv
Cote d'Ivoire||Ecuador,Cote d'Ivoire,Ecuador,0,0,0,0,0,0,0,0,0,0,0,,,,,https://raw.githubusercontent.com/martj42/international_results/master/results.csv
Cote d'Ivoire||Egypt,Cote d'Ivoire,Egypt,25,17,7,7,11,28,33,3,1,1,1,2026-01-10,African Cup of Nations,Egypt 3-2 Cote d'Ivoire,L,https://raw.githubusercontent.com/martj42/international_results/master/results.csv
Cote d'Ivoire||England,Cote d'Ivoire,England,1,0,0,0,1,0,3,1,0,0,1,2022-03-29,Friendly,England 3-0 Cote d'Ivoire,L,https://raw.githubusercontent.com/martj42/international_results/master/results.csv
Cote d'Ivoire||France,Cote d'Ivoire,France,4,0,1,1,2,3,6,3,1,1,1,2026-06-04,Friendly,France 1-2 Cote d'Ivoire,W,https://raw.githubusercontent.com/martj42/international_results/master/results.csv
Cote d'Ivoire||Germany,Cote d'Ivoire,Germany,1,0,0,1,0,2,2,0,0,0,0,2009-11-18,Friendly,Germany 2-2 Cote d'Ivoire,D,https://raw.githubusercontent.com/martj42/international_results/master/results.csv
Cote d'Ivoire||Ghana,Cote d'Ivoire,Ghana,39,21,11,13,15,48,59,5,1,3,1,2021-06-12,Friendly,Ghana 0-0 Cote d'Ivoire,D,https://raw.githubusercontent.com/martj42/international_results/master/results.csv
Cote d'Ivoire||Haiti,Cote d'Ivoire,Haiti,0,0,0,0,0,0,0,0,0,0,0,,,,,https://raw.githubusercontent.com/martj42/international_results/master/results.csv
Cote d'Ivoire||IR Iran,Cote d'Ivoire,IR Iran,0,0,0,0,0,0,0,0,0,0,0,,,,,https://raw.githubusercontent.com/martj42/international_results/master/results.csv
Cote d'Ivoire||Iraq,Cote d'Ivoire,Iraq,0,0,0,0,0,0,0,0,0,0,0,,,,,https://raw.githubusercontent.com/martj42/international_results/master/results.csv
Cote d'Ivoire||Japan,Cote d'Ivoire,Japan,5,2,2,0,3,4,4,3,2,0,1,2020-10-13,Friendly,Japan 1-0 Cote d'Ivoire,L,https://raw.githubusercontent.com/martj42/international_results/master/results.csv
Cote d'Ivoire||Jordan,Cote d'Ivoire,Jordan,1,0,1,0,0,2,0,0,0,0,0,2006-01-17,Friendly,Cote d'Ivoire 2-0 Jordan,W,https://raw.githubusercontent.com/martj42/international_results/master/results.csv
Cote d'Ivoire||Korea Republic,Cote d'Ivoire,Korea Republic,2,0,1,0,1,4,2,2,1,0,1,2026-03-28,Friendly,Cote d'Ivoire 4-0 Korea Republic,W,https://raw.githubusercontent.com/martj42/international_results/master/results.csv
Cote d'Ivoire||Mexico,Cote d'Ivoire,Mexico,1,0,0,0,1,1,4,1,0,0,1,2013-08-14,Friendly,Mexico 4-1 Cote d'Ivoire,L,https://raw.githubusercontent.com/martj42/international_results/master/results.csv
Cote d'Ivoire||Morocco,Cote d'Ivoire,Morocco,22,15,7,8,7,26,28,8,1,4,3,2023-10-14,Friendly,Cote d'Ivoire 1-1 Morocco,D,https://raw.githubusercontent.com/martj42/international_results/master/results.csv
Cote d'Ivoire||Netherlands,Cote d'Ivoire,Netherlands,2,1,0,0,2,1,7,1,0,0,1,2017-06-04,Friendly,Netherlands 5-0 Cote d'Ivoire,L,https://raw.githubusercontent.com/martj42/international_results/master/results.csv
Cote d'Ivoire||New Zealand,Cote d'Ivoire,New Zealand,1,1,0,0,1,0,1,1,0,0,1,2025-06-07,Canadian Shield,Cote d'Ivoire 0-1 New Zealand,L,https://raw.githubusercontent.com/martj42/international_results/master/results.csv
Cote d'Ivoire||Norway,Cote d'Ivoire,Norway,0,0,0,0,0,0,0,0,0,0,0,,,,,https://raw.githubusercontent.com/martj42/international_results/master/results.csv
Cote d'Ivoire||Panama,Cote d'Ivoire,Panama,0,0,0,0,0,0,0,0,0,0,0,,,,,https://raw.githubusercontent.com/martj42/international_results/master/results.csv
Cote d'Ivoire||Paraguay,Cote d'Ivoire,Paraguay,2,1,0,2,0,3,3,1,0,1,0,2010-05-30,Friendly,Paraguay 2-2 Cote d'Ivoire,D,https://raw.githubusercontent.com/martj42/international_results/master/results.csv
Cote d'Ivoire||Portugal,Cote d'Ivoire,Portugal,1,1,0,1,0,0,0,1,0,1,0,2010-06-15,FIFA World Cup,Cote d'Ivoire 0-0 Portugal,D,https://raw.githubusercontent.com/martj42/international_results/master/results.csv
Cote d'Ivoire||Qatar,Cote d'Ivoire,Qatar,1,0,1,0,0,6,1,0,0,0,0,2007-11-21,Friendly,Qatar 1-6 Cote d'Ivoire,W,https://raw.githubusercontent.com/martj42/international_results/master/results.csv
Cote d'Ivoire||Saudi Arabia,Cote d'Ivoire,Saudi Arabia,1,0,0,0,1,0,1,1,0,0,1,2025-11-14,Friendly,Saudi Arabia 1-0 Cote d'Ivoire,L,https://raw.githubusercontent.com/martj42/international_results/master/results.csv
Cote d'Ivoire||Scotland,Cote d'Ivoire,Scotland,1,0,1,0,0,1,0,1,1,0,0,2026-03-31,Friendly,Cote d'Ivoire 1-0 Scotland,W,https://raw.githubusercontent.com/martj42/international_results/master/results.csv
Cote d'Ivoire||Senegal,Cote d'Ivoire,Senegal,28,10,14,8,6,36,23,6,3,3,0,2024-01-29,African Cup of Nations,Cote d'Ivoire 1-1 Senegal,D,https://raw.githubusercontent.com/martj42/international_results/master/results.csv
Cote d'Ivoire||South Africa,Cote d'Ivoire,South Africa,8,5,1,5,2,5,7,4,1,2,1,2023-10-17,Friendly,Cote d'Ivoire 1-1 South Africa,D,https://raw.githubusercontent.com/martj42/international_results/master/results.csv
Cote d'Ivoire||Spain,Cote d'Ivoire,Spain,1,0,0,0,1,2,3,0,0,0,0,2006-03-01,Friendly,Spain 3-2 Cote d'Ivoire,L,https://raw.githubusercontent.com/martj42/international_results/master/results.csv
Cote d'Ivoire||Sweden,Cote d'Ivoire,Sweden,3,0,2,0,1,3,3,2,1,0,1,2017-01-08,Friendly,Cote d'Ivoire 2-1 Sweden,W,https://raw.githubusercontent.com/martj42/international_results/master/results.csv
Cote d'Ivoire||Switzerland,Cote d'Ivoire,Switzerland,2,0,1,1,0,2,1,0,0,0,0,2006-05-27,Friendly,Switzerland 1-1 Cote d'Ivoire,D,https://raw.githubusercontent.com/martj42/international_results/master/results.csv
Cote d'Ivoire||Tunisia,Cote d'Ivoire,Tunisia,20,7,8,6,6,31,27,3,3,0,0,2019-09-10,Friendly,Cote d'Ivoire 2-1 Tunisia,W,https://raw.githubusercontent.com/martj42/international_results/master/results.csv
Cote d'Ivoire||Türkiye,Cote d'Ivoire,Türkiye,1,0,0,1,0,1,1,0,0,0,0,2009-02-11,Friendly,Türkiye 1-1 Cote d'Ivoire,D,https://raw.githubusercontent.com/martj42/international_results/master/results.csv
Cote d'Ivoire||USA,Cote d'Ivoire,USA,1,1,0,0,1,2,5,0,0,0,0,1992-10-19,Confederations Cup,USA 5-2 Cote d'Ivoire,L,https://raw.githubusercontent.com/martj42/international_results/master/results.csv
Cote d'Ivoire||Uruguay,Cote d'Ivoire,Uruguay,1,0,1,0,0,2,1,1,1,0,0,2024-03-26,Friendly,Cote d'Ivoire 2-1 Uruguay,W,https://raw.githubusercontent.com/martj42/international_results/master/results.csv
Cote d'Ivoire||Uzbekistan,Cote d'Ivoire,Uzbekistan,0,0,0,0,0,0,0,0,0,0,0,,,,,https://raw.githubusercontent.com/martj42/international_results/master/results.csv
Croatia||Curacao,Croatia,Curacao,0,0,0,0,0,0,0,0,0,0,0,,,,,https://raw.githubusercontent.com/martj42/international_results/master/results.csv
Croatia||Czechia,Croatia,Czechia,6,5,2,4,0,13,7,5,2,3,0,2025-10-09,FIFA World Cup qualification,Czechia 0-0 Croatia,D,https://raw.githubusercontent.com/martj42/international_results/master/results.csv
Croatia||Ecuador,Croatia,Ecuador,1,1,0,0,1,0,1,0,0,0,0,2002-06-13,FIFA World Cup,Ecuador 1-0 Croatia,L,https://raw.githubusercontent.com/martj42/international_results/master/results.csv
Croatia||Egypt,Croatia,Egypt,2,2,1,1,0,6,4,1,1,0,0,2024-03-26,FIFA Series,Egypt 2-4 Croatia,W,https://raw.githubusercontent.com/martj42/international_results/master/results.csv
Croatia||England,Croatia,England,11,9,3,2,6,13,22,4,1,1,2,2021-06-13,UEFA Euro,England 1-0 Croatia,L,https://raw.githubusercontent.com/martj42/international_results/master/results.csv
Croatia||France,Croatia,France,12,9,2,3,7,12,22,8,2,2,4,2025-03-23,UEFA Nations League,France 2-0 Croatia,L,https://raw.githubusercontent.com/martj42/international_results/master/results.csv
Croatia||Germany,Croatia,Germany,8,3,2,1,5,10,18,0,0,0,0,2008-06-12,UEFA Euro,Croatia 2-1 Germany,W,https://raw.githubusercontent.com/martj42/international_results/master/results.csv
Croatia||Ghana,Croatia,Ghana,0,0,0,0,0,0,0,0,0,0,0,,,,,https://raw.githubusercontent.com/martj42/international_results/master/results.csv
Croatia||Haiti,Croatia,Haiti,0,0,0,0,0,0,0,0,0,0,0,,,,,https://raw.githubusercontent.com/martj42/international_results/master/results.csv
Croatia||IR Iran,Croatia,IR Iran,2,0,1,1,0,4,2,0,0,0,0,2006-05-28,Friendly,Croatia 2-2 IR Iran,D,https://raw.githubusercontent.com/martj42/international_results/master/results.csv
Croatia||Iraq,Croatia,Iraq,0,0,0,0,0,0,0,0,0,0,0,,,,,https://raw.githubusercontent.com/martj42/international_results/master/results.csv
Croatia||Japan,Croatia,Japan,4,4,1,2,1,5,5,1,0,1,0,2022-12-05,FIFA World Cup,Japan 1-1 Croatia,D,https://raw.githubusercontent.com/martj42/international_results/master/results.csv
Croatia||Jordan,Croatia,Jordan,1,0,1,0,0,2,1,1,1,0,0,2018-10-15,Friendly,Croatia 2-1 Jordan,W,https://raw.githubusercontent.com/martj42/international_results/master/results.csv
Croatia||Korea Republic,Croatia,Korea Republic,7,2,3,2,2,11,7,2,2,0,0,2013-09-10,Friendly,Korea Republic 1-2 Croatia,W,https://raw.githubusercontent.com/martj42/international_results/master/results.csv
Croatia||Mexico,Croatia,Mexico,6,3,4,0,2,9,6,3,2,0,1,2018-03-27,Friendly,Mexico 0-1 Croatia,W,https://raw.githubusercontent.com/martj42/international_results/master/results.csv
Croatia||Morocco,Croatia,Morocco,3,3,1,2,0,4,3,2,1,1,0,2022-12-17,FIFA World Cup,Croatia 2-1 Morocco,W,https://raw.githubusercontent.com/martj42/international_results/master/results.csv
Croatia||Netherlands,Croatia,Netherlands,3,2,2,0,1,6,6,1,1,0,0,2023-06-14,UEFA Nations League,Netherlands 2-4 Croatia,W,https://raw.githubusercontent.com/martj42/international_results/master/results.csv
Croatia||New Zealand,Croatia,New Zealand,0,0,0,0,0,0,0,0,0,0,0,,,,,https://raw.githubusercontent.com/martj42/international_results/master/results.csv
Croatia||Norway,Croatia,Norway,5,2,3,1,1,10,6,4,2,1,1,2015-09-06,UEFA Euro qualification,Norway 2-0 Croatia,L,https://raw.githubusercontent.com/martj42/international_results/master/results.csv
Croatia||Panama,Croatia,Panama,0,0,0,0,0,0,0,0,0,0,0,,,,,https://raw.githubusercontent.com/martj42/international_results/master/results.csv
Croatia||Paraguay,Croatia,Paraguay,0,0,0,0,0,0,0,0,0,0,0,,,,,https://raw.githubusercontent.com/martj42/international_results/master/results.csv
Croatia||Portugal,Croatia,Portugal,10,6,1,2,7,8,19,8,1,2,5,2024-11-18,UEFA Nations League,Croatia 1-1 Portugal,D,https://raw.githubusercontent.com/martj42/international_results/master/results.csv
Croatia||Qatar,Croatia,Qatar,1,0,1,0,0,3,2,0,0,0,0,2009-10-08,Friendly,Croatia 3-2 Qatar,W,https://raw.githubusercontent.com/martj42/international_results/master/results.csv
Croatia||Saudi Arabia,Croatia,Saudi Arabia,1,0,1,0,0,1,0,1,1,0,0,2022-11-16,Friendly,Saudi Arabia 0-1 Croatia,W,https://raw.githubusercontent.com/martj42/international_results/master/results.csv
Croatia||Scotland,Croatia,Scotland,8,7,2,3,3,7,8,5,2,0,3,2024-11-15,UEFA Nations League,Scotland 1-0 Croatia,L,https://raw.githubusercontent.com/martj42/international_results/master/results.csv
Croatia||Senegal,Croatia,Senegal,1,0,1,0,0,2,1,1,1,0,0,2018-06-08,Friendly,Croatia 2-1 Senegal,W,https://raw.githubusercontent.com/martj42/international_results/master/results.csv
Croatia||South Africa,Croatia,South Africa,0,0,0,0,0,0,0,0,0,0,0,,,,,https://raw.githubusercontent.com/martj42/international_results/master/results.csv
Croatia||Spain,Croatia,Spain,11,7,3,2,6,12,23,7,2,1,4,2024-06-15,UEFA Euro,Spain 3-0 Croatia,L,https://raw.githubusercontent.com/martj42/international_results/master/results.csv
Croatia||Sweden,Croatia,Sweden,6,4,4,0,2,8,7,3,1,0,2,2020-11-14,UEFA Nations League,Sweden 2-1 Croatia,L,https://raw.githubusercontent.com/martj42/international_results/master/results.csv
Croatia||Switzerland,Croatia,Switzerland,7,1,3,2,2,11,8,3,1,1,1,2020-10-07,Friendly,Switzerland 1-2 Croatia,W,https://raw.githubusercontent.com/martj42/international_results/master/results.csv
Croatia||Tunisia,Croatia,Tunisia,2,1,0,1,1,1,2,2,0,1,1,2024-03-23,FIFA Series,Tunisia 0-0 Croatia,D,https://raw.githubusercontent.com/martj42/international_results/master/results.csv
Croatia||Türkiye,Croatia,Türkiye,12,10,4,6,2,15,10,8,3,3,2,2023-10-12,UEFA Euro qualification,Croatia 0-1 Türkiye,L,https://raw.githubusercontent.com/martj42/international_results/master/results.csv
Croatia||USA,Croatia,USA,1,0,1,0,0,2,1,0,0,0,0,1990-10-17,Friendly,Croatia 2-1 USA,W,https://raw.githubusercontent.com/martj42/international_results/master/results.csv
Croatia||Uruguay,Croatia,Uruguay,0,0,0,0,0,0,0,0,0,0,0,,,,,https://raw.githubusercontent.com/martj42/international_results/master/results.csv
Croatia||Uzbekistan,Croatia,Uzbekistan,0,0,0,0,0,0,0,0,0,0,0,,,,,https://raw.githubusercontent.com/martj42/international_results/master/results.csv
Curacao||Czechia,Curacao,Czechia,0,0,0,0,0,0,0,0,0,0,0,,,,,https://raw.githubusercontent.com/martj42/international_results/master/results.csv
Curacao||Ecuador,Curacao,Ecuador,0,0,0,0,0,0,0,0,0,0,0,,,,,https://raw.githubusercontent.com/martj42/international_results/master/results.csv
Curacao||Egypt,Curacao,Egypt,0,0,0,0,0,0,0,0,0,0,0,,,,,https://raw.githubusercontent.com/martj42/international_results/master/results.csv
Curacao||England,Curacao,England,0,0,0,0,0,0,0,0,0,0,0,,,,,https://raw.githubusercontent.com/martj42/international_results/master/results.csv
Curacao||France,Curacao,France,0,0,0,0,0,0,0,0,0,0,0,,,,,https://raw.githubusercontent.com/martj42/international_results/master/results.csv
Curacao||Germany,Curacao,Germany,0,0,0,0,0,0,0,0,0,0,0,,,,,https://raw.githubusercontent.com/martj42/international_results/master/results.csv
Curacao||Ghana,Curacao,Ghana,0,0,0,0,0,0,0,0,0,0,0,,,,,https://raw.githubusercontent.com/martj42/international_results/master/results.csv
Curacao||Haiti,Curacao,Haiti,26,18,5,7,14,27,50,5,2,2,1,2025-06-10,FIFA World Cup qualification,Haiti 1-5 Curacao,W,https://raw.githubusercontent.com/martj42/international_results/master/results.csv
Curacao||IR Iran,Curacao,IR Iran,0,0,0,0,0,0,0,0,0,0,0,,,,,https://raw.githubusercontent.com/martj42/international_results/master/results.csv
Curacao||Iraq,Curacao,Iraq,0,0,0,0,0,0,0,0,0,0,0,,,,,https://raw.githubusercontent.com/martj42/international_results/master/results.csv
Curacao||Japan,Curacao,Japan,0,0,0,0,0,0,0,0,0,0,0,,,,,https://raw.githubusercontent.com/martj42/international_results/master/results.csv
Curacao||Jordan,Curacao,Jordan,0,0,0,0,0,0,0,0,0,0,0,,,,,https://raw.githubusercontent.com/martj42/international_results/master/results.csv
Curacao||Korea Republic,Curacao,Korea Republic,0,0,0,0,0,0,0,0,0,0,0,,,,,https://raw.githubusercontent.com/martj42/international_results/master/results.csv
Curacao||Mexico,Curacao,Mexico,7,7,1,2,4,4,25,1,0,0,1,2017-07-16,Gold Cup,Curacao 0-2 Mexico,L,https://raw.githubusercontent.com/martj42/international_results/master/results.csv
Curacao||Morocco,Curacao,Morocco,0,0,0,0,0,0,0,0,0,0,0,,,,,https://raw.githubusercontent.com/martj42/international_results/master/results.csv
Curacao||Netherlands,Curacao,Netherlands,6,0,2,2,2,8,20,0,0,0,0,1962-09-05,Friendly,Netherlands 8-0 Curacao,L,https://raw.githubusercontent.com/martj42/international_results/master/results.csv
Curacao||New Zealand,Curacao,New Zealand,1,0,0,0,1,1,2,1,0,0,1,2021-10-09,Friendly,Curacao 1-2 New Zealand,L,https://raw.githubusercontent.com/martj42/international_results/master/results.csv
Curacao||Norway,Curacao,Norway,0,0,0,0,0,0,0,0,0,0,0,,,,,https://raw.githubusercontent.com/martj42/international_results/master/results.csv
Curacao||Panama,Curacao,Panama,9,9,3,3,3,19,17,3,0,1,2,2023-10-13,CONCACAF Nations League,Curacao 1-2 Panama,L,https://raw.githubusercontent.com/martj42/international_results/master/results.csv
Curacao||Paraguay,Curacao,Paraguay,0,0,0,0,0,0,0,0,0,0,0,,,,,https://raw.githubusercontent.com/martj42/international_results/master/results.csv
Curacao||Portugal,Curacao,Portugal,0,0,0,0,0,0,0,0,0,0,0,,,,,https://raw.githubusercontent.com/martj42/international_results/master/results.csv
Curacao||Qatar,Curacao,Qatar,1,0,1,0,0,2,1,1,1,0,0,2017-10-10,Friendly,Qatar 1-2 Curacao,W,https://raw.githubusercontent.com/martj42/international_results/master/results.csv
Curacao||Saudi Arabia,Curacao,Saudi Arabia,0,0,0,0,0,0,0,0,0,0,0,,,,,https://raw.githubusercontent.com/martj42/international_results/master/results.csv
Curacao||Scotland,Curacao,Scotland,1,0,0,0,1,1,4,1,0,0,1,2026-05-30,Friendly,Scotland 4-1 Curacao,L,https://raw.githubusercontent.com/martj42/international_results/master/results.csv
Curacao||Senegal,Curacao,Senegal,0,0,0,0,0,0,0,0,0,0,0,,,,,https://raw.githubusercontent.com/martj42/international_results/master/results.csv
Curacao||South Africa,Curacao,South Africa,0,0,0,0,0,0,0,0,0,0,0,,,,,https://raw.githubusercontent.com/martj42/international_results/master/results.csv
Curacao||Spain,Curacao,Spain,0,0,0,0,0,0,0,0,0,0,0,,,,,https://raw.githubusercontent.com/martj42/international_results/master/results.csv
Curacao||Sweden,Curacao,Sweden,0,0,0,0,0,0,0,0,0,0,0,,,,,https://raw.githubusercontent.com/martj42/international_results/master/results.csv
Curacao||Switzerland,Curacao,Switzerland,0,0,0,0,0,0,0,0,0,0,0,,,,,https://raw.githubusercontent.com/martj42/international_results/master/results.csv
Curacao||Tunisia,Curacao,Tunisia,0,0,0,0,0,0,0,0,0,0,0,,,,,https://raw.githubusercontent.com/martj42/international_results/master/results.csv
Curacao||Türkiye,Curacao,Türkiye,0,0,0,0,0,0,0,0,0,0,0,,,,,https://raw.githubusercontent.com/martj42/international_results/master/results.csv
Curacao||USA,Curacao,USA,3,3,0,1,2,0,5,1,0,0,1,2019-06-30,Gold Cup,USA 1-0 Curacao,L,https://raw.githubusercontent.com/martj42/international_results/master/results.csv
Curacao||Uruguay,Curacao,Uruguay,0,0,0,0,0,0,0,0,0,0,0,,,,,https://raw.githubusercontent.com/martj42/international_results/master/results.csv
Curacao||Uzbekistan,Curacao,Uzbekistan,0,0,0,0,0,0,0,0,0,0,0,,,,,https://raw.githubusercontent.com/martj42/international_results/master/results.csv
Czechia||Ecuador,Czechia,Ecuador,0,0,0,0,0,0,0,0,0,0,0,,,,,https://raw.githubusercontent.com/martj42/international_results/master/results.csv
Czechia||Egypt,Czechia,Egypt,0,0,0,0,0,0,0,0,0,0,0,,,,,https://raw.githubusercontent.com/martj42/international_results/master/results.csv
Czechia||England,Czechia,England,5,3,1,1,3,4,11,3,1,0,2,2021-06-22,UEFA Euro,England 1-0 Czechia,L,https://raw.githubusercontent.com/martj42/international_results/master/results.csv
Czechia||France,Czechia,France,4,2,1,2,1,5,4,0,0,0,0,2003-02-12,Friendly,France 0-2 Czechia,W,https://raw.githubusercontent.com/martj42/international_results/master/results.csv
Czechia||Germany,Czechia,Germany,9,7,2,0,7,10,16,3,0,0,3,2020-11-11,Friendly,Germany 1-0 Czechia,L,https://raw.githubusercontent.com/martj42/international_results/master/results.csv
Czechia||Ghana,Czechia,Ghana,1,1,0,0,1,0,2,0,0,0,0,2006-06-17,FIFA World Cup,Czechia 0-2 Ghana,L,https://raw.githubusercontent.com/martj42/international_results/master/results.csv
Czechia||Haiti,Czechia,Haiti,0,0,0,0,0,0,0,0,0,0,0,,,,,https://raw.githubusercontent.com/martj42/international_results/master/results.csv
Czechia||IR Iran,Czechia,IR Iran,0,0,0,0,0,0,0,0,0,0,0,,,,,https://raw.githubusercontent.com/martj42/international_results/master/results.csv
Czechia||Iraq,Czechia,Iraq,0,0,0,0,0,0,0,0,0,0,0,,,,,https://raw.githubusercontent.com/martj42/international_results/master/results.csv
Czechia||Japan,Czechia,Japan,3,2,0,2,1,0,1,1,0,1,0,2011-06-07,Kirin Cup,Japan 0-0 Czechia,D,https://raw.githubusercontent.com/martj42/international_results/master/results.csv
Czechia||Jordan,Czechia,Jordan,0,0,0,0,0,0,0,0,0,0,0,,,,,https://raw.githubusercontent.com/martj42/international_results/master/results.csv
Czechia||Korea Republic,Czechia,Korea Republic,3,0,1,1,1,8,4,1,0,0,1,2016-06-05,Friendly,Czechia 1-2 Korea Republic,L,https://raw.githubusercontent.com/martj42/international_results/master/results.csv
Czechia||Mexico,Czechia,Mexico,1,1,1,0,0,2,1,0,0,0,0,2000-02-08,Lunar New Year Cup,Mexico 1-2 Czechia,W,https://raw.githubusercontent.com/martj42/international_results/master/results.csv
Czechia||Morocco,Czechia,Morocco,1,0,0,1,0,0,0,0,0,0,0,2009-02-11,Friendly,Morocco 0-0 Czechia,D,https://raw.githubusercontent.com/martj42/international_results/master/results.csv
Czechia||Netherlands,Czechia,Netherlands,12,11,6,3,3,18,14,3,3,0,0,2021-06-27,UEFA Euro,Netherlands 0-2 Czechia,W,https://raw.githubusercontent.com/martj42/international_results/master/results.csv
Czechia||New Zealand,Czechia,New Zealand,0,0,0,0,0,0,0,0,0,0,0,,,,,https://raw.githubusercontent.com/martj42/international_results/master/results.csv
Czechia||Norway,Czechia,Norway,9,6,5,3,1,12,9,5,2,2,1,2024-03-22,Friendly,Norway 1-2 Czechia,W,https://raw.githubusercontent.com/martj42/international_results/master/results.csv
Czechia||Panama,Czechia,Panama,0,0,0,0,0,0,0,0,0,0,0,,,,,https://raw.githubusercontent.com/martj42/international_results/master/results.csv
Czechia||Paraguay,Czechia,Paraguay,1,1,1,0,0,1,0,0,0,0,0,1998-05-21,Kirin Cup,Czechia 1-0 Paraguay,W,https://raw.githubusercontent.com/martj42/international_results/master/results.csv
Czechia||Portugal,Czechia,Portugal,6,6,1,0,5,3,12,4,0,0,4,2024-06-18,UEFA Euro,Portugal 2-1 Czechia,L,https://raw.githubusercontent.com/martj42/international_results/master/results.csv
Czechia||Qatar,Czechia,Qatar,1,0,1,0,0,1,0,1,1,0,0,2017-11-11,Friendly,Qatar 0-1 Czechia,W,https://raw.githubusercontent.com/martj42/international_results/master/results.csv
Czechia||Saudi Arabia,Czechia,Saudi Arabia,2,0,1,1,0,3,1,1,0,1,0,2025-09-08,Friendly,Czechia 1-1 Saudi Arabia,D,https://raw.githubusercontent.com/martj42/international_results/master/results.csv
Czechia||Scotland,Czechia,Scotland,10,7,5,1,4,14,11,7,2,1,4,2021-06-14,UEFA Euro,Scotland 0-2 Czechia,W,https://raw.githubusercontent.com/martj42/international_results/master/results.csv
Czechia||Senegal,Czechia,Senegal,0,0,0,0,0,0,0,0,0,0,0,,,,,https://raw.githubusercontent.com/martj42/international_results/master/results.csv
Czechia||South Africa,Czechia,South Africa,1,1,0,1,0,2,2,0,0,0,0,1997-12-13,Confederations Cup,South Africa 2-2 Czechia,D,https://raw.githubusercontent.com/martj42/international_results/master/results.csv
Czechia||Spain,Czechia,Spain,7,7,0,2,5,3,10,5,0,1,4,2022-06-12,UEFA Nations League,Spain 2-0 Czechia,L,https://raw.githubusercontent.com/martj42/international_results/master/results.csv
Czechia||Sweden,Czechia,Sweden,4,1,0,2,2,5,7,2,0,1,1,2022-03-24,FIFA World Cup qualification,Sweden 1-0 Czechia,L,https://raw.githubusercontent.com/martj42/international_results/master/results.csv
Czechia||Switzerland,Czechia,Switzerland,6,3,4,0,2,9,7,2,1,0,1,2022-09-27,UEFA Nations League,Switzerland 2-1 Czechia,L,https://raw.githubusercontent.com/martj42/international_results/master/results.csv
Czechia||Tunisia,Czechia,Tunisia,0,0,0,0,0,0,0,0,0,0,0,,,,,https://raw.githubusercontent.com/martj42/international_results/master/results.csv
Czechia||Türkiye,Czechia,Türkiye,12,5,5,1,6,22,17,7,2,0,5,2024-06-26,UEFA Euro,Czechia 1-2 Türkiye,L,https://raw.githubusercontent.com/martj42/international_results/master/results.csv
Czechia||USA,Czechia,USA,3,1,2,0,1,7,3,2,1,0,1,2014-09-03,Friendly,Czechia 0-1 USA,L,https://raw.githubusercontent.com/martj42/international_results/master/results.csv
Czechia||Uruguay,Czechia,Uruguay,3,2,1,0,2,2,4,1,0,0,1,2018-03-23,Friendly,Uruguay 2-0 Czechia,L,https://raw.githubusercontent.com/martj42/international_results/master/results.csv
Czechia||Uzbekistan,Czechia,Uzbekistan,0,0,0,0,0,0,0,0,0,0,0,,,,,https://raw.githubusercontent.com/martj42/international_results/master/results.csv
Ecuador||Egypt,Ecuador,Egypt,0,0,0,0,0,0,0,0,0,0,0,,,,,https://raw.githubusercontent.com/martj42/international_results/master/results.csv
Ecuador||England,Ecuador,England,3,1,0,1,2,2,5,1,0,1,0,2014-06-04,Friendly,Ecuador 2-2 England,D,https://raw.githubusercontent.com/martj42/international_results/master/results.csv
Ecuador||France,Ecuador,France,2,1,0,1,1,0,2,1,0,1,0,2014-06-25,FIFA World Cup,Ecuador 0-0 France,D,https://raw.githubusercontent.com/martj42/international_results/master/results.csv
Ecuador||Germany,Ecuador,Germany,2,1,0,0,2,2,7,1,0,0,1,2013-05-29,Friendly,Ecuador 2-4 Germany,L,https://raw.githubusercontent.com/martj42/international_results/master/results.csv
Ecuador||Ghana,Ecuador,Ghana,0,0,0,0,0,0,0,0,0,0,0,,,,,https://raw.githubusercontent.com/martj42/international_results/master/results.csv
Ecuador||Haiti,Ecuador,Haiti,5,2,3,0,2,9,5,1,1,0,0,2016-06-12,Copa América,Ecuador 4-0 Haiti,W,https://raw.githubusercontent.com/martj42/international_results/master/results.csv
Ecuador||IR Iran,Ecuador,IR Iran,3,1,1,2,0,3,2,0,0,0,0,2008-12-17,Friendly,IR Iran 0-1 Ecuador,W,https://raw.githubusercontent.com/martj42/international_results/master/results.csv
Ecuador||Iraq,Ecuador,Iraq,1,0,0,1,0,0,0,1,0,1,0,2022-11-12,Friendly,Iraq 0-0 Ecuador,D,https://raw.githubusercontent.com/martj42/international_results/master/results.csv
Ecuador||Japan,Ecuador,Japan,4,3,0,2,2,1,5,2,0,2,0,2022-09-27,Kirin Challenge Cup,Ecuador 0-0 Japan,D,https://raw.githubusercontent.com/martj42/international_results/master/results.csv
Ecuador||Jordan,Ecuador,Jordan,1,0,0,0,1,0,3,0,0,0,0,2004-10-20,Friendly,Ecuador 0-3 Jordan,L,https://raw.githubusercontent.com/martj42/international_results/master/results.csv
Ecuador||Korea Republic,Ecuador,Korea Republic,2,0,1,0,1,2,3,1,0,0,1,2010-05-16,Friendly,Korea Republic 2-0 Ecuador,L,https://raw.githubusercontent.com/martj42/international_results/master/results.csv
Ecuador||Mexico,Ecuador,Mexico,26,7,4,8,14,27,43,10,3,5,2,2025-10-14,Friendly,Mexico 1-1 Ecuador,D,https://raw.githubusercontent.com/martj42/international_results/master/results.csv
Ecuador||Morocco,Ecuador,Morocco,1,0,0,1,0,1,1,1,0,1,0,2026-03-27,Friendly,Morocco 1-1 Ecuador,D,https://raw.githubusercontent.com/martj42/international_results/master/results.csv
Ecuador||Netherlands,Ecuador,Netherlands,4,1,0,3,1,3,4,3,0,3,0,2026-03-31,Friendly,Netherlands 1-1 Ecuador,D,https://raw.githubusercontent.com/martj42/international_results/master/results.csv
Ecuador||New Zealand,Ecuador,New Zealand,1,0,1,0,0,2,0,1,1,0,0,2025-11-18,Friendly,Ecuador 2-0 New Zealand,W,https://raw.githubusercontent.com/martj42/international_results/master/results.csv
Ecuador||Norway,Ecuador,Norway,0,0,0,0,0,0,0,0,0,0,0,,,,,https://raw.githubusercontent.com/martj42/international_results/master/results.csv
Ecuador||Panama,Ecuador,Panama,7,0,5,2,0,16,2,3,2,1,0,2018-11-20,Friendly,Panama 1-2 Ecuador,W,https://raw.githubusercontent.com/martj42/international_results/master/results.csv
Ecuador||Paraguay,Ecuador,Paraguay,42,37,12,8,22,52,72,9,2,4,3,2025-09-04,FIFA World Cup qualification,Paraguay 0-0 Ecuador,D,https://raw.githubusercontent.com/martj42/international_results/master/results.csv
Ecuador||Portugal,Ecuador,Portugal,2,1,1,0,1,3,5,1,1,0,0,2013-02-06,Friendly,Portugal 2-3 Ecuador,W,https://raw.githubusercontent.com/martj42/international_results/master/results.csv
Ecuador||Qatar,Ecuador,Qatar,4,1,2,1,1,8,6,2,1,0,1,2022-11-20,FIFA World Cup,Qatar 0-2 Ecuador,W,https://raw.githubusercontent.com/martj42/international_results/master/results.csv
Ecuador||Saudi Arabia,Ecuador,Saudi Arabia,2,0,1,1,0,2,1,2,1,1,0,2026-05-30,Friendly,Ecuador 2-1 Saudi Arabia,W,https://raw.githubusercontent.com/martj42/international_results/master/results.csv
Ecuador||Scotland,Ecuador,Scotland,1,1,0,0,1,1,2,0,0,0,0,1995-05-24,Kirin Cup,Ecuador 1-2 Scotland,L,https://raw.githubusercontent.com/martj42/international_results/master/results.csv
Ecuador||Senegal,Ecuador,Senegal,3,1,0,0,3,2,5,1,0,0,1,2022-11-29,FIFA World Cup,Ecuador 1-2 Senegal,L,https://raw.githubusercontent.com/martj42/international_results/master/results.csv
Ecuador||South Africa,Ecuador,South Africa,1,0,0,1,0,0,0,0,0,0,0,2002-04-17,Friendly,Ecuador 0-0 South Africa,D,https://raw.githubusercontent.com/martj42/international_results/master/results.csv
Ecuador||Spain,Ecuador,Spain,2,0,0,0,2,0,6,1,0,0,1,2013-08-14,Friendly,Ecuador 0-2 Spain,L,https://raw.githubusercontent.com/martj42/international_results/master/results.csv
Ecuador||Sweden,Ecuador,Sweden,2,0,1,1,0,3,2,0,0,0,0,2007-01-21,Friendly,Ecuador 1-1 Sweden,D,https://raw.githubusercontent.com/martj42/international_results/master/results.csv
Ecuador||Switzerland,Ecuador,Switzerland,1,1,0,0,1,1,2,1,0,0,1,2014-06-15,FIFA World Cup,Switzerland 2-1 Ecuador,L,https://raw.githubusercontent.com/martj42/international_results/master/results.csv
Ecuador||Tunisia,Ecuador,Tunisia,0,0,0,0,0,0,0,0,0,0,0,,,,,https://raw.githubusercontent.com/martj42/international_results/master/results.csv
Ecuador||Türkiye,Ecuador,Türkiye,1,0,1,0,0,1,0,0,0,0,0,2002-02-12,Friendly,Türkiye 0-1 Ecuador,W,https://raw.githubusercontent.com/martj42/international_results/master/results.csv
Ecuador||USA,Ecuador,USA,14,2,5,5,4,12,10,4,1,1,2,2025-10-10,Friendly,USA 1-1 Ecuador,D,https://raw.githubusercontent.com/martj42/international_results/master/results.csv
Ecuador||Uruguay,Ecuador,Uruguay,50,42,8,11,31,46,115,9,4,2,3,2024-10-15,FIFA World Cup qualification,Uruguay 0-0 Ecuador,D,https://raw.githubusercontent.com/martj42/international_results/master/results.csv
Ecuador||Uzbekistan,Ecuador,Uzbekistan,0,0,0,0,0,0,0,0,0,0,0,,,,,https://raw.githubusercontent.com/martj42/international_results/master/results.csv
Egypt||England,Egypt,England,3,1,0,0,3,1,8,1,0,0,1,2010-03-03,Friendly,England 3-1 Egypt,L,https://raw.githubusercontent.com/martj42/international_results/master/results.csv
Egypt||France,Egypt,France,1,0,0,0,1,0,5,0,0,0,0,2003-04-30,Friendly,France 5-0 Egypt,L,https://raw.githubusercontent.com/martj42/international_results/master/results.csv
Egypt||Germany,Egypt,Germany,1,0,1,0,0,2,1,0,0,0,0,1958-12-28,Friendly,Egypt 2-1 Germany,W,https://raw.githubusercontent.com/martj42/international_results/master/results.csv
Egypt||Ghana,Egypt,Ghana,24,11,11,7,6,33,28,8,4,2,2,2024-01-18,African Cup of Nations,Egypt 2-2 Ghana,D,https://raw.githubusercontent.com/martj42/international_results/master/results.csv
Egypt||Haiti,Egypt,Haiti,0,0,0,0,0,0,0,0,0,0,0,,,,,https://raw.githubusercontent.com/martj42/international_results/master/results.csv
Egypt||IR Iran,Egypt,IR Iran,1,0,0,1,0,1,1,0,0,0,0,2000-06-07,Friendly,IR Iran 1-1 Egypt,D,https://raw.githubusercontent.com/martj42/international_results/master/results.csv
Egypt||Iraq,Egypt,Iraq,9,5,3,4,2,8,5,1,0,1,0,2012-04-17,Friendly,Egypt 0-0 Iraq,D,https://raw.githubusercontent.com/martj42/international_results/master/results.csv
Egypt||Japan,Egypt,Japan,2,0,0,0,2,1,5,0,0,0,0,2007-10-17,Friendly,Japan 4-1 Egypt,L,https://raw.githubusercontent.com/martj42/international_results/master/results.csv
Egypt||Jordan,Egypt,Jordan,5,4,2,1,2,6,6,3,1,0,2,2025-12-09,Arab Cup,Egypt 0-3 Jordan,L,https://raw.githubusercontent.com/martj42/international_results/master/results.csv
Egypt||Korea Republic,Egypt,Korea Republic,17,10,4,7,6,11,18,1,0,0,1,2022-06-14,Friendly,Korea Republic 4-1 Egypt,L,https://raw.githubusercontent.com/martj42/international_results/master/results.csv
Egypt||Mexico,Egypt,Mexico,4,3,1,1,2,4,8,0,0,0,0,1999-07-27,Confederations Cup,Mexico 2-2 Egypt,D,https://raw.githubusercontent.com/martj42/international_results/master/results.csv
Egypt||Morocco,Egypt,Morocco,22,20,4,9,9,10,20,2,2,0,0,2022-01-30,African Cup of Nations,Egypt 2-1 Morocco,W,https://raw.githubusercontent.com/martj42/international_results/master/results.csv
Egypt||Netherlands,Egypt,Netherlands,3,1,1,2,0,4,3,0,0,0,0,1990-06-12,FIFA World Cup,Netherlands 1-1 Egypt,D,https://raw.githubusercontent.com/martj42/international_results/master/results.csv
Egypt||New Zealand,Egypt,New Zealand,3,1,2,1,0,3,1,1,1,0,0,2024-03-22,FIFA Series,Egypt 1-0 New Zealand,W,https://raw.githubusercontent.com/martj42/international_results/master/results.csv
Egypt||Norway,Egypt,Norway,6,0,0,3,3,2,7,0,0,0,0,1998-11-18,Friendly,Egypt 1-1 Norway,D,https://raw.githubusercontent.com/martj42/international_results/master/results.csv
Egypt||Panama,Egypt,Panama,0,0,0,0,0,0,0,0,0,0,0,,,,,https://raw.githubusercontent.com/martj42/international_results/master/results.csv
Egypt||Paraguay,Egypt,Paraguay,0,0,0,0,0,0,0,0,0,0,0,,,,,https://raw.githubusercontent.com/martj42/international_results/master/results.csv
Egypt||Portugal,Egypt,Portugal,4,1,1,0,3,3,9,1,0,0,1,2018-03-23,Friendly,Portugal 2-1 Egypt,L,https://raw.githubusercontent.com/martj42/international_results/master/results.csv
Egypt||Qatar,Egypt,Qatar,8,1,4,2,2,15,7,4,1,1,2,2021-12-18,Arab Cup,Qatar 0-0 Egypt,D,https://raw.githubusercontent.com/martj42/international_results/master/results.csv
Egypt||Saudi Arabia,Egypt,Saudi Arabia,8,4,5,1,2,19,10,2,1,0,1,2026-03-27,Friendly,Saudi Arabia 0-4 Egypt,W,https://raw.githubusercontent.com/martj42/international_results/master/results.csv
Egypt||Scotland,Egypt,Scotland,1,0,1,0,0,3,1,0,0,0,0,1990-05-16,Friendly,Scotland 1-3 Egypt,W,https://raw.githubusercontent.com/martj42/international_results/master/results.csv
Egypt||Senegal,Egypt,Senegal,16,14,8,2,6,13,10,6,1,1,4,2026-01-14,African Cup of Nations,Senegal 1-0 Egypt,L,https://raw.githubusercontent.com/martj42/international_results/master/results.csv
Egypt||South Africa,Egypt,South Africa,13,7,5,1,7,9,11,5,1,1,3,2025-12-26,African Cup of Nations,Egypt 1-0 South Africa,W,https://raw.githubusercontent.com/martj42/international_results/master/results.csv
Egypt||Spain,Egypt,Spain,2,0,0,1,1,0,2,1,0,1,0,2026-03-31,Friendly,Spain 0-0 Egypt,D,https://raw.githubusercontent.com/martj42/international_results/master/results.csv
Egypt||Sweden,Egypt,Sweden,4,1,2,0,2,3,10,0,0,0,0,2007-02-07,Friendly,Egypt 2-0 Sweden,W,https://raw.githubusercontent.com/martj42/international_results/master/results.csv
Egypt||Switzerland,Egypt,Switzerland,1,0,0,0,1,1,3,0,0,0,0,1988-12-14,Friendly,Egypt 1-3 Switzerland,L,https://raw.githubusercontent.com/martj42/international_results/master/results.csv
Egypt||Tunisia,Egypt,Tunisia,31,21,9,7,15,28,39,8,2,0,6,2023-09-12,Friendly,Egypt 1-3 Tunisia,L,https://raw.githubusercontent.com/martj42/international_results/master/results.csv
Egypt||Türkiye,Egypt,Türkiye,4,1,2,0,2,10,5,0,0,0,0,1984-01-22,Friendly,Egypt 0-1 Türkiye,L,https://raw.githubusercontent.com/martj42/international_results/master/results.csv
Egypt||USA,Egypt,USA,2,2,1,0,1,3,4,0,0,0,0,2009-06-21,Confederations Cup,Egypt 0-3 USA,L,https://raw.githubusercontent.com/martj42/international_results/master/results.csv
Egypt||Uruguay,Egypt,Uruguay,2,1,0,0,2,0,3,1,0,0,1,2018-06-15,FIFA World Cup,Egypt 0-1 Uruguay,L,https://raw.githubusercontent.com/martj42/international_results/master/results.csv
Egypt||Uzbekistan,Egypt,Uzbekistan,1,1,0,0,1,0,2,1,0,0,1,2025-11-14,Al Ain International Cup,Uzbekistan 2-0 Egypt,L,https://raw.githubusercontent.com/martj42/international_results/master/results.csv
England||France,England,France,34,9,17,6,11,75,45,5,1,1,3,2022-12-10,FIFA World Cup,England 1-2 France,L,https://raw.githubusercontent.com/martj42/international_results/master/results.csv
England||Germany,England,Germany,35,15,14,8,13,57,46,8,2,3,3,2022-09-26,UEFA Nations League,England 3-3 Germany,D,https://raw.githubusercontent.com/martj42/international_results/master/results.csv
England||Ghana,England,Ghana,1,0,0,1,0,1,1,1,0,1,0,2011-03-29,Friendly,England 1-1 Ghana,D,https://raw.githubusercontent.com/martj42/international_results/master/results.csv
England||Haiti,England,Haiti,0,0,0,0,0,0,0,0,0,0,0,,,,,https://raw.githubusercontent.com/martj42/international_results/master/results.csv
England||IR Iran,England,IR Iran,1,1,1,0,0,6,2,1,1,0,0,2022-11-21,FIFA World Cup,England 6-2 IR Iran,W,https://raw.githubusercontent.com/martj42/international_results/master/results.csv
England||Iraq,England,Iraq,0,0,0,0,0,0,0,0,0,0,0,,,,,https://raw.githubusercontent.com/martj42/international_results/master/results.csv
England||Japan,England,Japan,4,0,2,1,1,5,4,2,1,0,1,2026-03-31,Friendly,England 0-1 Japan,L,https://raw.githubusercontent.com/martj42/international_results/master/results.csv
England||Jordan,England,Jordan,0,0,0,0,0,0,0,0,0,0,0,,,,,https://raw.githubusercontent.com/martj42/international_results/master/results.csv
England||Korea Republic,England,Korea Republic,1,0,0,1,0,1,1,0,0,0,0,2002-05-21,Friendly,Korea Republic 1-1 England,D,https://raw.githubusercontent.com/martj42/international_results/master/results.csv
England||Mexico,England,Mexico,10,1,7,1,2,27,4,1,1,0,0,2010-05-24,Friendly,England 3-1 Mexico,W,https://raw.githubusercontent.com/martj42/international_results/master/results.csv
England||Morocco,England,Morocco,2,2,1,1,0,1,0,0,0,0,0,1998-05-27,King Hassan II Tournament,Morocco 0-1 England,W,https://raw.githubusercontent.com/martj42/international_results/master/results.csv
England||Netherlands,England,Netherlands,23,7,7,9,7,33,30,5,2,0,3,2024-07-10,UEFA Euro,Netherlands 1-2 England,W,https://raw.githubusercontent.com/martj42/international_results/master/results.csv
England||New Zealand,England,New Zealand,3,0,3,0,0,4,0,1,1,0,0,2026-06-06,Friendly,England 1-0 New Zealand,W,https://raw.githubusercontent.com/martj42/international_results/master/results.csv
England||Norway,England,Norway,12,4,7,3,2,28,7,2,2,0,0,2014-09-03,Friendly,England 1-0 Norway,W,https://raw.githubusercontent.com/martj42/international_results/master/results.csv
England||Panama,England,Panama,1,1,1,0,0,6,1,1,1,0,0,2018-06-24,FIFA World Cup,England 6-1 Panama,W,https://raw.githubusercontent.com/martj42/international_results/master/results.csv
England||Paraguay,England,Paraguay,3,2,3,0,0,8,0,0,0,0,0,2006-06-10,FIFA World Cup,England 1-0 Paraguay,W,https://raw.githubusercontent.com/martj42/international_results/master/results.csv
England||Portugal,England,Portugal,23,9,10,10,3,46,25,1,1,0,0,2016-06-02,Friendly,England 1-0 Portugal,W,https://raw.githubusercontent.com/martj42/international_results/master/results.csv
England||Qatar,England,Qatar,0,0,0,0,0,0,0,0,0,0,0,,,,,https://raw.githubusercontent.com/martj42/international_results/master/results.csv
England||Saudi Arabia,England,Saudi Arabia,2,0,0,2,0,1,1,0,0,0,0,1998-05-23,Friendly,England 0-0 Saudi Arabia,D,https://raw.githubusercontent.com/martj42/international_results/master/results.csv
England||Scotland,England,Scotland,118,100,49,27,42,208,178,6,4,2,0,2023-09-12,Friendly,Scotland 1-3 England,W,https://raw.githubusercontent.com/martj42/international_results/master/results.csv
England||Senegal,England,Senegal,2,1,1,0,1,4,3,2,1,0,1,2025-06-10,Friendly,England 1-3 Senegal,L,https://raw.githubusercontent.com/martj42/international_results/master/results.csv
England||South Africa,England,South Africa,2,0,2,0,0,4,2,0,0,0,0,2003-05-22,Friendly,South Africa 1-2 England,W,https://raw.githubusercontent.com/martj42/international_results/master/results.csv
England||Spain,England,Spain,28,9,13,4,11,46,34,6,2,1,3,2024-07-14,UEFA Euro,Spain 2-1 England,L,https://raw.githubusercontent.com/martj42/international_results/master/results.csv
England||Sweden,England,Sweden,25,9,9,9,7,40,32,4,3,0,1,2018-07-07,FIFA World Cup,Sweden 0-2 England,W,https://raw.githubusercontent.com/martj42/international_results/master/results.csv
England||Switzerland,England,Switzerland,30,13,19,7,4,65,25,8,5,3,0,2024-07-06,UEFA Euro,England 1-1 Switzerland,D,https://raw.githubusercontent.com/martj42/international_results/master/results.csv
England||Tunisia,England,Tunisia,3,2,2,1,0,5,2,1,1,0,0,2018-06-18,FIFA World Cup,Tunisia 1-2 England,W,https://raw.githubusercontent.com/martj42/international_results/master/results.csv
England||Türkiye,England,Türkiye,11,10,9,2,0,33,1,1,1,0,0,2016-05-22,Friendly,England 2-1 Türkiye,W,https://raw.githubusercontent.com/martj42/international_results/master/results.csv
England||USA,England,USA,12,4,8,2,2,39,9,3,1,2,0,2022-11-25,FIFA World Cup,England 0-0 USA,D,https://raw.githubusercontent.com/martj42/international_results/master/results.csv
England||Uruguay,England,Uruguay,12,3,3,4,5,12,16,2,0,1,1,2026-03-27,Friendly,England 1-1 Uruguay,D,https://raw.githubusercontent.com/martj42/international_results/master/results.csv
England||Uzbekistan,England,Uzbekistan,0,0,0,0,0,0,0,0,0,0,0,,,,,https://raw.githubusercontent.com/martj42/international_results/master/results.csv
France||Germany,France,Germany,35,9,16,8,11,53,50,12,6,2,4,2025-06-08,UEFA Nations League,Germany 0-2 France,W,https://raw.githubusercontent.com/martj42/international_results/master/results.csv
France||Ghana,France,Ghana,0,0,0,0,0,0,0,0,0,0,0,,,,,https://raw.githubusercontent.com/martj42/international_results/master/results.csv
France||Haiti,France,Haiti,0,0,0,0,0,0,0,0,0,0,0,,,,,https://raw.githubusercontent.com/martj42/international_results/master/results.csv
France||IR Iran,France,IR Iran,1,0,1,0,0,2,1,0,0,0,0,1978-05-11,Friendly,France 2-1 IR Iran,W,https://raw.githubusercontent.com/martj42/international_results/master/results.csv
France||Iraq,France,Iraq,0,0,0,0,0,0,0,0,0,0,0,,,,,https://raw.githubusercontent.com/martj42/international_results/master/results.csv
France||Japan,France,Japan,6,4,4,1,1,14,5,1,0,0,1,2012-10-12,Friendly,France 0-1 Japan,L,https://raw.githubusercontent.com/martj42/international_results/master/results.csv
France||Jordan,France,Jordan,0,0,0,0,0,0,0,0,0,0,0,,,,,https://raw.githubusercontent.com/martj42/international_results/master/results.csv
France||Korea Republic,France,Korea Republic,3,2,2,1,0,9,3,0,0,0,0,2006-06-18,FIFA World Cup,France 1-1 Korea Republic,D,https://raw.githubusercontent.com/martj42/international_results/master/results.csv
France||Mexico,France,Mexico,7,5,5,1,1,15,6,1,0,0,1,2010-06-17,FIFA World Cup,France 0-2 Mexico,L,https://raw.githubusercontent.com/martj42/international_results/master/results.csv
France||Morocco,France,Morocco,6,4,4,2,0,14,6,1,1,0,0,2022-12-14,FIFA World Cup,France 2-0 Morocco,W,https://raw.githubusercontent.com/martj42/international_results/master/results.csv
France||Netherlands,France,Netherlands,31,12,15,5,11,53,57,9,7,1,1,2024-06-21,UEFA Euro,Netherlands 0-0 France,D,https://raw.githubusercontent.com/martj42/international_results/master/results.csv
France||New Zealand,France,New Zealand,1,1,1,0,0,5,0,0,0,0,0,2003-06-22,Confederations Cup,France 5-0 New Zealand,W,https://raw.githubusercontent.com/martj42/international_results/master/results.csv
France||Norway,France,Norway,16,10,7,4,5,22,22,2,1,0,1,2014-05-27,Friendly,France 4-0 Norway,W,https://raw.githubusercontent.com/martj42/international_results/master/results.csv
France||Panama,France,Panama,0,0,0,0,0,0,0,0,0,0,0,,,,,https://raw.githubusercontent.com/martj42/international_results/master/results.csv
France||Paraguay,France,Paraguay,5,2,3,2,0,14,4,2,1,1,0,2017-06-02,Friendly,France 5-0 Paraguay,W,https://raw.githubusercontent.com/martj42/international_results/master/results.csv
France||Portugal,France,Portugal,27,8,17,4,6,48,29,7,3,3,1,2024-07-05,UEFA Euro,Portugal 0-0 France,D,https://raw.githubusercontent.com/martj42/international_results/master/results.csv
France||Qatar,France,Qatar,0,0,0,0,0,0,0,0,0,0,0,,,,,https://raw.githubusercontent.com/martj42/international_results/master/results.csv
France||Saudi Arabia,France,Saudi Arabia,1,1,1,0,0,4,0,0,0,0,0,1998-06-18,FIFA World Cup,France 4-0 Saudi Arabia,W,https://raw.githubusercontent.com/martj42/international_results/master/results.csv
France||Scotland,France,Scotland,17,5,9,0,8,27,16,2,2,0,0,2023-10-17,Friendly,France 4-1 Scotland,W,https://raw.githubusercontent.com/martj42/international_results/master/results.csv
France||Senegal,France,Senegal,2,2,0,0,2,0,3,0,0,0,0,2002-05-31,FIFA World Cup,France 0-1 Senegal,L,https://raw.githubusercontent.com/martj42/international_results/master/results.csv
France||South Africa,France,South Africa,5,2,3,1,1,11,3,2,1,0,1,2022-03-29,Friendly,France 5-0 South Africa,W,https://raw.githubusercontent.com/martj42/international_results/master/results.csv
France||Spain,France,Spain,38,12,13,7,18,44,71,9,2,1,6,2025-06-05,UEFA Nations League,Spain 5-4 France,L,https://raw.githubusercontent.com/martj42/international_results/master/results.csv
France||Sweden,France,Sweden,23,12,12,5,6,34,23,6,4,0,2,2020-11-17,UEFA Nations League,France 4-2 Sweden,W,https://raw.githubusercontent.com/martj42/international_results/master/results.csv
France||Switzerland,France,Switzerland,39,8,16,11,12,70,63,3,1,2,0,2021-06-28,UEFA Euro,France 3-3 Switzerland,D,https://raw.githubusercontent.com/martj42/international_results/master/results.csv
France||Tunisia,France,Tunisia,5,1,2,2,1,7,4,2,0,1,1,2022-11-30,FIFA World Cup,Tunisia 1-0 France,L,https://raw.githubusercontent.com/martj42/international_results/master/results.csv
France||Türkiye,France,Türkiye,6,3,4,1,1,13,5,2,0,1,1,2019-10-14,UEFA Euro qualification,France 1-1 Türkiye,D,https://raw.githubusercontent.com/martj42/international_results/master/results.csv
France||USA,France,USA,4,0,3,1,0,11,1,2,1,1,0,2018-06-09,Friendly,France 1-1 USA,D,https://raw.githubusercontent.com/martj42/international_results/master/results.csv
France||Uruguay,France,Uruguay,10,6,3,4,3,7,8,5,2,2,1,2018-11-20,Friendly,France 1-0 Uruguay,W,https://raw.githubusercontent.com/martj42/international_results/master/results.csv
France||Uzbekistan,France,Uzbekistan,0,0,0,0,0,0,0,0,0,0,0,,,,,https://raw.githubusercontent.com/martj42/international_results/master/results.csv
Germany||Ghana,Germany,Ghana,4,2,3,1,0,11,4,3,2,1,0,2026-03-30,Friendly,Germany 2-1 Ghana,W,https://raw.githubusercontent.com/martj42/international_results/master/results.csv
Germany||Haiti,Germany,Haiti,0,0,0,0,0,0,0,0,0,0,0,,,,,https://raw.githubusercontent.com/martj42/international_results/master/results.csv
Germany||IR Iran,Germany,IR Iran,2,1,2,0,0,4,0,0,0,0,0,2004-10-09,Friendly,IR Iran 0-2 Germany,W,https://raw.githubusercontent.com/martj42/international_results/master/results.csv
Germany||Iraq,Germany,Iraq,0,0,0,0,0,0,0,0,0,0,0,,,,,https://raw.githubusercontent.com/martj42/international_results/master/results.csv
Germany||Japan,Germany,Japan,4,1,1,1,2,7,8,2,0,0,2,2023-09-09,Friendly,Germany 1-4 Japan,L,https://raw.githubusercontent.com/martj42/international_results/master/results.csv
Germany||Jordan,Germany,Jordan,0,0,0,0,0,0,0,0,0,0,0,,,,,https://raw.githubusercontent.com/martj42/international_results/master/results.csv
Germany||Korea Republic,Germany,Korea Republic,4,3,2,0,2,5,7,1,0,0,1,2018-06-27,FIFA World Cup,Korea Republic 2-0 Germany,L,https://raw.githubusercontent.com/martj42/international_results/master/results.csv
Germany||Mexico,Germany,Mexico,13,6,5,6,2,26,13,3,1,1,1,2023-10-17,Friendly,Mexico 2-2 Germany,D,https://raw.githubusercontent.com/martj42/international_results/master/results.csv
Germany||Morocco,Germany,Morocco,4,2,4,0,0,12,3,0,0,0,0,1986-06-17,FIFA World Cup,Morocco 0-1 Germany,W,https://raw.githubusercontent.com/martj42/international_results/master/results.csv
Germany||Netherlands,Germany,Netherlands,48,16,18,18,12,90,79,11,5,4,2,2024-10-14,UEFA Nations League,Germany 1-0 Netherlands,W,https://raw.githubusercontent.com/martj42/international_results/master/results.csv
Germany||New Zealand,Germany,New Zealand,1,1,1,0,0,2,0,0,0,0,0,1999-07-28,Confederations Cup,Germany 2-0 New Zealand,W,https://raw.githubusercontent.com/martj42/international_results/master/results.csv
Germany||Norway,Germany,Norway,21,4,15,5,1,59,15,2,2,0,0,2017-09-04,FIFA World Cup qualification,Germany 6-0 Norway,W,https://raw.githubusercontent.com/martj42/international_results/master/results.csv
Germany||Panama,Germany,Panama,0,0,0,0,0,0,0,0,0,0,0,,,,,https://raw.githubusercontent.com/martj42/international_results/master/results.csv
Germany||Paraguay,Germany,Paraguay,2,1,1,1,0,4,3,1,0,1,0,2013-08-14,Friendly,Germany 3-3 Paraguay,D,https://raw.githubusercontent.com/martj42/international_results/master/results.csv
Germany||Portugal,Germany,Portugal,20,12,11,5,4,34,20,4,3,0,1,2025-06-04,UEFA Nations League,Germany 1-2 Portugal,L,https://raw.githubusercontent.com/martj42/international_results/master/results.csv
Germany||Qatar,Germany,Qatar,0,0,0,0,0,0,0,0,0,0,0,,,,,https://raw.githubusercontent.com/martj42/international_results/master/results.csv
Germany||Saudi Arabia,Germany,Saudi Arabia,3,1,3,0,0,13,1,1,1,0,0,2018-06-08,Friendly,Germany 2-1 Saudi Arabia,W,https://raw.githubusercontent.com/martj42/international_results/master/results.csv
Germany||Scotland,Germany,Scotland,18,9,9,5,4,31,24,3,3,0,0,2024-06-14,UEFA Euro,Germany 5-1 Scotland,W,https://raw.githubusercontent.com/martj42/international_results/master/results.csv
Germany||Senegal,Germany,Senegal,0,0,0,0,0,0,0,0,0,0,0,,,,,https://raw.githubusercontent.com/martj42/international_results/master/results.csv
Germany||South Africa,Germany,South Africa,4,0,3,1,0,9,2,0,0,0,0,2009-09-05,Friendly,Germany 2-0 South Africa,W,https://raw.githubusercontent.com/martj42/international_results/master/results.csv
Germany||Spain,Germany,Spain,27,13,9,9,9,32,34,7,1,3,3,2024-07-05,UEFA Euro,Germany 1-2 Spain,L,https://raw.githubusercontent.com/martj42/international_results/master/results.csv
Germany||Sweden,Germany,Sweden,37,14,16,9,12,72,61,4,2,2,0,2018-06-23,FIFA World Cup,Germany 2-1 Sweden,W,https://raw.githubusercontent.com/martj42/international_results/master/results.csv
Germany||Switzerland,Germany,Switzerland,55,8,37,9,9,147,73,5,1,3,1,2026-03-27,Friendly,Switzerland 3-4 Germany,W,https://raw.githubusercontent.com/martj42/international_results/master/results.csv
Germany||Tunisia,Germany,Tunisia,3,2,1,2,0,4,1,0,0,0,0,2005-06-18,Confederations Cup,Germany 3-0 Tunisia,W,https://raw.githubusercontent.com/martj42/international_results/master/results.csv
Germany||Türkiye,Germany,Türkiye,22,13,14,4,4,54,19,4,2,1,1,2023-11-18,Friendly,Germany 2-3 Türkiye,L,https://raw.githubusercontent.com/martj42/international_results/master/results.csv
Germany||USA,Germany,USA,13,5,9,0,4,28,19,5,3,0,2,2026-06-06,Friendly,USA 1-2 Germany,W,https://raw.githubusercontent.com/martj42/international_results/master/results.csv
Germany||Uruguay,Germany,Uruguay,11,5,8,2,1,29,12,2,2,0,0,2011-05-29,Friendly,Germany 2-1 Uruguay,W,https://raw.githubusercontent.com/martj42/international_results/master/results.csv
Germany||Uzbekistan,Germany,Uzbekistan,0,0,0,0,0,0,0,0,0,0,0,,,,,https://raw.githubusercontent.com/martj42/international_results/master/results.csv
Ghana||Haiti,Ghana,Haiti,0,0,0,0,0,0,0,0,0,0,0,,,,,https://raw.githubusercontent.com/martj42/international_results/master/results.csv
Ghana||IR Iran,Ghana,IR Iran,2,0,0,0,2,0,5,0,0,0,0,1986-02-20,Friendly,IR Iran 2-0 Ghana,L,https://raw.githubusercontent.com/martj42/international_results/master/results.csv
Ghana||Iraq,Ghana,Iraq,2,0,0,1,1,2,6,0,0,0,0,1981-08-24,Friendly,Iraq 2-2 Ghana,D,https://raw.githubusercontent.com/martj42/international_results/master/results.csv
Ghana||Japan,Ghana,Japan,8,2,2,0,6,11,18,4,1,0,3,2025-11-14,Kirin Cup,Japan 2-0 Ghana,L,https://raw.githubusercontent.com/martj42/international_results/master/results.csv
Ghana||Jordan,Ghana,Jordan,0,0,0,0,0,0,0,0,0,0,0,,,,,https://raw.githubusercontent.com/martj42/international_results/master/results.csv
Ghana||Korea Republic,Ghana,Korea Republic,8,3,4,0,4,14,11,4,2,0,2,2025-11-18,Friendly,Korea Republic 1-0 Ghana,L,https://raw.githubusercontent.com/martj42/international_results/master/results.csv
Ghana||Mexico,Ghana,Mexico,4,0,0,0,4,1,7,2,0,0,2,2026-05-22,Friendly,Mexico 2-0 Ghana,L,https://raw.githubusercontent.com/martj42/international_results/master/results.csv
Ghana||Morocco,Ghana,Morocco,12,10,3,3,6,8,9,2,0,0,2,2022-01-10,African Cup of Nations,Morocco 1-0 Ghana,L,https://raw.githubusercontent.com/martj42/international_results/master/results.csv
Ghana||Netherlands,Ghana,Netherlands,3,0,0,1,2,1,5,2,0,0,2,2014-05-31,Friendly,Netherlands 1-0 Ghana,L,https://raw.githubusercontent.com/martj42/international_results/master/results.csv
Ghana||New Zealand,Ghana,New Zealand,1,1,0,0,1,0,2,0,0,0,0,1983-06-07,Korea Cup,Ghana 0-2 New Zealand,L,https://raw.githubusercontent.com/martj42/international_results/master/results.csv
Ghana||Norway,Ghana,Norway,1,0,0,0,1,2,3,0,0,0,0,1995-05-25,Friendly,Norway 3-2 Ghana,L,https://raw.githubusercontent.com/martj42/international_results/master/results.csv
Ghana||Panama,Ghana,Panama,0,0,0,0,0,0,0,0,0,0,0,,,,,https://raw.githubusercontent.com/martj42/international_results/master/results.csv
Ghana||Paraguay,Ghana,Paraguay,0,0,0,0,0,0,0,0,0,0,0,,,,,https://raw.githubusercontent.com/martj42/international_results/master/results.csv
Ghana||Portugal,Ghana,Portugal,2,2,0,0,2,3,5,2,0,0,2,2022-11-24,FIFA World Cup,Portugal 3-2 Ghana,L,https://raw.githubusercontent.com/martj42/international_results/master/results.csv
Ghana||Qatar,Ghana,Qatar,1,0,1,0,0,5,1,1,1,0,0,2020-10-12,Friendly,Ghana 5-1 Qatar,W,https://raw.githubusercontent.com/martj42/international_results/master/results.csv
Ghana||Saudi Arabia,Ghana,Saudi Arabia,5,0,2,2,1,7,7,2,1,1,0,2017-10-10,Friendly,Saudi Arabia 0-3 Ghana,W,https://raw.githubusercontent.com/martj42/international_results/master/results.csv
Ghana||Scotland,Ghana,Scotland,0,0,0,0,0,0,0,0,0,0,0,,,,,https://raw.githubusercontent.com/martj42/international_results/master/results.csv
Ghana||Senegal,Ghana,Senegal,13,7,4,5,4,16,15,2,0,0,2,2015-03-28,Friendly,Ghana 1-2 Senegal,L,https://raw.githubusercontent.com/martj42/international_results/master/results.csv
Ghana||South Africa,Ghana,South Africa,15,11,5,5,5,13,11,8,3,3,2,2021-11-14,FIFA World Cup qualification,Ghana 1-0 South Africa,W,https://raw.githubusercontent.com/martj42/international_results/master/results.csv
Ghana||Spain,Ghana,Spain,0,0,0,0,0,0,0,0,0,0,0,,,,,https://raw.githubusercontent.com/martj42/international_results/master/results.csv
Ghana||Sweden,Ghana,Sweden,0,0,0,0,0,0,0,0,0,0,0,,,,,https://raw.githubusercontent.com/martj42/international_results/master/results.csv
Ghana||Switzerland,Ghana,Switzerland,1,0,1,0,0,2,0,1,1,0,0,2022-11-17,Friendly,Switzerland 0-2 Ghana,W,https://raw.githubusercontent.com/martj42/international_results/master/results.csv
Ghana||Tunisia,Ghana,Tunisia,17,8,9,5,3,26,18,3,2,1,0,2019-07-08,African Cup of Nations,Ghana 1-1 Tunisia,D,https://raw.githubusercontent.com/martj42/international_results/master/results.csv
Ghana||Türkiye,Ghana,Türkiye,2,0,0,2,0,3,3,1,0,1,0,2013-08-14,Friendly,Türkiye 2-2 Ghana,D,https://raw.githubusercontent.com/martj42/international_results/master/results.csv
Ghana||USA,Ghana,USA,5,3,2,0,3,6,10,4,1,0,3,2023-10-17,Friendly,USA 4-0 Ghana,L,https://raw.githubusercontent.com/martj42/international_results/master/results.csv
Ghana||Uruguay,Ghana,Uruguay,2,2,0,1,1,1,3,2,0,1,1,2022-12-02,FIFA World Cup,Ghana 0-2 Uruguay,L,https://raw.githubusercontent.com/martj42/international_results/master/results.csv
Ghana||Uzbekistan,Ghana,Uzbekistan,0,0,0,0,0,0,0,0,0,0,0,,,,,https://raw.githubusercontent.com/martj42/international_results/master/results.csv
Haiti||IR Iran,Haiti,IR Iran,0,0,0,0,0,0,0,0,0,0,0,,,,,https://raw.githubusercontent.com/martj42/international_results/master/results.csv
Haiti||Iraq,Haiti,Iraq,0,0,0,0,0,0,0,0,0,0,0,,,,,https://raw.githubusercontent.com/martj42/international_results/master/results.csv
Haiti||Japan,Haiti,Japan,1,1,0,1,0,3,3,1,0,1,0,2017-10-10,Kirin Challenge Cup,Japan 3-3 Haiti,D,https://raw.githubusercontent.com/martj42/international_results/master/results.csv
Haiti||Jordan,Haiti,Jordan,1,0,1,0,0,2,0,1,1,0,0,2021-09-04,Friendly,Haiti 2-0 Jordan,W,https://raw.githubusercontent.com/martj42/international_results/master/results.csv
Haiti||Korea Republic,Haiti,Korea Republic,1,0,0,0,1,1,4,1,0,0,1,2013-09-06,Friendly,Korea Republic 4-1 Haiti,L,https://raw.githubusercontent.com/martj42/international_results/master/results.csv
Haiti||Mexico,Haiti,Mexico,11,11,0,2,9,3,30,2,0,0,2,2023-06-29,Gold Cup,Haiti 1-3 Mexico,L,https://raw.githubusercontent.com/martj42/international_results/master/results.csv
Haiti||Morocco,Haiti,Morocco,0,0,0,0,0,0,0,0,0,0,0,,,,,https://raw.githubusercontent.com/martj42/international_results/master/results.csv
Haiti||Netherlands,Haiti,Netherlands,0,0,0,0,0,0,0,0,0,0,0,,,,,https://raw.githubusercontent.com/martj42/international_results/master/results.csv
Haiti||New Zealand,Haiti,New Zealand,1,0,1,0,0,4,0,1,1,0,0,2026-06-02,Friendly,Haiti 4-0 New Zealand,W,https://raw.githubusercontent.com/martj42/international_results/master/results.csv
Haiti||Norway,Haiti,Norway,0,0,0,0,0,0,0,0,0,0,0,,,,,https://raw.githubusercontent.com/martj42/international_results/master/results.csv
Haiti||Panama,Haiti,Panama,19,4,8,7,4,25,18,3,0,2,1,2016-03-29,FIFA World Cup qualification,Panama 1-0 Haiti,L,https://raw.githubusercontent.com/martj42/international_results/master/results.csv
Haiti||Paraguay,Haiti,Paraguay,0,0,0,0,0,0,0,0,0,0,0,,,,,https://raw.githubusercontent.com/martj42/international_results/master/results.csv
Haiti||Portugal,Haiti,Portugal,0,0,0,0,0,0,0,0,0,0,0,,,,,https://raw.githubusercontent.com/martj42/international_results/master/results.csv
Haiti||Qatar,Haiti,Qatar,2,1,2,0,0,3,1,2,2,0,0,2023-06-25,Gold Cup,Haiti 2-1 Qatar,W,https://raw.githubusercontent.com/martj42/international_results/master/results.csv
Haiti||Saudi Arabia,Haiti,Saudi Arabia,1,1,0,0,1,0,1,1,0,0,1,2025-06-15,Gold Cup,Haiti 0-1 Saudi Arabia,L,https://raw.githubusercontent.com/martj42/international_results/master/results.csv
Haiti||Scotland,Haiti,Scotland,0,0,0,0,0,0,0,0,0,0,0,,,,,https://raw.githubusercontent.com/martj42/international_results/master/results.csv
Haiti||Senegal,Haiti,Senegal,0,0,0,0,0,0,0,0,0,0,0,,,,,https://raw.githubusercontent.com/martj42/international_results/master/results.csv
Haiti||South Africa,Haiti,South Africa,0,0,0,0,0,0,0,0,0,0,0,,,,,https://raw.githubusercontent.com/martj42/international_results/master/results.csv
Haiti||Spain,Haiti,Spain,1,0,0,0,1,1,2,1,0,0,1,2013-06-08,Friendly,Haiti 1-2 Spain,L,https://raw.githubusercontent.com/martj42/international_results/master/results.csv
Haiti||Sweden,Haiti,Sweden,0,0,0,0,0,0,0,0,0,0,0,,,,,https://raw.githubusercontent.com/martj42/international_results/master/results.csv
Haiti||Switzerland,Haiti,Switzerland,0,0,0,0,0,0,0,0,0,0,0,,,,,https://raw.githubusercontent.com/martj42/international_results/master/results.csv
Haiti||Tunisia,Haiti,Tunisia,1,0,0,0,1,0,1,1,0,0,1,2026-03-28,Friendly,Haiti 0-1 Tunisia,L,https://raw.githubusercontent.com/martj42/international_results/master/results.csv
Haiti||Türkiye,Haiti,Türkiye,0,0,0,0,0,0,0,0,0,0,0,,,,,https://raw.githubusercontent.com/martj42/international_results/master/results.csv
Haiti||USA,Haiti,USA,19,9,6,5,8,20,26,3,0,0,3,2025-06-22,Gold Cup,USA 2-1 Haiti,L,https://raw.githubusercontent.com/martj42/international_results/master/results.csv
Haiti||Uruguay,Haiti,Uruguay,3,0,0,2,1,0,1,0,0,0,0,1974-03-25,Friendly,Haiti 0-0 Uruguay,D,https://raw.githubusercontent.com/martj42/international_results/master/results.csv
Haiti||Uzbekistan,Haiti,Uzbekistan,0,0,0,0,0,0,0,0,0,0,0,,,,,https://raw.githubusercontent.com/martj42/international_results/master/results.csv
IR Iran||Iraq,IR Iran,Iraq,26,20,16,5,5,35,18,10,6,2,2,2022-01-27,FIFA World Cup qualification,IR Iran 1-0 Iraq,W,https://raw.githubusercontent.com/martj42/international_results/master/results.csv
IR Iran||Japan,IR Iran,Japan,19,16,7,6,6,21,22,3,1,1,1,2024-02-03,AFC Asian Cup,IR Iran 2-1 Japan,W,https://raw.githubusercontent.com/martj42/international_results/master/results.csv
IR Iran||Jordan,IR Iran,Jordan,13,10,6,3,4,15,10,2,0,2,0,2012-09-05,Friendly,Jordan 0-0 IR Iran,D,https://raw.githubusercontent.com/martj42/international_results/master/results.csv
IR Iran||Korea Republic,IR Iran,Korea Republic,33,26,13,10,10,34,36,10,5,3,2,2022-03-24,FIFA World Cup qualification,Korea Republic 2-0 IR Iran,L,https://raw.githubusercontent.com/martj42/international_results/master/results.csv
IR Iran||Mexico,IR Iran,Mexico,3,1,0,0,3,2,9,0,0,0,0,2007-06-02,Friendly,Mexico 4-0 IR Iran,L,https://raw.githubusercontent.com/martj42/international_results/master/results.csv
IR Iran||Morocco,IR Iran,Morocco,3,2,1,2,0,3,2,1,1,0,0,2018-06-15,FIFA World Cup,Morocco 0-1 IR Iran,W,https://raw.githubusercontent.com/martj42/international_results/master/results.csv
IR Iran||Netherlands,IR Iran,Netherlands,1,1,0,0,1,0,3,0,0,0,0,1978-06-03,FIFA World Cup,IR Iran 0-3 Netherlands,L,https://raw.githubusercontent.com/martj42/international_results/master/results.csv
IR Iran||New Zealand,IR Iran,New Zealand,2,0,1,1,0,3,0,0,0,0,0,2003-10-12,Friendly,IR Iran 3-0 New Zealand,W,https://raw.githubusercontent.com/martj42/international_results/master/results.csv
IR Iran||Norway,IR Iran,Norway,0,0,0,0,0,0,0,0,0,0,0,,,,,https://raw.githubusercontent.com/martj42/international_results/master/results.csv
IR Iran||Panama,IR Iran,Panama,2,0,2,0,0,3,1,1,1,0,0,2017-11-09,Friendly,IR Iran 2-1 Panama,W,https://raw.githubusercontent.com/martj42/international_results/master/results.csv
IR Iran||Paraguay,IR Iran,Paraguay,1,0,0,1,0,1,1,0,0,0,0,2002-09-19,Friendly,IR Iran 1-1 Paraguay,D,https://raw.githubusercontent.com/martj42/international_results/master/results.csv
IR Iran||Portugal,IR Iran,Portugal,3,3,0,1,2,1,6,1,0,1,0,2018-06-25,FIFA World Cup,IR Iran 1-1 Portugal,D,https://raw.githubusercontent.com/martj42/international_results/master/results.csv
IR Iran||Qatar,IR Iran,Qatar,25,16,16,4,5,43,21,11,6,3,2,2025-06-05,FIFA World Cup qualification,Qatar 1-0 IR Iran,L,https://raw.githubusercontent.com/martj42/international_results/master/results.csv
IR Iran||Saudi Arabia,IR Iran,Saudi Arabia,14,14,4,6,4,19,13,1,0,1,0,2012-12-09,WAFF Championship,IR Iran 0-0 Saudi Arabia,D,https://raw.githubusercontent.com/martj42/international_results/master/results.csv
IR Iran||Scotland,IR Iran,Scotland,1,1,0,1,0,1,1,0,0,0,0,1978-06-07,FIFA World Cup,IR Iran 1-1 Scotland,D,https://raw.githubusercontent.com/martj42/international_results/master/results.csv
IR Iran||Senegal,IR Iran,Senegal,2,0,0,2,0,2,2,1,0,1,0,2022-09-27,Friendly,IR Iran 1-1 Senegal,D,https://raw.githubusercontent.com/martj42/international_results/master/results.csv
IR Iran||South Africa,IR Iran,South Africa,0,0,0,0,0,0,0,0,0,0,0,,,,,https://raw.githubusercontent.com/martj42/international_results/master/results.csv
IR Iran||Spain,IR Iran,Spain,1,1,0,0,1,0,1,1,0,0,1,2018-06-20,FIFA World Cup,IR Iran 0-1 Spain,L,https://raw.githubusercontent.com/martj42/international_results/master/results.csv
IR Iran||Sweden,IR Iran,Sweden,1,0,0,0,1,1,3,1,0,0,1,2015-03-31,Friendly,Sweden 3-1 IR Iran,L,https://raw.githubusercontent.com/martj42/international_results/master/results.csv
IR Iran||Switzerland,IR Iran,Switzerland,0,0,0,0,0,0,0,0,0,0,0,,,,,https://raw.githubusercontent.com/martj42/international_results/master/results.csv
IR Iran||Tunisia,IR Iran,Tunisia,3,0,0,1,2,2,5,3,0,1,2,2022-11-16,Friendly,IR Iran 0-2 Tunisia,L,https://raw.githubusercontent.com/martj42/international_results/master/results.csv
IR Iran||Türkiye,IR Iran,Türkiye,12,0,1,4,7,8,22,1,0,0,1,2018-05-28,Friendly,Türkiye 2-1 IR Iran,L,https://raw.githubusercontent.com/martj42/international_results/master/results.csv
IR Iran||USA,IR Iran,USA,3,2,1,1,1,3,3,1,0,0,1,2022-11-29,FIFA World Cup,IR Iran 0-1 USA,L,https://raw.githubusercontent.com/martj42/international_results/master/results.csv
IR Iran||Uruguay,IR Iran,Uruguay,2,1,1,1,0,2,1,1,1,0,0,2022-09-23,Friendly,IR Iran 1-0 Uruguay,W,https://raw.githubusercontent.com/martj42/international_results/master/results.csv
IR Iran||Uzbekistan,IR Iran,Uzbekistan,17,12,10,6,1,20,7,14,8,5,1,2025-11-18,Al Ain International Cup,IR Iran 0-0 Uzbekistan,D,https://raw.githubusercontent.com/martj42/international_results/master/results.csv
Iraq||Japan,Iraq,Japan,13,12,3,3,7,10,19,7,1,1,5,2024-01-19,AFC Asian Cup,Iraq 2-1 Japan,W,https://raw.githubusercontent.com/martj42/international_results/master/results.csv
Iraq||Jordan,Iraq,Jordan,46,26,24,12,10,59,37,16,6,5,5,2025-12-12,Arab Cup,Jordan 1-0 Iraq,L,https://raw.githubusercontent.com/martj42/international_results/master/results.csv
Iraq||Korea Republic,Iraq,Korea Republic,24,15,1,12,11,15,32,7,0,2,5,2025-06-05,FIFA World Cup qualification,Iraq 0-2 Korea Republic,L,https://raw.githubusercontent.com/martj42/international_results/master/results.csv
Iraq||Mexico,Iraq,Mexico,2,1,0,0,2,0,5,1,0,0,1,2022-11-09,Friendly,Mexico 4-0 Iraq,L,https://raw.githubusercontent.com/martj42/international_results/master/results.csv
Iraq||Morocco,Iraq,Morocco,7,0,1,4,2,5,4,0,0,0,0,1981-03-08,Friendly,Morocco 1-1 Iraq,D,https://raw.githubusercontent.com/martj42/international_results/master/results.csv
Iraq||Netherlands,Iraq,Netherlands,0,0,0,0,0,0,0,0,0,0,0,,,,,https://raw.githubusercontent.com/martj42/international_results/master/results.csv
Iraq||New Zealand,Iraq,New Zealand,3,3,2,1,0,6,0,0,0,0,0,2009-06-20,Confederations Cup,Iraq 0-0 New Zealand,D,https://raw.githubusercontent.com/martj42/international_results/master/results.csv
Iraq||Norway,Iraq,Norway,0,0,0,0,0,0,0,0,0,0,0,,,,,https://raw.githubusercontent.com/martj42/international_results/master/results.csv
Iraq||Panama,Iraq,Panama,0,0,0,0,0,0,0,0,0,0,0,,,,,https://raw.githubusercontent.com/martj42/international_results/master/results.csv
Iraq||Paraguay,Iraq,Paraguay,1,1,0,0,1,0,1,0,0,0,0,1986-06-04,FIFA World Cup,Paraguay 1-0 Iraq,L,https://raw.githubusercontent.com/martj42/international_results/master/results.csv
Iraq||Portugal,Iraq,Portugal,0,0,0,0,0,0,0,0,0,0,0,,,,,https://raw.githubusercontent.com/martj42/international_results/master/results.csv
Iraq||Qatar,Iraq,Qatar,35,23,14,9,12,41,38,10,5,1,4,2023-10-13,Friendly,Iraq 0-0 Qatar,D,https://raw.githubusercontent.com/martj42/international_results/master/results.csv
Iraq||Saudi Arabia,Iraq,Saudi Arabia,36,28,16,9,11,53,32,12,5,2,5,2025-10-14,FIFA World Cup qualification,Saudi Arabia 0-0 Iraq,D,https://raw.githubusercontent.com/martj42/international_results/master/results.csv
Iraq||Scotland,Iraq,Scotland,0,0,0,0,0,0,0,0,0,0,0,,,,,https://raw.githubusercontent.com/martj42/international_results/master/results.csv
Iraq||Senegal,Iraq,Senegal,0,0,0,0,0,0,0,0,0,0,0,,,,,https://raw.githubusercontent.com/martj42/international_results/master/results.csv
Iraq||South Africa,Iraq,South Africa,1,1,0,1,0,0,0,0,0,0,0,2009-06-14,Confederations Cup,South Africa 0-0 Iraq,D,https://raw.githubusercontent.com/martj42/international_results/master/results.csv
Iraq||Spain,Iraq,Spain,2,1,0,1,1,1,2,1,0,1,0,2026-06-04,Friendly,Spain 1-1 Iraq,D,https://raw.githubusercontent.com/martj42/international_results/master/results.csv
Iraq||Sweden,Iraq,Sweden,0,0,0,0,0,0,0,0,0,0,0,,,,,https://raw.githubusercontent.com/martj42/international_results/master/results.csv
Iraq||Switzerland,Iraq,Switzerland,0,0,0,0,0,0,0,0,0,0,0,,,,,https://raw.githubusercontent.com/martj42/international_results/master/results.csv
Iraq||Tunisia,Iraq,Tunisia,10,3,2,3,5,10,14,2,0,0,2,2019-06-07,Friendly,Tunisia 2-0 Iraq,L,https://raw.githubusercontent.com/martj42/international_results/master/results.csv
Iraq||Türkiye,Iraq,Türkiye,1,0,0,1,0,0,0,0,0,0,0,1976-02-08,Friendly,Iraq 0-0 Türkiye,D,https://raw.githubusercontent.com/martj42/international_results/master/results.csv
Iraq||USA,Iraq,USA,0,0,0,0,0,0,0,0,0,0,0,,,,,https://raw.githubusercontent.com/martj42/international_results/master/results.csv
Iraq||Uruguay,Iraq,Uruguay,1,0,0,0,1,2,5,0,0,0,0,2003-08-15,Friendly,Iraq 2-5 Uruguay,L,https://raw.githubusercontent.com/martj42/international_results/master/results.csv
Iraq||Uzbekistan,Iraq,Uzbekistan,12,4,4,3,5,11,11,6,2,2,2,2021-03-29,Friendly,Uzbekistan 0-1 Iraq,W,https://raw.githubusercontent.com/martj42/international_results/master/results.csv
Japan||Jordan,Japan,Jordan,7,6,3,3,1,18,6,5,3,1,1,2024-01-09,Friendly,Japan 6-1 Jordan,W,https://raw.githubusercontent.com/martj42/international_results/master/results.csv
Japan||Korea Republic,Japan,Korea Republic,73,48,14,21,38,66,110,11,4,3,4,2022-07-27,EAFF Championship,Japan 3-0 Korea Republic,W,https://raw.githubusercontent.com/martj42/international_results/master/results.csv
Japan||Mexico,Japan,Mexico,8,4,1,1,6,6,15,3,0,1,2,2025-09-06,Friendly,Mexico 0-0 Japan,D,https://raw.githubusercontent.com/martj42/international_results/master/results.csv
Japan||Morocco,Japan,Morocco,0,0,0,0,0,0,0,0,0,0,0,,,,,https://raw.githubusercontent.com/martj42/international_results/master/results.csv
Japan||Netherlands,Japan,Netherlands,3,1,0,1,2,2,6,2,0,1,1,2013-11-16,Friendly,Netherlands 2-2 Japan,D,https://raw.githubusercontent.com/martj42/international_results/master/results.csv
Japan||New Zealand,Japan,New Zealand,4,3,3,0,1,9,4,2,2,0,0,2017-10-06,Kirin Challenge Cup,Japan 2-1 New Zealand,W,https://raw.githubusercontent.com/martj42/international_results/master/results.csv
Japan||Norway,Japan,Norway,1,0,0,0,1,0,3,0,0,0,0,2002-05-14,Friendly,Norway 3-0 Japan,L,https://raw.githubusercontent.com/martj42/international_results/master/results.csv
Japan||Panama,Japan,Panama,2,1,2,0,0,4,0,2,2,0,0,2020-11-13,Friendly,Japan 1-0 Panama,W,https://raw.githubusercontent.com/martj42/international_results/master/results.csv
Japan||Paraguay,Japan,Paraguay,12,8,5,5,2,17,12,6,4,2,0,2025-10-10,Kirin Cup,Japan 2-2 Paraguay,D,https://raw.githubusercontent.com/martj42/international_results/master/results.csv
Japan||Portugal,Japan,Portugal,0,0,0,0,0,0,0,0,0,0,0,,,,,https://raw.githubusercontent.com/martj42/international_results/master/results.csv
Japan||Qatar,Japan,Qatar,8,8,2,4,2,11,12,2,1,0,1,2019-02-01,AFC Asian Cup,Japan 1-3 Qatar,L,https://raw.githubusercontent.com/martj42/international_results/master/results.csv
Japan||Saudi Arabia,Japan,Saudi Arabia,18,16,11,2,5,27,13,8,5,1,2,2025-03-25,FIFA World Cup qualification,Japan 0-0 Saudi Arabia,D,https://raw.githubusercontent.com/martj42/international_results/master/results.csv
Japan||Scotland,Japan,Scotland,4,2,2,2,0,3,0,1,1,0,0,2026-03-28,Friendly,Scotland 0-1 Japan,W,https://raw.githubusercontent.com/martj42/international_results/master/results.csv
Japan||Senegal,Japan,Senegal,4,2,0,2,2,4,7,1,0,1,0,2018-06-24,FIFA World Cup,Japan 2-2 Senegal,D,https://raw.githubusercontent.com/martj42/international_results/master/results.csv
Japan||South Africa,Japan,South Africa,1,0,0,1,0,0,0,0,0,0,0,2009-11-14,Friendly,South Africa 0-0 Japan,D,https://raw.githubusercontent.com/martj42/international_results/master/results.csv
Japan||Spain,Japan,Spain,2,1,1,0,1,2,2,1,1,0,0,2022-12-01,FIFA World Cup,Japan 2-1 Spain,W,https://raw.githubusercontent.com/martj42/international_results/master/results.csv
Japan||Sweden,Japan,Sweden,4,2,0,3,1,4,5,0,0,0,0,2002-05-25,Friendly,Japan 1-1 Sweden,D,https://raw.githubusercontent.com/martj42/international_results/master/results.csv
Japan||Switzerland,Japan,Switzerland,3,0,1,1,1,5,6,1,0,0,1,2018-06-08,Friendly,Switzerland 2-0 Japan,L,https://raw.githubusercontent.com/martj42/international_results/master/results.csv
Japan||Tunisia,Japan,Tunisia,5,3,4,0,1,6,3,2,1,0,1,2022-06-14,Kirin Cup,Japan 0-3 Tunisia,L,https://raw.githubusercontent.com/martj42/international_results/master/results.csv
Japan||Türkiye,Japan,Türkiye,3,2,2,0,1,5,3,1,1,0,0,2023-09-12,Friendly,Japan 4-2 Türkiye,W,https://raw.githubusercontent.com/martj42/international_results/master/results.csv
Japan||USA,Japan,USA,4,2,2,0,2,7,6,2,1,0,1,2025-09-09,Friendly,USA 2-0 Japan,L,https://raw.githubusercontent.com/martj42/international_results/master/results.csv
Japan||Uruguay,Japan,Uruguay,9,4,2,3,4,18,24,5,1,2,2,2023-03-24,Friendly,Japan 1-1 Uruguay,D,https://raw.githubusercontent.com/martj42/international_results/master/results.csv
Japan||Uzbekistan,Japan,Uzbekistan,11,9,7,3,1,30,10,4,2,1,1,2019-01-17,AFC Asian Cup,Japan 2-1 Uzbekistan,W,https://raw.githubusercontent.com/martj42/international_results/master/results.csv
Jordan||Korea Republic,Jordan,Korea Republic,9,7,1,4,4,7,10,5,1,2,2,2025-03-25,FIFA World Cup qualification,Korea Republic 1-1 Jordan,D,https://raw.githubusercontent.com/martj42/international_results/master/results.csv
Jordan||Mexico,Jordan,Mexico,1,0,0,1,0,0,0,0,0,0,0,1985-10-18,Friendly,Jordan 0-0 Mexico,D,https://raw.githubusercontent.com/martj42/international_results/master/results.csv
Jordan||Morocco,Jordan,Morocco,2,2,0,0,2,2,7,2,0,0,2,2025-12-18,Arab Cup,Jordan 2-3 Morocco,L,https://raw.githubusercontent.com/martj42/international_results/master/results.csv
Jordan||Netherlands,Jordan,Netherlands,0,0,0,0,0,0,0,0,0,0,0,,,,,https://raw.githubusercontent.com/martj42/international_results/master/results.csv
Jordan||New Zealand,Jordan,New Zealand,2,0,1,0,1,4,4,1,1,0,0,2022-01-28,Friendly,Jordan 3-1 New Zealand,W,https://raw.githubusercontent.com/martj42/international_results/master/results.csv
Jordan||Norway,Jordan,Norway,2,0,0,1,1,0,6,1,0,0,1,2023-09-07,Friendly,Norway 6-0 Jordan,L,https://raw.githubusercontent.com/martj42/international_results/master/results.csv
Jordan||Panama,Jordan,Panama,0,0,0,0,0,0,0,0,0,0,0,,,,,https://raw.githubusercontent.com/martj42/international_results/master/results.csv
Jordan||Paraguay,Jordan,Paraguay,1,0,0,0,1,2,4,1,0,0,1,2019-09-10,Friendly,Jordan 2-4 Paraguay,L,https://raw.githubusercontent.com/martj42/international_results/master/results.csv
Jordan||Portugal,Jordan,Portugal,0,0,0,0,0,0,0,0,0,0,0,,,,,https://raw.githubusercontent.com/martj42/international_results/master/results.csv
Jordan||Qatar,Jordan,Qatar,18,13,5,2,11,16,28,5,1,0,4,2024-02-10,AFC Asian Cup,Qatar 3-1 Jordan,L,https://raw.githubusercontent.com/martj42/international_results/master/results.csv
Jordan||Saudi Arabia,Jordan,Saudi Arabia,16,7,6,2,8,15,21,10,5,2,3,2025-12-15,Arab Cup,Saudi Arabia 0-1 Jordan,W,https://raw.githubusercontent.com/martj42/international_results/master/results.csv
Jordan||Scotland,Jordan,Scotland,0,0,0,0,0,0,0,0,0,0,0,,,,,https://raw.githubusercontent.com/martj42/international_results/master/results.csv
Jordan||Senegal,Jordan,Senegal,0,0,0,0,0,0,0,0,0,0,0,,,,,https://raw.githubusercontent.com/martj42/international_results/master/results.csv
Jordan||South Africa,Jordan,South Africa,0,0,0,0,0,0,0,0,0,0,0,,,,,https://raw.githubusercontent.com/martj42/international_results/master/results.csv
Jordan||Spain,Jordan,Spain,1,0,0,0,1,1,3,1,0,0,1,2022-11-17,Friendly,Jordan 1-3 Spain,L,https://raw.githubusercontent.com/martj42/international_results/master/results.csv
Jordan||Sweden,Jordan,Sweden,1,0,0,1,0,0,0,0,0,0,0,2006-01-23,Friendly,Jordan 0-0 Sweden,D,https://raw.githubusercontent.com/martj42/international_results/master/results.csv
Jordan||Switzerland,Jordan,Switzerland,1,0,0,0,1,1,4,1,0,0,1,2026-05-31,Friendly,Switzerland 4-1 Jordan,L,https://raw.githubusercontent.com/martj42/international_results/master/results.csv
Jordan||Tunisia,Jordan,Tunisia,3,1,0,1,2,5,10,2,0,1,1,2025-11-14,Friendly,Tunisia 3-2 Jordan,L,https://raw.githubusercontent.com/martj42/international_results/master/results.csv
Jordan||Türkiye,Jordan,Türkiye,0,0,0,0,0,0,0,0,0,0,0,,,,,https://raw.githubusercontent.com/martj42/international_results/master/results.csv
Jordan||USA,Jordan,USA,0,0,0,0,0,0,0,0,0,0,0,,,,,https://raw.githubusercontent.com/martj42/international_results/master/results.csv
Jordan||Uruguay,Jordan,Uruguay,2,2,0,1,1,0,5,2,0,1,1,2013-11-20,FIFA World Cup qualification,Uruguay 0-0 Jordan,D,https://raw.githubusercontent.com/martj42/international_results/master/results.csv
Jordan||Uzbekistan,Jordan,Uzbekistan,15,5,2,6,7,15,21,12,2,4,6,2025-01-22,Friendly,Uzbekistan 0-0 Jordan,D,https://raw.githubusercontent.com/martj42/international_results/master/results.csv
Korea Republic||Mexico,Korea Republic,Mexico,14,6,3,3,8,15,28,4,0,1,3,2025-09-09,Friendly,Mexico 2-2 Korea Republic,D,https://raw.githubusercontent.com/martj42/international_results/master/results.csv
Korea Republic||Morocco,Korea Republic,Morocco,4,3,0,3,1,5,7,1,0,0,1,2017-10-10,Friendly,Korea Republic 1-3 Morocco,L,https://raw.githubusercontent.com/martj42/international_results/master/results.csv
Korea Republic||Netherlands,Korea Republic,Netherlands,2,1,0,0,2,0,7,0,0,0,0,2007-06-02,Friendly,Korea Republic 0-2 Netherlands,L,https://raw.githubusercontent.com/martj42/international_results/master/results.csv
Korea Republic||New Zealand,Korea Republic,New Zealand,7,2,5,1,1,9,3,1,1,0,0,2015-03-31,Friendly,Korea Republic 1-0 New Zealand,W,https://raw.githubusercontent.com/martj42/international_results/master/results.csv
Korea Republic||Norway,Korea Republic,Norway,4,2,1,1,2,5,6,0,0,0,0,2006-06-01,Friendly,Norway 0-0 Korea Republic,D,https://raw.githubusercontent.com/martj42/international_results/master/results.csv
Korea Republic||Panama,Korea Republic,Panama,1,0,0,1,0,2,2,1,0,1,0,2018-10-16,Friendly,Korea Republic 2-2 Panama,D,https://raw.githubusercontent.com/martj42/international_results/master/results.csv
Korea Republic||Paraguay,Korea Republic,Paraguay,8,2,3,4,1,10,7,3,2,1,0,2025-10-14,Friendly,Korea Republic 2-0 Paraguay,W,https://raw.githubusercontent.com/martj42/international_results/master/results.csv
Korea Republic||Portugal,Korea Republic,Portugal,2,2,2,0,0,3,1,1,1,0,0,2022-12-02,FIFA World Cup,Korea Republic 2-1 Portugal,W,https://raw.githubusercontent.com/martj42/international_results/master/results.csv
Korea Republic||Qatar,Korea Republic,Qatar,10,9,6,1,3,18,12,6,4,0,2,2020-11-17,Friendly,Korea Republic 2-1 Qatar,W,https://raw.githubusercontent.com/martj42/international_results/master/results.csv
Korea Republic||Saudi Arabia,Korea Republic,Saudi Arabia,19,12,6,9,4,18,13,4,2,2,0,2024-01-30,AFC Asian Cup,Saudi Arabia 1-1 Korea Republic,D,https://raw.githubusercontent.com/martj42/international_results/master/results.csv
Korea Republic||Scotland,Korea Republic,Scotland,1,0,1,0,0,4,1,0,0,0,0,2002-05-16,Friendly,Korea Republic 4-1 Scotland,W,https://raw.githubusercontent.com/martj42/international_results/master/results.csv
Korea Republic||Senegal,Korea Republic,Senegal,5,1,1,1,3,3,6,1,0,0,1,2018-06-11,Friendly,Korea Republic 0-2 Senegal,L,https://raw.githubusercontent.com/martj42/international_results/master/results.csv
Korea Republic||South Africa,Korea Republic,South Africa,0,0,0,0,0,0,0,0,0,0,0,,,,,https://raw.githubusercontent.com/martj42/international_results/master/results.csv
Korea Republic||Spain,Korea Republic,Spain,6,3,0,2,4,5,16,3,0,0,3,2016-06-01,Friendly,Spain 6-1 Korea Republic,L,https://raw.githubusercontent.com/martj42/international_results/master/results.csv
Korea Republic||Sweden,Korea Republic,Sweden,4,1,0,2,2,3,6,1,0,0,1,2018-06-18,FIFA World Cup,Sweden 1-0 Korea Republic,L,https://raw.githubusercontent.com/martj42/international_results/master/results.csv
Korea Republic||Switzerland,Korea Republic,Switzerland,2,1,1,0,1,2,3,1,1,0,0,2013-11-15,Friendly,Korea Republic 2-1 Switzerland,W,https://raw.githubusercontent.com/martj42/international_results/master/results.csv
Korea Republic||Tunisia,Korea Republic,Tunisia,3,0,1,1,1,4,1,2,1,0,1,2023-10-13,Friendly,Korea Republic 4-0 Tunisia,W,https://raw.githubusercontent.com/martj42/international_results/master/results.csv
Korea Republic||Türkiye,Korea Republic,Türkiye,7,2,1,2,4,4,13,1,0,1,0,2011-02-09,Friendly,Türkiye 0-0 Korea Republic,D,https://raw.githubusercontent.com/martj42/international_results/master/results.csv
Korea Republic||USA,Korea Republic,USA,10,4,5,2,3,10,8,2,1,0,1,2025-09-06,Friendly,USA 0-2 Korea Republic,W,https://raw.githubusercontent.com/martj42/international_results/master/results.csv
Korea Republic||Uruguay,Korea Republic,Uruguay,10,4,1,2,7,7,15,5,1,1,3,2023-03-28,Friendly,Korea Republic 1-2 Uruguay,L,https://raw.githubusercontent.com/martj42/international_results/master/results.csv
Korea Republic||Uzbekistan,Korea Republic,Uzbekistan,16,11,11,4,1,34,14,9,6,3,0,2018-11-20,Friendly,Korea Republic 4-0 Uzbekistan,W,https://raw.githubusercontent.com/martj42/international_results/master/results.csv
Mexico||Morocco,Mexico,Morocco,0,0,0,0,0,0,0,0,0,0,0,,,,,https://raw.githubusercontent.com/martj42/international_results/master/results.csv
Mexico||Netherlands,Mexico,Netherlands,9,2,4,1,4,16,15,4,2,0,2,2020-10-07,Friendly,Netherlands 0-1 Mexico,W,https://raw.githubusercontent.com/martj42/international_results/master/results.csv
Mexico||New Zealand,Mexico,New Zealand,8,3,7,0,1,21,9,7,7,0,0,2024-09-07,Friendly,Mexico 3-0 New Zealand,W,https://raw.githubusercontent.com/martj42/international_results/master/results.csv
Mexico||Norway,Mexico,Norway,6,1,3,1,2,11,8,0,0,0,0,2006-01-25,Friendly,Mexico 2-1 Norway,W,https://raw.githubusercontent.com/martj42/international_results/master/results.csv
Mexico||Panama,Mexico,Panama,28,23,20,6,2,51,16,19,14,3,2,2026-01-22,Friendly,Panama 0-1 Mexico,W,https://raw.githubusercontent.com/martj42/international_results/master/results.csv
Mexico||Paraguay,Mexico,Paraguay,21,6,10,5,6,37,19,6,4,0,2,2025-11-18,Friendly,Mexico 1-2 Paraguay,L,https://raw.githubusercontent.com/martj42/international_results/master/results.csv
Mexico||Portugal,Mexico,Portugal,6,3,0,3,3,4,7,4,0,2,2,2026-03-28,Friendly,Mexico 0-0 Portugal,D,https://raw.githubusercontent.com/martj42/international_results/master/results.csv
Mexico||Qatar,Mexico,Qatar,1,1,0,0,1,0,1,1,0,0,1,2023-07-02,Gold Cup,Mexico 0-1 Qatar,L,https://raw.githubusercontent.com/martj42/international_results/master/results.csv
Mexico||Saudi Arabia,Mexico,Saudi Arabia,7,5,6,1,0,18,3,2,2,0,0,2025-06-28,Gold Cup,Mexico 2-0 Saudi Arabia,W,https://raw.githubusercontent.com/martj42/international_results/master/results.csv
Mexico||Scotland,Mexico,Scotland,1,0,1,0,0,1,0,1,1,0,0,2018-06-02,Friendly,Mexico 1-0 Scotland,W,https://raw.githubusercontent.com/martj42/international_results/master/results.csv
Mexico||Senegal,Mexico,Senegal,1,0,1,0,0,1,0,1,1,0,0,2010-05-10,Friendly,Mexico 1-0 Senegal,W,https://raw.githubusercontent.com/martj42/international_results/master/results.csv
Mexico||South Africa,Mexico,South Africa,4,3,2,1,1,10,5,1,0,1,0,2010-06-11,FIFA World Cup,South Africa 1-1 Mexico,D,https://raw.githubusercontent.com/martj42/international_results/master/results.csv
Mexico||Spain,Mexico,Spain,7,2,0,3,4,3,13,1,0,1,0,2010-08-11,Friendly,Mexico 1-1 Spain,D,https://raw.githubusercontent.com/martj42/international_results/master/results.csv
Mexico||Sweden,Mexico,Sweden,11,2,2,3,6,6,13,2,0,0,2,2022-11-16,Friendly,Mexico 1-2 Sweden,L,https://raw.githubusercontent.com/martj42/international_results/master/results.csv
Mexico||Switzerland,Mexico,Switzerland,7,1,1,1,5,9,16,1,0,0,1,2025-06-07,Friendly,Mexico 2-4 Switzerland,L,https://raw.githubusercontent.com/martj42/international_results/master/results.csv
Mexico||Tunisia,Mexico,Tunisia,1,1,0,0,1,1,3,0,0,0,0,1978-06-02,FIFA World Cup,Mexico 1-3 Tunisia,L,https://raw.githubusercontent.com/martj42/international_results/master/results.csv
Mexico||Türkiye,Mexico,Türkiye,1,0,1,0,0,1,0,1,1,0,0,2025-06-10,Friendly,Mexico 1-0 Türkiye,W,https://raw.githubusercontent.com/martj42/international_results/master/results.csv
Mexico||USA,Mexico,USA,76,53,37,16,23,142,89,21,7,5,9,2025-07-06,Gold Cup,USA 1-2 Mexico,W,https://raw.githubusercontent.com/martj42/international_results/master/results.csv
Mexico||Uruguay,Mexico,Uruguay,24,9,8,8,8,29,35,7,1,1,5,2025-11-15,Friendly,Mexico 0-0 Uruguay,D,https://raw.githubusercontent.com/martj42/international_results/master/results.csv
Mexico||Uzbekistan,Mexico,Uzbekistan,1,0,0,1,0,3,3,1,0,1,0,2023-09-12,Friendly,Mexico 3-3 Uzbekistan,D,https://raw.githubusercontent.com/martj42/international_results/master/results.csv
Morocco||Netherlands,Morocco,Netherlands,3,1,1,0,2,4,5,1,0,0,1,2017-05-31,Friendly,Morocco 1-2 Netherlands,L,https://raw.githubusercontent.com/martj42/international_results/master/results.csv
Morocco||New Zealand,Morocco,New Zealand,1,1,1,0,0,3,0,0,0,0,0,1980-10-26,Merdeka Tournament,Morocco 3-0 New Zealand,W,https://raw.githubusercontent.com/martj42/international_results/master/results.csv
Morocco||Norway,Morocco,Norway,2,1,0,2,0,3,3,1,0,1,0,2026-06-07,Friendly,Morocco 1-1 Norway,D,https://raw.githubusercontent.com/martj42/international_results/master/results.csv
Morocco||Panama,Morocco,Panama,0,0,0,0,0,0,0,0,0,0,0,,,,,https://raw.githubusercontent.com/martj42/international_results/master/results.csv
Morocco||Paraguay,Morocco,Paraguay,2,0,1,1,0,2,1,2,1,1,0,2026-03-31,Friendly,Morocco 2-1 Paraguay,W,https://raw.githubusercontent.com/martj42/international_results/master/results.csv
Morocco||Portugal,Morocco,Portugal,3,3,2,0,1,4,2,2,1,0,1,2022-12-10,FIFA World Cup,Morocco 1-0 Portugal,W,https://raw.githubusercontent.com/martj42/international_results/master/results.csv
Morocco||Qatar,Morocco,Qatar,2,0,1,1,0,1,0,1,0,1,0,2014-09-03,Friendly,Morocco 0-0 Qatar,D,https://raw.githubusercontent.com/martj42/international_results/master/results.csv
Morocco||Saudi Arabia,Morocco,Saudi Arabia,8,3,4,1,3,8,8,3,2,0,1,2025-12-08,Arab Cup,Morocco 1-0 Saudi Arabia,W,https://raw.githubusercontent.com/martj42/international_results/master/results.csv
Morocco||Scotland,Morocco,Scotland,1,1,1,0,0,3,0,0,0,0,0,1998-06-23,FIFA World Cup,Scotland 0-3 Morocco,W,https://raw.githubusercontent.com/martj42/international_results/master/results.csv
Morocco||Senegal,Morocco,Senegal,32,15,20,5,7,50,21,4,3,0,1,2026-01-18,African Cup of Nations,Morocco 3-0 Senegal,W,https://raw.githubusercontent.com/martj42/international_results/master/results.csv
Morocco||South Africa,Morocco,South Africa,9,8,2,3,4,10,14,6,2,2,2,2024-01-30,African Cup of Nations,Morocco 0-2 South Africa,L,https://raw.githubusercontent.com/martj42/international_results/master/results.csv
Morocco||Spain,Morocco,Spain,4,4,0,2,2,4,6,2,0,2,0,2022-12-06,FIFA World Cup,Morocco 0-0 Spain,D,https://raw.githubusercontent.com/martj42/international_results/master/results.csv
Morocco||Sweden,Morocco,Sweden,0,0,0,0,0,0,0,0,0,0,0,,,,,https://raw.githubusercontent.com/martj42/international_results/master/results.csv
Morocco||Switzerland,Morocco,Switzerland,2,0,2,0,0,3,1,0,0,0,0,2004-02-18,Friendly,Morocco 2-1 Switzerland,W,https://raw.githubusercontent.com/martj42/international_results/master/results.csv
Morocco||Tunisia,Morocco,Tunisia,37,23,10,20,7,38,32,4,3,0,1,2025-06-06,Friendly,Morocco 2-0 Tunisia,W,https://raw.githubusercontent.com/martj42/international_results/master/results.csv
Morocco||Türkiye,Morocco,Türkiye,0,0,0,0,0,0,0,0,0,0,0,,,,,https://raw.githubusercontent.com/martj42/international_results/master/results.csv
Morocco||USA,Morocco,USA,4,0,3,0,1,6,5,1,0,0,1,2022-06-01,Friendly,USA 3-0 Morocco,L,https://raw.githubusercontent.com/martj42/international_results/master/results.csv
Morocco||Uruguay,Morocco,Uruguay,1,0,0,0,1,0,1,1,0,0,1,2015-03-28,Friendly,Morocco 0-1 Uruguay,L,https://raw.githubusercontent.com/martj42/international_results/master/results.csv
Morocco||Uzbekistan,Morocco,Uzbekistan,1,0,1,0,0,2,0,1,1,0,0,2018-03-27,Friendly,Morocco 2-0 Uzbekistan,W,https://raw.githubusercontent.com/martj42/international_results/master/results.csv
Netherlands||New Zealand,Netherlands,New Zealand,0,0,0,0,0,0,0,0,0,0,0,,,,,https://raw.githubusercontent.com/martj42/international_results/master/results.csv
Netherlands||Norway,Netherlands,Norway,23,10,11,7,5,49,29,3,2,1,0,2026-03-27,Friendly,Netherlands 2-1 Norway,W,https://raw.githubusercontent.com/martj42/international_results/master/results.csv
Netherlands||Panama,Netherlands,Panama,0,0,0,0,0,0,0,0,0,0,0,,,,,https://raw.githubusercontent.com/martj42/international_results/master/results.csv
Netherlands||Paraguay,Netherlands,Paraguay,2,0,1,1,0,5,1,0,0,0,0,2009-11-18,Friendly,Netherlands 0-0 Paraguay,D,https://raw.githubusercontent.com/martj42/international_results/master/results.csv
Netherlands||Portugal,Netherlands,Portugal,14,8,2,4,8,10,16,4,1,1,2,2019-06-09,UEFA Nations League,Portugal 1-0 Netherlands,L,https://raw.githubusercontent.com/martj42/international_results/master/results.csv
Netherlands||Qatar,Netherlands,Qatar,1,1,1,0,0,2,0,1,1,0,0,2022-11-29,FIFA World Cup,Qatar 0-2 Netherlands,W,https://raw.githubusercontent.com/martj42/international_results/master/results.csv
Netherlands||Saudi Arabia,Netherlands,Saudi Arabia,1,1,1,0,0,2,1,0,0,0,0,1994-06-20,FIFA World Cup,Netherlands 2-1 Saudi Arabia,W,https://raw.githubusercontent.com/martj42/international_results/master/results.csv
Netherlands||Scotland,Netherlands,Scotland,21,7,10,5,6,32,17,3,2,1,0,2024-03-22,Friendly,Netherlands 4-0 Scotland,W,https://raw.githubusercontent.com/martj42/international_results/master/results.csv
Netherlands||Senegal,Netherlands,Senegal,1,1,1,0,0,2,0,1,1,0,0,2022-11-21,FIFA World Cup,Senegal 0-2 Netherlands,W,https://raw.githubusercontent.com/martj42/international_results/master/results.csv
Netherlands||South Africa,Netherlands,South Africa,3,0,3,0,0,13,4,0,0,0,0,1997-06-04,Friendly,South Africa 0-2 Netherlands,W,https://raw.githubusercontent.com/martj42/international_results/master/results.csv
Netherlands||Spain,Netherlands,Spain,15,7,6,4,5,24,23,6,2,3,1,2025-03-23,UEFA Nations League,Spain 3-3 Netherlands,D,https://raw.githubusercontent.com/martj42/international_results/master/results.csv
Netherlands||Sweden,Netherlands,Sweden,25,11,11,6,8,47,48,4,2,1,1,2017-10-10,FIFA World Cup qualification,Netherlands 2-0 Sweden,W,https://raw.githubusercontent.com/martj42/international_results/master/results.csv
Netherlands||Switzerland,Netherlands,Switzerland,32,8,14,3,15,66,61,1,0,1,0,2011-11-11,Friendly,Netherlands 0-0 Switzerland,D,https://raw.githubusercontent.com/martj42/international_results/master/results.csv
Netherlands||Tunisia,Netherlands,Tunisia,3,0,1,2,0,7,3,0,0,0,0,2009-02-11,Friendly,Tunisia 1-1 Netherlands,D,https://raw.githubusercontent.com/martj42/international_results/master/results.csv
Netherlands||Türkiye,Netherlands,Türkiye,15,11,7,4,4,23,15,8,5,1,2,2024-07-06,UEFA Euro,Netherlands 2-1 Türkiye,W,https://raw.githubusercontent.com/martj42/international_results/master/results.csv
Netherlands||USA,Netherlands,USA,6,1,5,0,1,13,6,3,2,0,1,2022-12-03,FIFA World Cup,Netherlands 3-1 USA,W,https://raw.githubusercontent.com/martj42/international_results/master/results.csv
Netherlands||Uruguay,Netherlands,Uruguay,6,6,2,1,3,7,9,2,1,1,0,2011-06-08,Copa Confraternidad,Uruguay 1-1 Netherlands,D,https://raw.githubusercontent.com/martj42/international_results/master/results.csv
Netherlands||Uzbekistan,Netherlands,Uzbekistan,1,0,1,0,0,2,1,1,1,0,0,2026-06-08,Friendly,Netherlands 2-1 Uzbekistan,W,https://raw.githubusercontent.com/martj42/international_results/master/results.csv
New Zealand||Norway,New Zealand,Norway,2,0,0,1,1,1,4,1,0,1,0,2025-10-14,Friendly,Norway 1-1 New Zealand,D,https://raw.githubusercontent.com/martj42/international_results/master/results.csv
New Zealand||Panama,New Zealand,Panama,0,0,0,0,0,0,0,0,0,0,0,,,,,https://raw.githubusercontent.com/martj42/international_results/master/results.csv
New Zealand||Paraguay,New Zealand,Paraguay,3,1,0,1,2,2,5,2,0,1,1,2010-10-12,Friendly,New Zealand 0-2 Paraguay,L,https://raw.githubusercontent.com/martj42/international_results/master/results.csv
New Zealand||Portugal,New Zealand,Portugal,1,1,0,0,1,0,4,1,0,0,1,2017-06-24,Confederations Cup,New Zealand 0-4 Portugal,L,https://raw.githubusercontent.com/martj42/international_results/master/results.csv
New Zealand||Qatar,New Zealand,Qatar,1,0,0,0,1,2,3,0,0,0,0,1996-10-05,Friendly,Qatar 3-2 New Zealand,L,https://raw.githubusercontent.com/martj42/international_results/master/results.csv
New Zealand||Saudi Arabia,New Zealand,Saudi Arabia,8,3,4,1,3,14,11,1,1,0,0,2013-09-05,OSN Cup,Saudi Arabia 0-1 New Zealand,W,https://raw.githubusercontent.com/martj42/international_results/master/results.csv
New Zealand||Scotland,New Zealand,Scotland,2,1,0,1,1,3,6,0,0,0,0,2003-05-27,Friendly,Scotland 1-1 New Zealand,D,https://raw.githubusercontent.com/martj42/international_results/master/results.csv
New Zealand||Senegal,New Zealand,Senegal,0,0,0,0,0,0,0,0,0,0,0,,,,,https://raw.githubusercontent.com/martj42/international_results/master/results.csv
New Zealand||South Africa,New Zealand,South Africa,6,1,0,1,5,9,26,1,0,1,0,2014-05-30,Friendly,New Zealand 0-0 South Africa,D,https://raw.githubusercontent.com/martj42/international_results/master/results.csv
New Zealand||Spain,New Zealand,Spain,1,1,0,0,1,0,5,0,0,0,0,2009-06-14,Confederations Cup,New Zealand 0-5 Spain,L,https://raw.githubusercontent.com/martj42/international_results/master/results.csv
New Zealand||Sweden,New Zealand,Sweden,1,0,0,0,1,1,4,1,0,0,1,2023-06-16,Friendly,Sweden 4-1 New Zealand,L,https://raw.githubusercontent.com/martj42/international_results/master/results.csv
New Zealand||Switzerland,New Zealand,Switzerland,0,0,0,0,0,0,0,0,0,0,0,,,,,https://raw.githubusercontent.com/martj42/international_results/master/results.csv
New Zealand||Tunisia,New Zealand,Tunisia,1,1,0,1,0,0,0,1,0,1,0,2024-03-26,FIFA Series,New Zealand 0-0 Tunisia,D,https://raw.githubusercontent.com/martj42/international_results/master/results.csv
New Zealand||Türkiye,New Zealand,Türkiye,1,0,0,0,1,1,2,0,0,0,0,1995-06-20,Friendly,New Zealand 1-2 Türkiye,L,https://raw.githubusercontent.com/martj42/international_results/master/results.csv
New Zealand||USA,New Zealand,USA,3,1,0,1,2,3,5,1,0,1,0,2024-09-10,Friendly,USA 1-1 New Zealand,D,https://raw.githubusercontent.com/martj42/international_results/master/results.csv
New Zealand||Uruguay,New Zealand,Uruguay,2,0,0,1,1,2,9,0,0,0,0,1995-06-28,Friendly,Uruguay 2-2 New Zealand,D,https://raw.githubusercontent.com/martj42/international_results/master/results.csv
New Zealand||Uzbekistan,New Zealand,Uzbekistan,1,0,0,0,1,1,3,1,0,0,1,2014-09-08,Friendly,Uzbekistan 3-1 New Zealand,L,https://raw.githubusercontent.com/martj42/international_results/master/results.csv
Norway||Panama,Norway,Panama,1,0,1,0,0,1,0,1,1,0,0,2018-06-06,Friendly,Norway 1-0 Panama,W,https://raw.githubusercontent.com/martj42/international_results/master/results.csv
Norway||Paraguay,Norway,Paraguay,1,0,0,1,0,2,2,0,0,0,0,2006-05-24,Friendly,Norway 2-2 Paraguay,D,https://raw.githubusercontent.com/martj42/international_results/master/results.csv
Norway||Portugal,Norway,Portugal,11,6,1,2,8,5,18,3,1,0,2,2016-05-29,Friendly,Portugal 3-0 Norway,L,https://raw.githubusercontent.com/martj42/international_results/master/results.csv
Norway||Qatar,Norway,Qatar,1,0,1,0,0,6,1,0,0,0,0,1993-03-30,Friendly,Qatar 1-6 Norway,W,https://raw.githubusercontent.com/martj42/international_results/master/results.csv
Norway||Saudi Arabia,Norway,Saudi Arabia,1,0,1,0,0,6,0,0,0,0,0,1998-05-27,Friendly,Norway 6-0 Saudi Arabia,W,https://raw.githubusercontent.com/martj42/international_results/master/results.csv
Norway||Scotland,Norway,Scotland,20,11,3,7,10,25,39,3,0,1,2,2023-11-19,UEFA Euro qualification,Scotland 3-3 Norway,D,https://raw.githubusercontent.com/martj42/international_results/master/results.csv
Norway||Senegal,Norway,Senegal,1,0,0,0,1,1,2,0,0,0,0,2006-03-01,Friendly,Senegal 2-1 Norway,L,https://raw.githubusercontent.com/martj42/international_results/master/results.csv
Norway||South Africa,Norway,South Africa,3,0,2,0,1,3,2,1,1,0,0,2013-01-08,Friendly,South Africa 0-1 Norway,W,https://raw.githubusercontent.com/martj42/international_results/master/results.csv
Norway||Spain,Norway,Spain,10,7,1,2,7,4,16,4,0,1,3,2023-10-15,UEFA Euro qualification,Norway 0-1 Spain,L,https://raw.githubusercontent.com/martj42/international_results/master/results.csv
Norway||Sweden,Norway,Sweden,110,62,27,25,58,155,277,8,3,4,1,2026-06-01,Friendly,Norway 3-1 Sweden,W,https://raw.githubusercontent.com/martj42/international_results/master/results.csv
Norway||Switzerland,Norway,Switzerland,20,10,8,6,6,26,20,3,0,2,1,2026-03-31,Friendly,Norway 0-0 Switzerland,D,https://raw.githubusercontent.com/martj42/international_results/master/results.csv
Norway||Tunisia,Norway,Tunisia,2,0,1,1,0,3,1,0,0,0,0,2002-03-27,Friendly,Tunisia 0-0 Norway,D,https://raw.githubusercontent.com/martj42/international_results/master/results.csv
Norway||Türkiye,Norway,Türkiye,10,8,2,3,5,12,15,2,0,1,1,2021-10-08,FIFA World Cup qualification,Türkiye 1-1 Norway,D,https://raw.githubusercontent.com/martj42/international_results/master/results.csv
Norway||USA,Norway,USA,5,0,2,1,2,14,8,0,0,0,0,2006-01-29,Friendly,USA 5-0 Norway,L,https://raw.githubusercontent.com/martj42/international_results/master/results.csv
Norway||Uruguay,Norway,Uruguay,2,0,0,1,1,2,3,0,0,0,0,2008-05-28,Friendly,Norway 2-2 Uruguay,D,https://raw.githubusercontent.com/martj42/international_results/master/results.csv
Norway||Uzbekistan,Norway,Uzbekistan,0,0,0,0,0,0,0,0,0,0,0,,,,,https://raw.githubusercontent.com/martj42/international_results/master/results.csv
Panama||Paraguay,Panama,Paraguay,6,0,0,1,5,1,10,3,0,0,3,2024-06-16,Friendly,Panama 0-1 Paraguay,L,https://raw.githubusercontent.com/martj42/international_results/master/results.csv
Panama||Portugal,Panama,Portugal,1,0,0,0,1,0,2,1,0,0,1,2012-08-15,Friendly,Portugal 2-0 Panama,L,https://raw.githubusercontent.com/martj42/international_results/master/results.csv
Panama||Qatar,Panama,Qatar,3,2,1,1,1,8,5,3,1,1,1,2023-07-08,Gold Cup,Panama 4-0 Qatar,W,https://raw.githubusercontent.com/martj42/international_results/master/results.csv
Panama||Saudi Arabia,Panama,Saudi Arabia,1,0,0,1,0,1,1,1,0,1,0,2022-11-10,Friendly,Saudi Arabia 1-1 Panama,D,https://raw.githubusercontent.com/martj42/international_results/master/results.csv
Panama||Scotland,Panama,Scotland,0,0,0,0,0,0,0,0,0,0,0,,,,,https://raw.githubusercontent.com/martj42/international_results/master/results.csv
Panama||Senegal,Panama,Senegal,0,0,0,0,0,0,0,0,0,0,0,,,,,https://raw.githubusercontent.com/martj42/international_results/master/results.csv
Panama||South Africa,Panama,South Africa,3,1,1,2,0,4,3,2,1,1,0,2026-03-31,Friendly,South Africa 1-2 Panama,W,https://raw.githubusercontent.com/martj42/international_results/master/results.csv
Panama||Spain,Panama,Spain,1,0,0,0,1,1,5,1,0,0,1,2012-11-14,Friendly,Panama 1-5 Spain,L,https://raw.githubusercontent.com/martj42/international_results/master/results.csv
Panama||Sweden,Panama,Sweden,0,0,0,0,0,0,0,0,0,0,0,,,,,https://raw.githubusercontent.com/martj42/international_results/master/results.csv
Panama||Switzerland,Panama,Switzerland,1,0,0,0,1,0,6,1,0,0,1,2018-03-27,Friendly,Switzerland 6-0 Panama,L,https://raw.githubusercontent.com/martj42/international_results/master/results.csv
Panama||Tunisia,Panama,Tunisia,1,1,0,0,1,1,2,1,0,0,1,2018-06-28,FIFA World Cup,Panama 1-2 Tunisia,L,https://raw.githubusercontent.com/martj42/international_results/master/results.csv
Panama||Türkiye,Panama,Türkiye,0,0,0,0,0,0,0,0,0,0,0,,,,,https://raw.githubusercontent.com/martj42/international_results/master/results.csv
Panama||USA,Panama,USA,29,24,4,7,18,20,56,21,4,5,12,2025-03-20,CONCACAF Nations League,USA 0-1 Panama,W,https://raw.githubusercontent.com/martj42/international_results/master/results.csv
Panama||Uruguay,Panama,Uruguay,4,2,0,0,4,2,17,3,0,0,3,2024-06-23,Copa América,Uruguay 3-1 Panama,L,https://raw.githubusercontent.com/martj42/international_results/master/results.csv
Panama||Uzbekistan,Panama,Uzbekistan,0,0,0,0,0,0,0,0,0,0,0,,,,,https://raw.githubusercontent.com/martj42/international_results/master/results.csv
Paraguay||Portugal,Paraguay,Portugal,1,0,0,1,0,0,0,0,0,0,0,2003-06-06,Friendly,Portugal 0-0 Paraguay,D,https://raw.githubusercontent.com/martj42/international_results/master/results.csv
Paraguay||Qatar,Paraguay,Qatar,4,1,1,2,1,6,5,1,0,1,0,2019-06-16,Copa América,Paraguay 2-2 Qatar,D,https://raw.githubusercontent.com/martj42/international_results/master/results.csv
Paraguay||Saudi Arabia,Paraguay,Saudi Arabia,3,0,0,3,0,1,1,1,0,1,0,2019-11-19,Friendly,Saudi Arabia 0-0 Paraguay,D,https://raw.githubusercontent.com/martj42/international_results/master/results.csv
Paraguay||Scotland,Paraguay,Scotland,1,1,1,0,0,3,2,0,0,0,0,1958-06-11,FIFA World Cup,Paraguay 3-2 Scotland,W,https://raw.githubusercontent.com/martj42/international_results/master/results.csv
Paraguay||Senegal,Paraguay,Senegal,0,0,0,0,0,0,0,0,0,0,0,,,,,https://raw.githubusercontent.com/martj42/international_results/master/results.csv
Paraguay||South Africa,Paraguay,South Africa,4,1,0,3,1,4,7,2,0,2,0,2018-11-20,Friendly,South Africa 1-1 Paraguay,D,https://raw.githubusercontent.com/martj42/international_results/master/results.csv
Paraguay||Spain,Paraguay,Spain,4,3,0,2,2,1,4,1,0,0,1,2010-07-03,FIFA World Cup,Paraguay 0-1 Spain,L,https://raw.githubusercontent.com/martj42/international_results/master/results.csv
Paraguay||Sweden,Paraguay,Sweden,3,2,1,1,1,4,4,0,0,0,0,2006-06-15,FIFA World Cup,Sweden 1-0 Paraguay,L,https://raw.githubusercontent.com/martj42/international_results/master/results.csv
Paraguay||Switzerland,Paraguay,Switzerland,0,0,0,0,0,0,0,0,0,0,0,,,,,https://raw.githubusercontent.com/martj42/international_results/master/results.csv
Paraguay||Tunisia,Paraguay,Tunisia,0,0,0,0,0,0,0,0,0,0,0,,,,,https://raw.githubusercontent.com/martj42/international_results/master/results.csv
Paraguay||Türkiye,Paraguay,Türkiye,0,0,0,0,0,0,0,0,0,0,0,,,,,https://raw.githubusercontent.com/martj42/international_results/master/results.csv
Paraguay||USA,Paraguay,USA,9,3,2,2,5,7,12,4,1,0,3,2025-11-15,Friendly,USA 2-1 Paraguay,L,https://raw.githubusercontent.com/martj42/international_results/master/results.csv
Paraguay||Uruguay,Paraguay,Uruguay,79,61,26,20,33,96,116,11,1,5,5,2025-06-05,FIFA World Cup qualification,Paraguay 2-0 Uruguay,W,https://raw.githubusercontent.com/martj42/international_results/master/results.csv
Paraguay||Uzbekistan,Paraguay,Uzbekistan,0,0,0,0,0,0,0,0,0,0,0,,,,,https://raw.githubusercontent.com/martj42/international_results/master/results.csv
Portugal||Qatar,Portugal,Qatar,2,0,2,0,0,6,1,2,2,0,0,2021-10-09,Friendly,Portugal 3-0 Qatar,W,https://raw.githubusercontent.com/martj42/international_results/master/results.csv
Portugal||Saudi Arabia,Portugal,Saudi Arabia,2,0,2,0,0,6,0,1,1,0,0,2017-11-10,Friendly,Portugal 3-0 Saudi Arabia,W,https://raw.githubusercontent.com/martj42/international_results/master/results.csv
Portugal||Scotland,Portugal,Scotland,17,10,9,4,4,23,15,3,2,1,0,2024-10-15,UEFA Nations League,Scotland 0-0 Portugal,D,https://raw.githubusercontent.com/martj42/international_results/master/results.csv
Portugal||Senegal,Portugal,Senegal,0,0,0,0,0,0,0,0,0,0,0,,,,,https://raw.githubusercontent.com/martj42/international_results/master/results.csv
Portugal||South Africa,Portugal,South Africa,2,0,2,0,0,5,1,0,0,0,0,2009-03-31,Friendly,Portugal 2-0 South Africa,W,https://raw.githubusercontent.com/martj42/international_results/master/results.csv
Portugal||Spain,Portugal,Spain,42,12,8,18,16,50,78,9,1,6,2,2025-06-08,UEFA Nations League,Portugal 2-2 Spain,D,https://raw.githubusercontent.com/martj42/international_results/master/results.csv
Portugal||Sweden,Portugal,Sweden,21,14,8,6,7,30,31,6,5,0,1,2024-03-21,Friendly,Portugal 5-2 Sweden,W,https://raw.githubusercontent.com/martj42/international_results/master/results.csv
Portugal||Switzerland,Portugal,Switzerland,26,16,10,5,11,40,35,6,4,0,2,2022-12-06,FIFA World Cup,Portugal 6-1 Switzerland,W,https://raw.githubusercontent.com/martj42/international_results/master/results.csv
Portugal||Tunisia,Portugal,Tunisia,2,0,0,2,0,3,3,1,0,1,0,2018-05-28,Friendly,Portugal 2-2 Tunisia,D,https://raw.githubusercontent.com/martj42/international_results/master/results.csv
Portugal||Türkiye,Portugal,Türkiye,10,7,8,0,2,22,9,3,2,0,1,2024-06-22,UEFA Euro,Türkiye 0-3 Portugal,W,https://raw.githubusercontent.com/martj42/international_results/master/results.csv
Portugal||USA,Portugal,USA,8,3,3,3,2,10,8,3,1,2,0,2026-03-31,Friendly,USA 0-2 Portugal,W,https://raw.githubusercontent.com/martj42/international_results/master/results.csv
Portugal||Uruguay,Portugal,Uruguay,4,3,2,1,1,7,3,2,1,0,1,2022-11-28,FIFA World Cup,Portugal 2-0 Uruguay,W,https://raw.githubusercontent.com/martj42/international_results/master/results.csv
Portugal||Uzbekistan,Portugal,Uzbekistan,0,0,0,0,0,0,0,0,0,0,0,,,,,https://raw.githubusercontent.com/martj42/international_results/master/results.csv
Qatar||Saudi Arabia,Qatar,Saudi Arabia,41,38,8,15,18,33,54,6,3,2,1,2019-12-05,Gulf Cup,Qatar 0-1 Saudi Arabia,L,https://raw.githubusercontent.com/martj42/international_results/master/results.csv
Qatar||Scotland,Qatar,Scotland,1,0,0,0,1,0,1,1,0,0,1,2015-06-05,Friendly,Scotland 1-0 Qatar,L,https://raw.githubusercontent.com/martj42/international_results/master/results.csv
Qatar||Senegal,Qatar,Senegal,1,1,0,0,1,1,3,1,0,0,1,2022-11-25,FIFA World Cup,Qatar 1-3 Senegal,L,https://raw.githubusercontent.com/martj42/international_results/master/results.csv
Qatar||South Africa,Qatar,South Africa,0,0,0,0,0,0,0,0,0,0,0,,,,,https://raw.githubusercontent.com/martj42/international_results/master/results.csv
Qatar||Spain,Qatar,Spain,0,0,0,0,0,0,0,0,0,0,0,,,,,https://raw.githubusercontent.com/martj42/international_results/master/results.csv
Qatar||Sweden,Qatar,Sweden,2,2,0,1,1,2,3,0,0,0,0,2003-02-16,King's Cup,Qatar 2-3 Sweden,L,https://raw.githubusercontent.com/martj42/international_results/master/results.csv
Qatar||Switzerland,Qatar,Switzerland,1,0,1,0,0,1,0,1,1,0,0,2018-11-14,Friendly,Switzerland 0-1 Qatar,W,https://raw.githubusercontent.com/martj42/international_results/master/results.csv
Qatar||Tunisia,Qatar,Tunisia,4,1,2,0,2,3,8,1,0,0,1,2025-12-07,Arab Cup,Qatar 0-3 Tunisia,L,https://raw.githubusercontent.com/martj42/international_results/master/results.csv
Qatar||Türkiye,Qatar,Türkiye,1,0,0,0,1,1,2,1,0,0,1,2015-11-13,Friendly,Qatar 1-2 Türkiye,L,https://raw.githubusercontent.com/martj42/international_results/master/results.csv
Qatar||USA,Qatar,USA,1,1,0,0,1,0,1,1,0,0,1,2021-07-29,Gold Cup,USA 1-0 Qatar,L,https://raw.githubusercontent.com/martj42/international_results/master/results.csv
Qatar||Uruguay,Qatar,Uruguay,0,0,0,0,0,0,0,0,0,0,0,,,,,https://raw.githubusercontent.com/martj42/international_results/master/results.csv
Qatar||Uzbekistan,Qatar,Uzbekistan,17,15,4,3,10,17,30,10,2,1,7,2025-06-10,FIFA World Cup qualification,Uzbekistan 3-0 Qatar,L,https://raw.githubusercontent.com/martj42/international_results/master/results.csv
Saudi Arabia||Scotland,Saudi Arabia,Scotland,1,0,0,1,0,2,2,0,0,0,0,1988-02-17,Friendly,Saudi Arabia 2-2 Scotland,D,https://raw.githubusercontent.com/martj42/international_results/master/results.csv
Saudi Arabia||Senegal,Saudi Arabia,Senegal,3,0,2,1,0,6,4,1,0,1,0,2026-06-09,Friendly,Saudi Arabia 0-0 Senegal,D,https://raw.githubusercontent.com/martj42/international_results/master/results.csv
Saudi Arabia||South Africa,Saudi Arabia,South Africa,4,1,1,2,1,3,3,0,0,0,0,2002-03-20,Friendly,Saudi Arabia 1-0 South Africa,W,https://raw.githubusercontent.com/martj42/international_results/master/results.csv
Saudi Arabia||Spain,Saudi Arabia,Spain,3,1,0,0,3,2,9,2,0,0,2,2012-09-07,Friendly,Spain 5-0 Saudi Arabia,L,https://raw.githubusercontent.com/martj42/international_results/master/results.csv
Saudi Arabia||Sweden,Saudi Arabia,Sweden,3,1,0,1,2,3,6,0,0,0,0,2006-01-18,Friendly,Saudi Arabia 1-1 Sweden,D,https://raw.githubusercontent.com/martj42/international_results/master/results.csv
Saudi Arabia||Switzerland,Saudi Arabia,Switzerland,0,0,0,0,0,0,0,0,0,0,0,,,,,https://raw.githubusercontent.com/martj42/international_results/master/results.csv
Saudi Arabia||Tunisia,Saudi Arabia,Tunisia,8,1,3,1,4,9,8,0,0,0,0,2009-10-14,Friendly,Tunisia 0-1 Saudi Arabia,W,https://raw.githubusercontent.com/martj42/international_results/master/results.csv
Saudi Arabia||Türkiye,Saudi Arabia,Türkiye,3,0,0,0,3,1,6,0,0,0,0,2006-05-31,Friendly,Saudi Arabia 0-1 Türkiye,L,https://raw.githubusercontent.com/martj42/international_results/master/results.csv
Saudi Arabia||USA,Saudi Arabia,USA,7,3,2,2,3,8,8,2,0,1,1,2025-06-19,Gold Cup,USA 1-0 Saudi Arabia,L,https://raw.githubusercontent.com/martj42/international_results/master/results.csv
Saudi Arabia||Uruguay,Saudi Arabia,Uruguay,3,1,1,1,1,4,4,2,0,1,1,2018-06-20,FIFA World Cup,Uruguay 1-0 Saudi Arabia,L,https://raw.githubusercontent.com/martj42/international_results/master/results.csv
Saudi Arabia||Uzbekistan,Saudi Arabia,Uzbekistan,12,11,7,1,4,27,15,4,3,0,1,2021-06-15,FIFA World Cup qualification,Saudi Arabia 3-0 Uzbekistan,W,https://raw.githubusercontent.com/martj42/international_results/master/results.csv
Scotland||Senegal,Scotland,Senegal,0,0,0,0,0,0,0,0,0,0,0,,,,,https://raw.githubusercontent.com/martj42/international_results/master/results.csv
Scotland||South Africa,Scotland,South Africa,2,0,1,0,1,1,2,0,0,0,0,2007-08-22,Friendly,Scotland 1-0 South Africa,W,https://raw.githubusercontent.com/martj42/international_results/master/results.csv
Scotland||Spain,Scotland,Spain,15,10,4,4,7,22,25,4,1,0,3,2023-10-12,UEFA Euro qualification,Spain 2-0 Scotland,L,https://raw.githubusercontent.com/martj42/international_results/master/results.csv
Scotland||Sweden,Scotland,Sweden,12,5,5,1,6,14,19,1,0,0,1,2010-08-11,Friendly,Sweden 3-0 Scotland,L,https://raw.githubusercontent.com/martj42/international_results/master/results.csv
Scotland||Switzerland,Scotland,Switzerland,17,10,8,4,5,27,25,1,0,1,0,2024-06-19,UEFA Euro,Scotland 1-1 Switzerland,D,https://raw.githubusercontent.com/martj42/international_results/master/results.csv
Scotland||Tunisia,Scotland,Tunisia,0,0,0,0,0,0,0,0,0,0,0,,,,,https://raw.githubusercontent.com/martj42/international_results/master/results.csv
Scotland||Türkiye,Scotland,Türkiye,2,0,0,0,2,3,6,1,0,0,1,2022-11-16,Friendly,Türkiye 2-1 Scotland,L,https://raw.githubusercontent.com/martj42/international_results/master/results.csv
Scotland||USA,Scotland,USA,10,0,5,3,2,23,10,2,0,1,1,2013-11-15,Friendly,Scotland 0-0 USA,D,https://raw.githubusercontent.com/martj42/international_results/master/results.csv
Scotland||Uruguay,Scotland,Uruguay,4,2,1,1,2,4,10,0,0,0,0,1986-06-13,FIFA World Cup,Scotland 0-0 Uruguay,D,https://raw.githubusercontent.com/martj42/international_results/master/results.csv
Scotland||Uzbekistan,Scotland,Uzbekistan,0,0,0,0,0,0,0,0,0,0,0,,,,,https://raw.githubusercontent.com/martj42/international_results/master/results.csv
Senegal||South Africa,Senegal,South Africa,10,5,4,5,1,12,8,6,2,3,1,2021-07-18,COSAFA Cup,South Africa 0-0 Senegal,D,https://raw.githubusercontent.com/martj42/international_results/master/results.csv
Senegal||Spain,Senegal,Spain,0,0,0,0,0,0,0,0,0,0,0,,,,,https://raw.githubusercontent.com/martj42/international_results/master/results.csv
Senegal||Sweden,Senegal,Sweden,1,1,1,0,0,2,1,0,0,0,0,2002-06-16,FIFA World Cup,Sweden 1-2 Senegal,W,https://raw.githubusercontent.com/martj42/international_results/master/results.csv
Senegal||Switzerland,Senegal,Switzerland,0,0,0,0,0,0,0,0,0,0,0,,,,,https://raw.githubusercontent.com/martj42/international_results/master/results.csv
Senegal||Tunisia,Senegal,Tunisia,21,16,5,7,9,13,22,4,2,1,1,2019-07-14,African Cup of Nations,Senegal 1-0 Tunisia,W,https://raw.githubusercontent.com/martj42/international_results/master/results.csv
Senegal||Türkiye,Senegal,Türkiye,1,1,0,0,1,0,1,0,0,0,0,2002-06-22,FIFA World Cup,Senegal 0-1 Türkiye,L,https://raw.githubusercontent.com/martj42/international_results/master/results.csv
Senegal||USA,Senegal,USA,1,0,0,0,1,2,3,1,0,0,1,2026-05-31,Friendly,USA 3-2 Senegal,L,https://raw.githubusercontent.com/martj42/international_results/master/results.csv
Senegal||Uruguay,Senegal,Uruguay,1,1,0,1,0,3,3,0,0,0,0,2002-06-11,FIFA World Cup,Senegal 3-3 Uruguay,D,https://raw.githubusercontent.com/martj42/international_results/master/results.csv
Senegal||Uzbekistan,Senegal,Uzbekistan,1,0,0,1,0,1,1,1,0,1,0,2018-03-23,Friendly,Senegal 1-1 Uzbekistan,D,https://raw.githubusercontent.com/martj42/international_results/master/results.csv
South Africa||Spain,South Africa,Spain,4,3,1,0,3,5,8,1,1,0,0,2013-11-19,Friendly,South Africa 1-0 Spain,W,https://raw.githubusercontent.com/martj42/international_results/master/results.csv
South Africa||Sweden,South Africa,Sweden,2,0,1,0,1,1,3,0,0,0,0,2001-08-15,Friendly,Sweden 3-0 South Africa,L,https://raw.githubusercontent.com/martj42/international_results/master/results.csv
South Africa||Switzerland,South Africa,Switzerland,0,0,0,0,0,0,0,0,0,0,0,,,,,https://raw.githubusercontent.com/martj42/international_results/master/results.csv
South Africa||Tunisia,South Africa,Tunisia,7,5,2,2,3,7,9,1,0,1,0,2024-01-24,African Cup of Nations,South Africa 0-0 Tunisia,D,https://raw.githubusercontent.com/martj42/international_results/master/results.csv
South Africa||Türkiye,South Africa,Türkiye,1,0,1,0,0,2,0,0,0,0,0,2002-05-23,Friendly,South Africa 2-0 Türkiye,W,https://raw.githubusercontent.com/martj42/international_results/master/results.csv
South Africa||USA,South Africa,USA,3,1,0,0,3,0,6,1,0,0,1,2010-11-17,Friendly,South Africa 0-1 USA,L,https://raw.githubusercontent.com/martj42/international_results/master/results.csv
South Africa||Uruguay,South Africa,Uruguay,3,2,0,1,2,3,7,1,0,0,1,2010-06-16,FIFA World Cup,South Africa 0-3 Uruguay,L,https://raw.githubusercontent.com/martj42/international_results/master/results.csv
South Africa||Uzbekistan,South Africa,Uzbekistan,0,0,0,0,0,0,0,0,0,0,0,,,,,https://raw.githubusercontent.com/martj42/international_results/master/results.csv
Spain||Sweden,Spain,Sweden,18,11,8,6,4,27,18,5,2,2,1,2021-11-14,FIFA World Cup qualification,Spain 1-0 Sweden,W,https://raw.githubusercontent.com/martj42/international_results/master/results.csv
Spain||Switzerland,Spain,Switzerland,27,12,19,6,2,58,24,9,4,3,2,2024-11-18,UEFA Nations League,Spain 3-2 Switzerland,W,https://raw.githubusercontent.com/martj42/international_results/master/results.csv
Spain||Tunisia,Spain,Tunisia,2,1,2,0,0,4,1,1,1,0,0,2018-06-09,Friendly,Tunisia 0-1 Spain,W,https://raw.githubusercontent.com/martj42/international_results/master/results.csv
Spain||Türkiye,Spain,Türkiye,12,10,6,5,1,22,7,3,2,1,0,2025-11-18,FIFA World Cup qualification,Spain 2-2 Türkiye,D,https://raw.githubusercontent.com/martj42/international_results/master/results.csv
Spain||USA,Spain,USA,5,2,4,0,1,10,3,1,1,0,0,2011-06-04,Friendly,USA 0-4 Spain,W,https://raw.githubusercontent.com/martj42/international_results/master/results.csv
Spain||Uruguay,Spain,Uruguay,10,3,5,5,0,16,8,2,2,0,0,2013-06-16,Confederations Cup,Spain 2-1 Uruguay,W,https://raw.githubusercontent.com/martj42/international_results/master/results.csv
Spain||Uzbekistan,Spain,Uzbekistan,0,0,0,0,0,0,0,0,0,0,0,,,,,https://raw.githubusercontent.com/martj42/international_results/master/results.csv
Sweden||Switzerland,Sweden,Switzerland,31,13,11,7,13,48,48,3,1,0,2,2025-11-15,FIFA World Cup qualification,Switzerland 4-1 Sweden,L,https://raw.githubusercontent.com/martj42/international_results/master/results.csv
Sweden||Tunisia,Sweden,Tunisia,4,0,2,1,1,3,2,0,0,0,0,2003-02-12,Friendly,Tunisia 1-0 Sweden,L,https://raw.githubusercontent.com/martj42/international_results/master/results.csv
Sweden||Türkiye,Sweden,Türkiye,12,7,3,4,5,14,15,4,1,0,3,2018-11-17,UEFA Nations League,Türkiye 0-1 Sweden,W,https://raw.githubusercontent.com/martj42/international_results/master/results.csv
Sweden||USA,Sweden,USA,7,1,3,0,4,9,10,0,0,0,0,2009-01-24,Friendly,USA 3-2 Sweden,L,https://raw.githubusercontent.com/martj42/international_results/master/results.csv
Sweden||Uruguay,Sweden,Uruguay,3,3,2,0,1,6,3,0,0,0,0,1974-06-23,FIFA World Cup,Sweden 3-0 Uruguay,W,https://raw.githubusercontent.com/martj42/international_results/master/results.csv
Sweden||Uzbekistan,Sweden,Uzbekistan,1,0,1,0,0,2,1,1,1,0,0,2021-09-05,Friendly,Sweden 2-1 Uzbekistan,W,https://raw.githubusercontent.com/martj42/international_results/master/results.csv
Switzerland||Tunisia,Switzerland,Tunisia,3,0,2,1,0,4,2,1,1,0,0,2012-11-14,Friendly,Tunisia 1-2 Switzerland,W,https://raw.githubusercontent.com/martj42/international_results/master/results.csv
Switzerland||Türkiye,Switzerland,Türkiye,16,10,5,3,8,23,22,1,1,0,0,2021-06-20,UEFA Euro,Switzerland 3-1 Türkiye,W,https://raw.githubusercontent.com/martj42/international_results/master/results.csv
Switzerland||USA,Switzerland,USA,10,2,5,4,1,15,7,3,2,1,0,2025-06-10,Friendly,USA 0-4 Switzerland,W,https://raw.githubusercontent.com/martj42/international_results/master/results.csv
Switzerland||Uruguay,Switzerland,Uruguay,4,1,0,1,3,4,13,1,0,0,1,2010-03-03,Friendly,Switzerland 1-3 Uruguay,L,https://raw.githubusercontent.com/martj42/international_results/master/results.csv
Switzerland||Uzbekistan,Switzerland,Uzbekistan,0,0,0,0,0,0,0,0,0,0,0,,,,,https://raw.githubusercontent.com/martj42/international_results/master/results.csv
Tunisia||Türkiye,Tunisia,Türkiye,5,0,0,4,1,3,6,1,0,1,0,2018-06-01,Friendly,Türkiye 2-2 Tunisia,D,https://raw.githubusercontent.com/martj42/international_results/master/results.csv
Tunisia||USA,Tunisia,USA,1,0,0,1,0,1,1,0,0,0,0,2000-03-12,Friendly,USA 1-1 Tunisia,D,https://raw.githubusercontent.com/martj42/international_results/master/results.csv
Tunisia||Uruguay,Tunisia,Uruguay,1,0,0,1,0,0,0,0,0,0,0,2006-06-02,Friendly,Tunisia 0-0 Uruguay,D,https://raw.githubusercontent.com/martj42/international_results/master/results.csv
Tunisia||Uzbekistan,Tunisia,Uzbekistan,0,0,0,0,0,0,0,0,0,0,0,,,,,https://raw.githubusercontent.com/martj42/international_results/master/results.csv
Türkiye||USA,Türkiye,USA,5,1,2,1,2,7,7,3,1,0,2,2025-06-07,Friendly,USA 1-2 Türkiye,W,https://raw.githubusercontent.com/martj42/international_results/master/results.csv
Türkiye||Uruguay,Türkiye,Uruguay,1,0,0,0,1,2,3,0,0,0,0,2008-05-25,Friendly,Türkiye 2-3 Uruguay,L,https://raw.githubusercontent.com/martj42/international_results/master/results.csv
Türkiye||Uzbekistan,Türkiye,Uzbekistan,1,0,1,0,0,2,0,1,1,0,0,2019-06-02,Friendly,Türkiye 2-0 Uzbekistan,W,https://raw.githubusercontent.com/martj42/international_results/master/results.csv
USA||Uruguay,USA,Uruguay,9,3,3,3,3,11,10,4,1,2,1,2025-11-18,Friendly,USA 5-1 Uruguay,W,https://raw.githubusercontent.com/martj42/international_results/master/results.csv
USA||Uzbekistan,USA,Uzbekistan,1,0,1,0,0,3,0,1,1,0,0,2023-09-09,Friendly,USA 3-0 Uzbekistan,W,https://raw.githubusercontent.com/martj42/international_results/master/results.csv
Uruguay||Uzbekistan,Uruguay,Uzbekistan,2,0,2,0,0,5,1,2,2,0,0,2025-10-13,Friendly,Uzbekistan 1-2 Uruguay,W,https://raw.githubusercontent.com/martj42/international_results/master/results.csv
