team,slot,player,position,club,league,season_id,snapshot_date,transfermarkt_player_id,season_club_matches,season_appearances,season_starts,season_minutes,season_goals,season_assists,imported_role,projected_role,role_score,performance_score,stats_source,source_url,source_note
Czechia,1,Matěj Kovář,GK,PSV Eindhoven,Eredivisie,2025,2026-06-12,550829,47,44,44,3960,0,0,starter,starter,74,83,transfermarkt_performance_game,https://tmapi.transfermarkt.technology/player/550829/performance-game,47 club match rows from Transfermarkt performance-game API for season 2025.
Czechia,2,David Zima,DF,Slavia Prague,CZE,2025,2026-06-12,544149,46,33,31,2596,1,3,starter,rotation,67,73,transfermarkt_performance_game,https://tmapi.transfermarkt.technology/player/544149/performance-game,46 club match rows from Transfermarkt performance-game API for season 2025.
Czechia,3,Tomáš Holeš,DF,Slavia Prague,CZE,2025,2026-06-12,216278,46,30,26,2294,2,4,starter,rotation,60,65,transfermarkt_performance_game,https://tmapi.transfermarkt.technology/player/216278/performance-game,46 club match rows from Transfermarkt performance-game API for season 2025.
Czechia,4,Robin Hranáč,DF,TSG Hoffenheim,Bundesliga,2025,2026-06-12,620217,36,31,28,2423,1,0,starter,rotation,65,69,transfermarkt_performance_game,https://tmapi.transfermarkt.technology/player/620217/performance-game,36 club match rows from Transfermarkt performance-game API for season 2025.
Czechia,5,Vladimír Coufal,DF,TSG Hoffenheim,Bundesliga,2025,2026-06-12,157672,36,35,35,3108,1,9,starter,starter,80,90,transfermarkt_performance_game,https://tmapi.transfermarkt.technology/player/157672/performance-game,36 club match rows from Transfermarkt performance-game API for season 2025.
Czechia,6,Štěpán Chaloupek,DF,Slavia Prague,CZE,2025,2026-06-12,944827,47,39,28,2620,9,5,rotation,rotation,67,77,transfermarkt_performance_game,https://tmapi.transfermarkt.technology/player/944827/performance-game,47 club match rows from Transfermarkt performance-game API for season 2025.
Czechia,7,Ladislav Krejčí,DF,Wolverhampton Wanderers,Premier League,2025,2026-06-12,345911,43,34,32,2856,2,1,rotation,starter,74,83,transfermarkt_performance_game,https://tmapi.transfermarkt.technology/player/345911/performance-game,43 club match rows from Transfermarkt performance-game API for season 2025.
Czechia,8,Vladimír Darida,MF,Hradec Králové,CZE,2025,2026-06-12,179643,38,35,34,2959,12,6,starter,starter,75,83,transfermarkt_performance_game,https://tmapi.transfermarkt.technology/player/179643/performance-game,38 club match rows from Transfermarkt performance-game API for season 2025.
Czechia,9,Adam Hložek,FW,TSG Hoffenheim,Bundesliga,2025,2026-06-12,552057,37,6,1,68,0,0,starter,reserve,23,8,transfermarkt_performance_game,https://tmapi.transfermarkt.technology/player/552057/performance-game,37 club match rows from Transfermarkt performance-game API for season 2025.
Czechia,10,Patrik Schick,FW,Bayer Leverkusen,Bundesliga,2025,2026-06-12,242086,51,42,33,2865,22,4,starter,starter,89,93,transfermarkt_performance_game,https://tmapi.transfermarkt.technology/player/242086/performance-game,51 club match rows from Transfermarkt performance-game API for season 2025.
Czechia,11,Jan Kuchta,FW,Sparta Prague,CZE,2025,2026-06-12,334802,52,45,26,2535,15,11,starter,rotation,67,75,transfermarkt_performance_game,https://tmapi.transfermarkt.technology/player/334802/performance-game,52 club match rows from Transfermarkt performance-game API for season 2025.
Czechia,12,Lukáš Červ,MF,Viktoria Plzeň,CZE,2025,2026-06-12,611049,52,49,46,3983,3,4,starter,starter,73,82,transfermarkt_performance_game,https://tmapi.transfermarkt.technology/player/611049/performance-game,52 club match rows from Transfermarkt performance-game API for season 2025.
Czechia,13,Mojmír Chytil,FW,Slavia Prague,CZE,2025,2026-06-12,405855,46,37,18,1795,14,1,starter,rotation,52,54,transfermarkt_performance_game,https://tmapi.transfermarkt.technology/player/405855/performance-game,46 club match rows from Transfermarkt performance-game API for season 2025.
Czechia,14,David Jurásek,DF,Slavia Prague,CZE,2025,2026-06-12,500054,44,34,28,2502,1,6,rotation,rotation,62,72,transfermarkt_performance_game,https://tmapi.transfermarkt.technology/player/500054/performance-game,44 club match rows from Transfermarkt performance-game API for season 2025.
Czechia,15,Pavel Šulc,FW,Lyon,Ligue 1,2025,2026-06-12,500053,52,42,28,2604,15,10,rotation,starter,78,84,transfermarkt_performance_game,https://tmapi.transfermarkt.technology/player/500053/performance-game,52 club match rows from Transfermarkt performance-game API for season 2025.
Czechia,16,Jindřich Staněk,GK,Slavia Prague,CZE,2025,2026-06-12,242089,46,25,25,2250,0,0,reserve,rotation,42,51,transfermarkt_performance_game,https://tmapi.transfermarkt.technology/player/242089/performance-game,46 club match rows from Transfermarkt performance-game API for season 2025.
Czechia,17,Lukáš Provod,MF,Slavia Prague,CZE,2025,2026-06-12,292779,46,39,36,3216,8,13,starter,starter,78,86,transfermarkt_performance_game,https://tmapi.transfermarkt.technology/player/292779/performance-game,46 club match rows from Transfermarkt performance-game API for season 2025.
Czechia,18,Michal Sadílek,MF,Slavia Prague,CZE,2025,2026-06-12,321204,46,39,32,2872,2,5,starter,starter,73,78,transfermarkt_performance_game,https://tmapi.transfermarkt.technology/player/321204/performance-game,46 club match rows from Transfermarkt performance-game API for season 2025.
Czechia,19,Tomáš Chorý,FW,Slavia Prague,CZE,2025,2026-06-12,198614,46,33,28,2421,17,6,rotation,rotation,67,73,transfermarkt_performance_game,https://tmapi.transfermarkt.technology/player/198614/performance-game,46 club match rows from Transfermarkt performance-game API for season 2025.
Czechia,20,Jaroslav Zelený,DF,Sparta Prague,CZE,2025,2026-06-12,142219,52,36,31,2597,1,3,rotation,rotation,60,72,transfermarkt_performance_game,https://tmapi.transfermarkt.technology/player/142219/performance-game,52 club match rows from Transfermarkt performance-game API for season 2025.
Czechia,21,David Douděra,DF,Slavia Prague,CZE,2025,2026-06-12,493758,46,29,23,1940,1,5,squad,rotation,49,58,transfermarkt_performance_game,https://tmapi.transfermarkt.technology/player/493758/performance-game,46 club match rows from Transfermarkt performance-game API for season 2025.
Czechia,22,Tomáš Souček,MF,West Ham United,Premier League,2025,2026-06-12,283628,44,40,27,2623,6,0,rotation,starter,74,79,transfermarkt_performance_game,https://tmapi.transfermarkt.technology/player/283628/performance-game,44 club match rows from Transfermarkt performance-game API for season 2025.
Czechia,23,Lukáš Horníček,GK,Braga,Primeira Liga,2025,2026-06-12,629773,61,55,55,4970,0,0,reserve,starter,73,85,transfermarkt_performance_game,https://tmapi.transfermarkt.technology/player/629773/performance-game,61 club match rows from Transfermarkt performance-game API for season 2025.
Czechia,24,Alexandr Sojka,MF,Viktoria Plzeň,CZE,2025,2026-06-12,826103,42,38,22,2292,4,3,rotation,rotation,51,61,transfermarkt_performance_game,https://tmapi.transfermarkt.technology/player/826103/performance-game,42 club match rows from Transfermarkt performance-game API for season 2025.
Czechia,25,Hugo Sochůrek,MF,Sparta Prague,CZE,2025,2026-06-12,1206877,35,21,16,1431,0,3,rotation,reserve,36,38,transfermarkt_performance_game,https://tmapi.transfermarkt.technology/player/1206877/performance-game,35 club match rows from Transfermarkt performance-game API for season 2025.
Czechia,26,Denis Višinský,FW,Viktoria Plzeň,CZE,2025,2026-06-12,652060,52,41,28,2316,9,3,rotation,rotation,56,67,transfermarkt_performance_game,https://tmapi.transfermarkt.technology/player/652060/performance-game,52 club match rows from Transfermarkt performance-game API for season 2025.
Mexico,1,Raúl Rangel,GK,Guadalajara,Liga MX,2025,2026-06-12,802855,40,34,34,3060,0,0,starter,rotation,65,70,transfermarkt_performance_game,https://tmapi.transfermarkt.technology/player/802855/performance-game,40 club match rows from Transfermarkt performance-game API for season 2025.
Mexico,2,Jorge Sánchez,DF,PAOK,GRE,2025,2026-06-12,356044,44,31,25,2237,1,2,starter,rotation,60,62,transfermarkt_performance_game,https://tmapi.transfermarkt.technology/player/356044/performance-game,44 club match rows from Transfermarkt performance-game API for season 2025.
Mexico,3,César Montes,DF,Lokomotiv Moscow,RUS,2025,2026-06-12,387687,40,29,29,2416,4,1,starter,starter,72,72,transfermarkt_performance_game,https://tmapi.transfermarkt.technology/player/387687/performance-game,40 club match rows from Transfermarkt performance-game API for season 2025.
Mexico,4,Edson Álvarez,DF,Fenerbahçe,TUR,2025,2026-06-12,401356,52,18,14,1126,0,1,starter,rotation,49,38,transfermarkt_performance_game,https://tmapi.transfermarkt.technology/player/401356/performance-game,52 club match rows from Transfermarkt performance-game API for season 2025.
Mexico,5,Johan Vásquez,DF,Genoa,Serie A,2025,2026-06-12,532937,41,39,39,3487,1,0,starter,starter,82,87,transfermarkt_performance_game,https://tmapi.transfermarkt.technology/player/532937/performance-game,41 club match rows from Transfermarkt performance-game API for season 2025.
Mexico,6,Érik Lira,MF,Cruz Azul,Liga MX,2025,2026-06-12,602324,51,44,40,3580,1,0,starter,starter,77,82,transfermarkt_performance_game,https://tmapi.transfermarkt.technology/player/602324/performance-game,51 club match rows from Transfermarkt performance-game API for season 2025.
Mexico,7,Luis Romo,MF,Guadalajara,Liga MX,2025,2026-06-12,532938,40,28,28,2453,1,2,starter,rotation,63,65,transfermarkt_performance_game,https://tmapi.transfermarkt.technology/player/532938/performance-game,40 club match rows from Transfermarkt performance-game API for season 2025.
Mexico,8,Álvaro Fidalgo,MF,Real Betis,La Liga,2025,2026-06-12,261503,45,34,27,2283,2,0,starter,rotation,61,66,transfermarkt_performance_game,https://tmapi.transfermarkt.technology/player/261503/performance-game,45 club match rows from Transfermarkt performance-game API for season 2025.
Mexico,9,Raúl Jiménez,FW,Fulham,Premier League,2025,2026-06-12,206040,45,43,31,2562,10,3,starter,starter,76,82,transfermarkt_performance_game,https://tmapi.transfermarkt.technology/player/206040/performance-game,45 club match rows from Transfermarkt performance-game API for season 2025.
Mexico,10,Alexis Vega,FW,Toluca,Liga MX,2025,2026-06-12,424689,49,26,18,1665,4,12,starter,rotation,56,53,transfermarkt_performance_game,https://tmapi.transfermarkt.technology/player/424689/performance-game,49 club match rows from Transfermarkt performance-game API for season 2025.
Mexico,11,Santiago Giménez,FW,Milan,Serie A,2025,2026-06-12,552955,42,18,12,1037,1,3,starter,rotation,50,38,transfermarkt_performance_game,https://tmapi.transfermarkt.technology/player/552955/performance-game,42 club match rows from Transfermarkt performance-game API for season 2025.
Mexico,12,Carlos Acevedo,GK,Santos Laguna,Liga MX,2025,2026-06-12,356042,34,32,32,2860,0,0,reserve,rotation,52,64,transfermarkt_performance_game,https://tmapi.transfermarkt.technology/player/356042/performance-game,34 club match rows from Transfermarkt performance-game API for season 2025.
Mexico,13,Guillermo Ochoa,GK,AEL Limassol,CYP,2025,2026-06-12,29559,36,26,26,2370,0,0,reserve,rotation,49,56,transfermarkt_performance_game,https://tmapi.transfermarkt.technology/player/29559/performance-game,36 club match rows from Transfermarkt performance-game API for season 2025.
Mexico,14,Armando González,FW,Guadalajara,Liga MX,2025,2026-06-12,837619,40,35,31,2456,24,2,starter,starter,74,77,transfermarkt_performance_game,https://tmapi.transfermarkt.technology/player/837619/performance-game,40 club match rows from Transfermarkt performance-game API for season 2025.
Mexico,15,Israel Reyes,DF,América,Liga MX,2025,2026-06-12,687558,44,38,36,3291,0,2,rotation,starter,70,80,transfermarkt_performance_game,https://tmapi.transfermarkt.technology/player/687558/performance-game,44 club match rows from Transfermarkt performance-game API for season 2025.
Mexico,16,Julián Quiñones,FW,Al-Qadsiah,Saudi Pro League,2025,2026-06-12,416090,38,35,35,3041,37,4,rotation,starter,78,87,transfermarkt_performance_game,https://tmapi.transfermarkt.technology/player/416090/performance-game,38 club match rows from Transfermarkt performance-game API for season 2025.
Mexico,17,Orbelín Pineda,MF,AEK Athens,GRE,2025,2026-06-12,334042,53,50,44,3877,5,5,starter,starter,81,86,transfermarkt_performance_game,https://tmapi.transfermarkt.technology/player/334042/performance-game,53 club match rows from Transfermarkt performance-game API for season 2025.
Mexico,18,Obed Vargas,MF,Atlético Madrid,La Liga,2025,2026-06-12,889435,28,13,8,750,0,1,rotation,reserve,30,25,transfermarkt_performance_game,https://tmapi.transfermarkt.technology/player/889435/performance-game,28 club match rows from Transfermarkt performance-game API for season 2025.
Mexico,19,Gilberto Mora,MF,Tijuana,Liga MX,2025,2026-06-12,1155723,37,20,17,1394,6,1,rotation,rotation,43,42,transfermarkt_performance_game,https://tmapi.transfermarkt.technology/player/1155723/performance-game,37 club match rows from Transfermarkt performance-game API for season 2025.
Mexico,20,Mateo Chávez,DF,AZ,Eredivisie,2025,2026-06-12,1066953,87,34,19,1715,1,2,rotation,rotation,47,52,transfermarkt_performance_game,https://tmapi.transfermarkt.technology/player/1066953/performance-game,87 club match rows from Transfermarkt performance-game API for season 2025.
Mexico,21,César Huerta,FW,Anderlecht,BEL,2025,2026-06-12,540315,52,17,12,832,2,0,rotation,reserve,29,27,transfermarkt_performance_game,https://tmapi.transfermarkt.technology/player/540315/performance-game,52 club match rows from Transfermarkt performance-game API for season 2025.
Mexico,22,Guillermo Martínez,FW,Pumas,Liga MX,2025,2026-06-12,347932,43,28,13,1385,9,0,rotation,reserve,37,40,transfermarkt_performance_game,https://tmapi.transfermarkt.technology/player/347932/performance-game,43 club match rows from Transfermarkt performance-game API for season 2025.
Mexico,23,Jesús Gallardo,DF,Toluca,Liga MX,2025,2026-06-12,344854,49,38,34,3171,8,6,rotation,starter,76,87,transfermarkt_performance_game,https://tmapi.transfermarkt.technology/player/344854/performance-game,49 club match rows from Transfermarkt performance-game API for season 2025.
Mexico,24,Luis Chávez,MF,Dynamo Moscow,RUS,2025,2026-06-12,331059,42,5,2,164,0,0,rotation,reserve,19,9,transfermarkt_performance_game,https://tmapi.transfermarkt.technology/player/331059/performance-game,42 club match rows from Transfermarkt performance-game API for season 2025.
Mexico,25,Roberto Alvarado,FW,Guadalajara,Liga MX,2025,2026-06-12,353583,40,31,27,2369,4,5,rotation,rotation,64,68,transfermarkt_performance_game,https://tmapi.transfermarkt.technology/player/353583/performance-game,40 club match rows from Transfermarkt performance-game API for season 2025.
Mexico,26,Brian Gutiérrez,MF,Guadalajara,Liga MX,2025,2026-06-12,724443,21,17,9,916,2,2,rotation,reserve,31,28,transfermarkt_performance_game,https://tmapi.transfermarkt.technology/player/724443/performance-game,21 club match rows from Transfermarkt performance-game API for season 2025.
South Africa,1,Ronwen Williams,GK,Mamelodi Sundowns,RSA,2025,2026-06-12,175577,50,45,45,4080,0,0,starter,starter,72,80,transfermarkt_performance_game,https://tmapi.transfermarkt.technology/player/175577/performance-game,50 club match rows from Transfermarkt performance-game API for season 2025.
South Africa,2,Thabang Matuludi,DF,Polokwane City,RSA,2025,2026-06-12,1109254,33,25,24,2190,2,0,starter,rotation,52,57,transfermarkt_performance_game,https://tmapi.transfermarkt.technology/player/1109254/performance-game,33 club match rows from Transfermarkt performance-game API for season 2025.
South Africa,3,Khulumani Ndamane,DF,Mamelodi Sundowns,RSA,2025,2026-06-12,1283140,46,37,35,3132,0,2,starter,rotation,68,78,transfermarkt_performance_game,https://tmapi.transfermarkt.technology/player/1283140/performance-game,46 club match rows from Transfermarkt performance-game API for season 2025.
South Africa,4,Teboho Mokoena,MF,Mamelodi Sundowns,RSA,2025,2026-06-12,436372,50,41,35,3175,7,2,starter,starter,76,83,transfermarkt_performance_game,https://tmapi.transfermarkt.technology/player/436372/performance-game,50 club match rows from Transfermarkt performance-game API for season 2025.
South Africa,5,Thalente Mbatha,MF,Orlando Pirates,RSA,2025,2026-06-12,735697,44,29,27,2197,1,1,starter,rotation,56,59,transfermarkt_performance_game,https://tmapi.transfermarkt.technology/player/735697/performance-game,44 club match rows from Transfermarkt performance-game API for season 2025.
South Africa,6,Aubrey Modiba,DF,Mamelodi Sundowns,RSA,2025,2026-06-12,353432,43,42,34,3101,1,7,starter,starter,77,87,transfermarkt_performance_game,https://tmapi.transfermarkt.technology/player/353432/performance-game,43 club match rows from Transfermarkt performance-game API for season 2025.
South Africa,7,Oswin Appollis,FW,Orlando Pirates,RSA,2025,2026-06-12,673381,44,43,34,3140,12,9,starter,starter,77,86,transfermarkt_performance_game,https://tmapi.transfermarkt.technology/player/673381/performance-game,44 club match rows from Transfermarkt performance-game API for season 2025.
South Africa,8,Tshepang Moremi,FW,Orlando Pirates,RSA,2025,2026-06-12,844485,44,39,25,2308,11,5,starter,rotation,60,66,transfermarkt_performance_game,https://tmapi.transfermarkt.technology/player/844485/performance-game,44 club match rows from Transfermarkt performance-game API for season 2025.
South Africa,9,Lyle Foster,FW,Burnley,Premier League,2025,2026-06-12,467623,42,27,16,1462,3,3,starter,rotation,58,50,transfermarkt_performance_game,https://tmapi.transfermarkt.technology/player/467623/performance-game,42 club match rows from Transfermarkt performance-game API for season 2025.
South Africa,10,Relebohile Mofokeng,FW,Orlando Pirates,RSA,2025,2026-06-12,1125037,44,36,31,2902,11,9,starter,starter,73,81,transfermarkt_performance_game,https://tmapi.transfermarkt.technology/player/1125037/performance-game,44 club match rows from Transfermarkt performance-game API for season 2025.
South Africa,11,Themba Zwane,MF,Mamelodi Sundowns,RSA,2025,2026-06-12,176578,33,23,7,754,0,1,starter,reserve,32,24,transfermarkt_performance_game,https://tmapi.transfermarkt.technology/player/176578/performance-game,33 club match rows from Transfermarkt performance-game API for season 2025.
South Africa,12,Thapelo Maseko,FW,AEL Limassol,CYP,2025,2026-06-12,983330,41,22,10,943,2,1,rotation,reserve,28,28,transfermarkt_performance_game,https://tmapi.transfermarkt.technology/player/983330/performance-game,41 club match rows from Transfermarkt performance-game API for season 2025.
South Africa,13,Sphephelo Sithole,MF,Tondela,Primeira Liga,2025,2026-06-12,,0,0,0,0,0,0,starter,rotation,44,44,no_transfermarkt_player_match,,"No matched Transfermarkt player URL; role score uses squad role, market value, caps and availability only."
South Africa,14,Mbekezeli Mbokazi,DF,Chicago Fire FC,MLS,2025,2026-06-12,1378320,41,35,33,3049,1,1,starter,starter,72,79,transfermarkt_performance_game,https://tmapi.transfermarkt.technology/player/1378320/performance-game,41 club match rows from Transfermarkt performance-game API for season 2025.
South Africa,15,Iqraam Rayners,FW,Mamelodi Sundowns,RSA,2025,2026-06-12,337884,50,36,23,2063,16,3,rotation,rotation,56,63,transfermarkt_performance_game,https://tmapi.transfermarkt.technology/player/337884/performance-game,50 club match rows from Transfermarkt performance-game API for season 2025.
South Africa,16,Sipho Chaine,GK,Orlando Pirates,RSA,2025,2026-06-12,453370,43,42,42,3831,0,0,reserve,rotation,61,77,transfermarkt_performance_game,https://tmapi.transfermarkt.technology/player/453370/performance-game,43 club match rows from Transfermarkt performance-game API for season 2025.
South Africa,17,Evidence Makgopa,FW,Orlando Pirates,RSA,2025,2026-06-12,746781,44,31,17,1484,7,4,rotation,rotation,43,46,transfermarkt_performance_game,https://tmapi.transfermarkt.technology/player/746781/performance-game,44 club match rows from Transfermarkt performance-game API for season 2025.
South Africa,18,Samukele Kabini,DF,Molde,NOR,2025,2026-06-12,1175086,13,9,9,828,0,1,rotation,reserve,27,23,transfermarkt_performance_game,https://tmapi.transfermarkt.technology/player/1175086/performance-game,13 club match rows from Transfermarkt performance-game API for season 2025.
South Africa,19,Nkosinathi Sibisi,DF,Orlando Pirates,RSA,2025,2026-06-12,399068,44,30,27,2463,0,0,rotation,rotation,55,63,transfermarkt_performance_game,https://tmapi.transfermarkt.technology/player/399068/performance-game,44 club match rows from Transfermarkt performance-game API for season 2025.
South Africa,20,Khuliso Mudau,DF,Mamelodi Sundowns,RSA,2025,2026-06-12,450806,37,36,32,2865,1,3,rotation,rotation,66,77,transfermarkt_performance_game,https://tmapi.transfermarkt.technology/player/450806/performance-game,37 club match rows from Transfermarkt performance-game API for season 2025.
South Africa,21,Ime Okon,DF,Hannover 96,Bundesliga,2025,2026-06-12,1107265,35,26,20,1806,2,0,rotation,rotation,47,52,transfermarkt_performance_game,https://tmapi.transfermarkt.technology/player/1107265/performance-game,35 club match rows from Transfermarkt performance-game API for season 2025.
South Africa,22,Ricardo Goss,GK,Siwelele,RSA,2025,2026-06-12,258304,32,30,30,2730,0,0,reserve,rotation,48,60,transfermarkt_performance_game,https://tmapi.transfermarkt.technology/player/258304/performance-game,32 club match rows from Transfermarkt performance-game API for season 2025.
South Africa,23,Jayden Adams,MF,Mamelodi Sundowns,RSA,2025,2026-06-12,804472,50,37,27,2381,2,1,rotation,rotation,55,64,transfermarkt_performance_game,https://tmapi.transfermarkt.technology/player/804472/performance-game,50 club match rows from Transfermarkt performance-game API for season 2025.
South Africa,24,Olwethu Makhanya,DF,Philadelphia Union,MLS,2025,2026-06-12,1069801,19,17,17,1468,1,0,squad,reserve,36,39,transfermarkt_performance_game,https://tmapi.transfermarkt.technology/player/1069801/performance-game,19 club match rows from Transfermarkt performance-game API for season 2025.
South Africa,25,Kamogelo Sebelebele,FW,Orlando Pirates,RSA,2025,2026-06-12,994370,44,33,25,2344,6,2,rotation,rotation,53,62,transfermarkt_performance_game,https://tmapi.transfermarkt.technology/player/994370/performance-game,44 club match rows from Transfermarkt performance-game API for season 2025.
South Africa,26,Bradley Cross,DF,Kaizer Chiefs,RSA,2025,2026-06-12,555209,42,28,25,2208,0,1,squad,rotation,47,57,transfermarkt_performance_game,https://tmapi.transfermarkt.technology/player/555209/performance-game,42 club match rows from Transfermarkt performance-game API for season 2025.
Korea Republic,1,Kim Seung-gyu,GK,FC Tokyo,J1 League,2025,2026-06-12,92076,20,16,16,1440,0,0,starter,rotation,41,35,transfermarkt_performance_game,https://tmapi.transfermarkt.technology/player/92076/performance-game,20 club match rows from Transfermarkt performance-game API for season 2025.
Korea Republic,2,Lee Han-beom,DF,Midtjylland,DEN,2025,2026-06-12,706963,56,50,39,3850,4,4,starter,starter,73,85,transfermarkt_performance_game,https://tmapi.transfermarkt.technology/player/706963/performance-game,56 club match rows from Transfermarkt performance-game API for season 2025.
Korea Republic,3,Lee Gi-hyuk,MF,Gangwon FC,K League 1,2025,2026-06-12,763349,25,21,19,1757,0,0,starter,rotation,41,43,transfermarkt_performance_game,https://tmapi.transfermarkt.technology/player/763349/performance-game,25 club match rows from Transfermarkt performance-game API for season 2025.
Korea Republic,4,Kim Min-jae,DF,Bayern Munich,Bundesliga,2025,2026-06-12,503482,55,37,23,2051,1,1,starter,starter,70,67,transfermarkt_performance_game,https://tmapi.transfermarkt.technology/player/503482/performance-game,55 club match rows from Transfermarkt performance-game API for season 2025.
Korea Republic,5,Kim Tae-hyeon,DF,Kashima Antlers,J1 League,2025,2026-06-12,,0,0,0,0,0,0,starter,rotation,47,47,no_transfermarkt_player_match,,"No matched Transfermarkt player URL; role score uses squad role, market value, caps and availability only."
Korea Republic,6,Hwang In-beom,MF,Feyenoord,Eredivisie,2025,2026-06-12,365394,45,24,18,1385,1,5,starter,rotation,50,46,transfermarkt_performance_game,https://tmapi.transfermarkt.technology/player/365394/performance-game,45 club match rows from Transfermarkt performance-game API for season 2025.
Korea Republic,7,Son Heung-min,FW,Los Angeles FC,MLS,2025,2026-06-12,,0,0,0,0,0,0,starter,rotation,65,65,no_transfermarkt_player_match,,"No matched Transfermarkt player URL; role score uses squad role, market value, caps and availability only."
Korea Republic,8,Paik Seung-ho,MF,Birmingham City,Premier League,2025,2026-06-12,282689,50,46,39,3532,4,1,starter,starter,74,86,transfermarkt_performance_game,https://tmapi.transfermarkt.technology/player/282689/performance-game,50 club match rows from Transfermarkt performance-game API for season 2025.
Korea Republic,9,Cho Gue-sung,FW,Midtjylland,DEN,2025,2026-06-12,652537,56,43,28,2488,7,1,starter,rotation,64,70,transfermarkt_performance_game,https://tmapi.transfermarkt.technology/player/652537/performance-game,56 club match rows from Transfermarkt performance-game API for season 2025.
Korea Republic,10,Lee Jae-sung,MF,Mainz 05,Bundesliga,2025,2026-06-12,314398,48,39,32,2784,6,4,starter,starter,76,83,transfermarkt_performance_game,https://tmapi.transfermarkt.technology/player/314398/performance-game,48 club match rows from Transfermarkt performance-game API for season 2025.
Korea Republic,11,Hwang Hee-chan,MF,Wolverhampton Wanderers,Premier League,2025,2026-06-12,292246,44,31,22,1761,3,4,rotation,rotation,56,58,transfermarkt_performance_game,https://tmapi.transfermarkt.technology/player/292246/performance-game,44 club match rows from Transfermarkt performance-game API for season 2025.
Korea Republic,12,Song Bum-keun,GK,Jeonbuk Hyundai Motors,K League 1,2025,2026-06-12,508237,16,16,16,1440,0,0,reserve,reserve,27,32,transfermarkt_performance_game,https://tmapi.transfermarkt.technology/player/508237/performance-game,16 club match rows from Transfermarkt performance-game API for season 2025.
Korea Republic,13,Lee Tae-seok,DF,Austria Wien,AUT,2025,2026-06-12,639027,34,30,29,2574,3,5,starter,rotation,64,72,transfermarkt_performance_game,https://tmapi.transfermarkt.technology/player/639027/performance-game,34 club match rows from Transfermarkt performance-game API for season 2025.
Korea Republic,14,Cho Wi-je,DF,Jeonbuk Hyundai Motors,K League 1,2025,2026-06-12,550978,16,12,12,1066,2,0,rotation,reserve,27,28,transfermarkt_performance_game,https://tmapi.transfermarkt.technology/player/550978/performance-game,16 club match rows from Transfermarkt performance-game API for season 2025.
Korea Republic,15,Kim Moon-hwan,DF,Daejeon Hana Citizen,K League 1,2025,2026-06-12,524592,16,16,13,1196,0,1,rotation,reserve,32,32,transfermarkt_performance_game,https://tmapi.transfermarkt.technology/player/524592/performance-game,16 club match rows from Transfermarkt performance-game API for season 2025.
Korea Republic,16,Park Jin-seob,DF,Zhejiang,CHN,2025,2026-06-12,557469,15,13,13,1124,0,0,rotation,reserve,29,29,transfermarkt_performance_game,https://tmapi.transfermarkt.technology/player/557469/performance-game,15 club match rows from Transfermarkt performance-game API for season 2025.
Korea Republic,17,Bae Jun-ho,MF,Stoke City,Premier League,2025,2026-06-12,912081,50,45,33,3061,3,3,rotation,starter,70,85,transfermarkt_performance_game,https://tmapi.transfermarkt.technology/player/912081/performance-game,50 club match rows from Transfermarkt performance-game API for season 2025.
Korea Republic,18,Oh Hyeon-gyu,FW,Beşiktaş,TUR,2025,2026-06-12,639246,53,48,39,3361,18,7,starter,starter,81,89,transfermarkt_performance_game,https://tmapi.transfermarkt.technology/player/639246/performance-game,53 club match rows from Transfermarkt performance-game API for season 2025.
Korea Republic,19,Lee Kang-in,MF,Paris Saint-Germain,Ligue 1,2025,2026-06-12,557149,56,39,19,1843,4,5,rotation,rotation,64,62,transfermarkt_performance_game,https://tmapi.transfermarkt.technology/player/557149/performance-game,56 club match rows from Transfermarkt performance-game API for season 2025.
Korea Republic,20,Yang Hyun-jun,MF,Celtic,SCO,2025,2026-06-12,853110,59,47,40,3068,10,3,rotation,starter,68,83,transfermarkt_performance_game,https://tmapi.transfermarkt.technology/player/853110/performance-game,59 club match rows from Transfermarkt performance-game API for season 2025.
Korea Republic,21,Jo Hyeon-woo,GK,Ulsan HD,K League 1,2025,2026-06-12,260171,23,20,20,1800,0,0,reserve,reserve,37,42,transfermarkt_performance_game,https://tmapi.transfermarkt.technology/player/260171/performance-game,23 club match rows from Transfermarkt performance-game API for season 2025.
Korea Republic,22,Seol Young-woo,DF,Red Star Belgrade,SRB,2025,2026-06-12,639414,58,50,48,4329,2,7,rotation,starter,74,87,transfermarkt_performance_game,https://tmapi.transfermarkt.technology/player/639414/performance-game,58 club match rows from Transfermarkt performance-game API for season 2025.
Korea Republic,23,Jens Castrop,DF,Borussia Mönchengladbach,Bundesliga,2025,2026-06-12,613192,37,28,20,1618,3,1,squad,rotation,46,52,transfermarkt_performance_game,https://tmapi.transfermarkt.technology/player/613192/performance-game,37 club match rows from Transfermarkt performance-game API for season 2025.
Korea Republic,24,Kim Jin-gyu,MF,Jeonbuk Hyundai Motors,K League 1,2025,2026-06-12,365377,16,16,15,1174,1,1,squad,reserve,30,32,transfermarkt_performance_game,https://tmapi.transfermarkt.technology/player/365377/performance-game,16 club match rows from Transfermarkt performance-game API for season 2025.
Korea Republic,25,Eom Ji-sung,MF,Swansea City,WAL,2025,2026-06-12,706968,51,48,34,2715,3,6,squad,rotation,61,76,transfermarkt_performance_game,https://tmapi.transfermarkt.technology/player/706968/performance-game,51 club match rows from Transfermarkt performance-game API for season 2025.
Korea Republic,26,Lee Dong-gyeong,MF,Ulsan HD,K League 1,2025,2026-06-12,558086,20,18,13,1252,5,3,squad,reserve,32,35,transfermarkt_performance_game,https://tmapi.transfermarkt.technology/player/558086/performance-game,20 club match rows from Transfermarkt performance-game API for season 2025.
Bosnia and Herzegovina,1,Nikola Vasilj,GK,FC St. Pauli,Bundesliga,2025,2026-06-12,248454,38,36,36,3270,0,0,starter,starter,69,78,transfermarkt_performance_game,https://tmapi.transfermarkt.technology/player/248454/performance-game,38 club match rows from Transfermarkt performance-game API for season 2025.
Bosnia and Herzegovina,2,Nihad Mujakić,DF,Gaziantep,TUR,2025,2026-06-12,380919,39,29,26,2383,0,1,starter,rotation,55,61,transfermarkt_performance_game,https://tmapi.transfermarkt.technology/player/380919/performance-game,39 club match rows from Transfermarkt performance-game API for season 2025.
Bosnia and Herzegovina,3,Dennis Hadžikadunić,DF,Sampdoria,Serie A,2025,2026-06-12,322065,46,28,25,2213,0,1,starter,rotation,56,61,transfermarkt_performance_game,https://tmapi.transfermarkt.technology/player/322065/performance-game,46 club match rows from Transfermarkt performance-game API for season 2025.
Bosnia and Herzegovina,4,Tarik Muharemović,DF,Sassuolo,Serie A,2025,2026-06-12,679423,40,33,33,2925,2,2,starter,starter,83,87,transfermarkt_performance_game,https://tmapi.transfermarkt.technology/player/679423/performance-game,40 club match rows from Transfermarkt performance-game API for season 2025.
Bosnia and Herzegovina,5,Sead Kolašinac,DF,Atalanta,Serie A,2025,2026-06-12,94005,54,28,23,1807,0,0,starter,rotation,55,54,transfermarkt_performance_game,https://tmapi.transfermarkt.technology/player/94005/performance-game,54 club match rows from Transfermarkt performance-game API for season 2025.
Bosnia and Herzegovina,6,Benjamin Tahirović,MF,Brøndby,DEN,2025,2026-06-12,787907,41,32,18,1608,1,1,starter,rotation,47,46,transfermarkt_performance_game,https://tmapi.transfermarkt.technology/player/787907/performance-game,41 club match rows from Transfermarkt performance-game API for season 2025.
Bosnia and Herzegovina,7,Amar Dedić,DF,Benfica,Primeira Liga,2025,2026-06-12,519184,55,43,39,3515,1,5,rotation,starter,79,90,transfermarkt_performance_game,https://tmapi.transfermarkt.technology/player/519184/performance-game,55 club match rows from Transfermarkt performance-game API for season 2025.
Bosnia and Herzegovina,8,Armin Gigović,MF,Young Boys,SUI,2025,2026-06-12,651269,48,42,35,2823,5,5,starter,starter,68,78,transfermarkt_performance_game,https://tmapi.transfermarkt.technology/player/651269/performance-game,48 club match rows from Transfermarkt performance-game API for season 2025.
Bosnia and Herzegovina,9,Samed Baždar,FW,Jagiellonia Białystok,POL,2025,2026-06-12,710969,45,27,8,875,6,2,starter,reserve,32,28,transfermarkt_performance_game,https://tmapi.transfermarkt.technology/player/710969/performance-game,45 club match rows from Transfermarkt performance-game API for season 2025.
Bosnia and Herzegovina,10,Ermedin Demirović,FW,VfB Stuttgart,Bundesliga,2025,2026-06-12,335457,53,38,26,2367,15,5,starter,starter,78,78,transfermarkt_performance_game,https://tmapi.transfermarkt.technology/player/335457/performance-game,53 club match rows from Transfermarkt performance-game API for season 2025.
Bosnia and Herzegovina,11,Edin Džeko,FW,Schalke 04,Bundesliga,2025,2026-06-12,28396,45,29,14,1321,8,3,starter,rotation,50,46,transfermarkt_performance_game,https://tmapi.transfermarkt.technology/player/28396/performance-game,45 club match rows from Transfermarkt performance-game API for season 2025.
Bosnia and Herzegovina,12,Mladen Jurkas,GK,Borac Banja Luka,BIH,2025,2026-06-12,952692,39,32,32,2880,0,0,reserve,rotation,49,63,transfermarkt_performance_game,https://tmapi.transfermarkt.technology/player/952692/performance-game,39 club match rows from Transfermarkt performance-game API for season 2025.
Bosnia and Herzegovina,13,Ivan Bašić,MF,Astana,KAZ,2025,2026-06-12,620560,18,14,14,1250,3,3,starter,reserve,36,34,transfermarkt_performance_game,https://tmapi.transfermarkt.technology/player/620560/performance-game,18 club match rows from Transfermarkt performance-game API for season 2025.
Bosnia and Herzegovina,14,Ivan Šunjić,MF,Pafos,CYP,2025,2026-06-12,226097,56,46,45,3936,4,3,starter,starter,70,80,transfermarkt_performance_game,https://tmapi.transfermarkt.technology/player/226097/performance-game,56 club match rows from Transfermarkt performance-game API for season 2025.
Bosnia and Herzegovina,15,Amar Memić,MF,Viktoria Plzeň,CZE,2025,2026-06-12,638990,52,44,38,3499,3,10,rotation,starter,69,83,transfermarkt_performance_game,https://tmapi.transfermarkt.technology/player/638990/performance-game,52 club match rows from Transfermarkt performance-game API for season 2025.
Bosnia and Herzegovina,16,Amir Hadžiahmetović,MF,Hull City,Premier League,2025,2026-06-12,293213,55,41,28,2357,0,3,rotation,rotation,61,70,transfermarkt_performance_game,https://tmapi.transfermarkt.technology/player/293213/performance-game,55 club match rows from Transfermarkt performance-game API for season 2025.
Bosnia and Herzegovina,17,Dženis Burnić,MF,Karlsruher SC,Bundesliga,2025,2026-06-12,251295,36,33,24,2116,1,2,rotation,rotation,51,60,transfermarkt_performance_game,https://tmapi.transfermarkt.technology/player/251295/performance-game,36 club match rows from Transfermarkt performance-game API for season 2025.
Bosnia and Herzegovina,18,Nikola Katić,DF,Schalke 04,Bundesliga,2025,2026-06-12,422051,36,28,27,2451,1,4,rotation,rotation,58,70,transfermarkt_performance_game,https://tmapi.transfermarkt.technology/player/422051/performance-game,36 club match rows from Transfermarkt performance-game API for season 2025.
Bosnia and Herzegovina,19,Kerim Alajbegović,FW,Red Bull Salzburg,AUT,2025,2026-06-12,929994,49,44,30,2682,13,4,starter,starter,77,81,transfermarkt_performance_game,https://tmapi.transfermarkt.technology/player/929994/performance-game,49 club match rows from Transfermarkt performance-game API for season 2025.
Bosnia and Herzegovina,20,Esmir Bajraktarević,FW,PSV Eindhoven,Eredivisie,2025,2026-06-12,925862,61,38,13,1521,7,5,rotation,rotation,46,49,transfermarkt_performance_game,https://tmapi.transfermarkt.technology/player/925862/performance-game,61 club match rows from Transfermarkt performance-game API for season 2025.
Bosnia and Herzegovina,21,Stjepan Radeljić,DF,Rijeka,CRO,2025,2026-06-12,384568,57,42,39,3507,2,4,rotation,rotation,67,83,transfermarkt_performance_game,https://tmapi.transfermarkt.technology/player/384568/performance-game,57 club match rows from Transfermarkt performance-game API for season 2025.
Bosnia and Herzegovina,22,Martin Zlomislić,GK,Rijeka,CRO,2025,2026-06-12,495320,57,53,53,4769,0,0,reserve,rotation,60,77,transfermarkt_performance_game,https://tmapi.transfermarkt.technology/player/495320/performance-game,57 club match rows from Transfermarkt performance-game API for season 2025.
Bosnia and Herzegovina,23,Haris Tabaković,FW,Borussia Mönchengladbach,Bundesliga,2025,2026-06-12,203123,37,35,31,2662,15,3,rotation,rotation,65,79,transfermarkt_performance_game,https://tmapi.transfermarkt.technology/player/203123/performance-game,37 club match rows from Transfermarkt performance-game API for season 2025.
Bosnia and Herzegovina,24,Arjan Malić,DF,Sturm Graz,AUT,2025,2026-06-12,805534,46,28,16,1625,1,0,rotation,rotation,40,43,transfermarkt_performance_game,https://tmapi.transfermarkt.technology/player/805534/performance-game,46 club match rows from Transfermarkt performance-game API for season 2025.
Bosnia and Herzegovina,25,Jovo Lukić,FW,Universitatea Cluj,ROU,2025,2026-06-12,457738,48,39,34,3083,20,3,rotation,rotation,68,83,transfermarkt_performance_game,https://tmapi.transfermarkt.technology/player/457738/performance-game,48 club match rows from Transfermarkt performance-game API for season 2025.
Bosnia and Herzegovina,26,Ermin Mahmić,MF,Slovan Liberec,CZE,2025,2026-06-12,803049,38,31,22,1789,8,5,rotation,rotation,47,53,transfermarkt_performance_game,https://tmapi.transfermarkt.technology/player/803049/performance-game,38 club match rows from Transfermarkt performance-game API for season 2025.
Canada,1,Dayne St. Clair,GK,Inter Miami CF,MLS,2025,2026-06-12,439750,17,16,16,1440,0,0,starter,reserve,36,33,transfermarkt_performance_game,https://tmapi.transfermarkt.technology/player/439750/performance-game,17 club match rows from Transfermarkt performance-game API for season 2025.
Canada,2,Alistair Johnston,DF,Celtic,SCO,2025,2026-06-12,637446,59,11,10,742,1,2,starter,reserve,35,27,transfermarkt_performance_game,https://tmapi.transfermarkt.technology/player/637446/performance-game,59 club match rows from Transfermarkt performance-game API for season 2025.
Canada,3,Alfie Jones,DF,Middlesbrough,Premier League,2025,2026-06-12,340990,51,23,23,1976,1,1,starter,rotation,52,56,transfermarkt_performance_game,https://tmapi.transfermarkt.technology/player/340990/performance-game,51 club match rows from Transfermarkt performance-game API for season 2025.
Canada,4,Luc de Fougerolles,DF,Dender,BEL,2025,2026-06-12,921995,40,30,21,1926,0,2,starter,rotation,48,52,transfermarkt_performance_game,https://tmapi.transfermarkt.technology/player/921995/performance-game,40 club match rows from Transfermarkt performance-game API for season 2025.
Canada,5,Joel Waterman,DF,Chicago Fire FC,MLS,2025,2026-06-12,441738,16,12,8,823,0,0,starter,reserve,27,22,transfermarkt_performance_game,https://tmapi.transfermarkt.technology/player/441738/performance-game,16 club match rows from Transfermarkt performance-game API for season 2025.
Canada,6,Mathieu Choinière,MF,Los Angeles FC,MLS,2025,2026-06-12,589006,26,23,15,1365,2,3,starter,rotation,39,39,transfermarkt_performance_game,https://tmapi.transfermarkt.technology/player/589006/performance-game,26 club match rows from Transfermarkt performance-game API for season 2025.
Canada,7,Stephen Eustáquio,MF,Los Angeles FC,MLS,2025,2026-06-12,512913,56,30,13,1331,1,1,starter,rotation,44,40,transfermarkt_performance_game,https://tmapi.transfermarkt.technology/player/512913/performance-game,56 club match rows from Transfermarkt performance-game API for season 2025.
Canada,8,Ismaël Koné,MF,Sassuolo,Serie A,2025,2026-06-12,921655,40,36,34,2841,6,0,starter,starter,82,85,transfermarkt_performance_game,https://tmapi.transfermarkt.technology/player/921655/performance-game,40 club match rows from Transfermarkt performance-game API for season 2025.
Canada,9,Cyle Larin,FW,Southampton,Premier League,2025,2026-06-12,343463,51,37,15,1555,10,2,starter,rotation,55,53,transfermarkt_performance_game,https://tmapi.transfermarkt.technology/player/343463/performance-game,51 club match rows from Transfermarkt performance-game API for season 2025.
Canada,10,Jonathan David,FW,Juventus,Serie A,2025,2026-06-12,533738,50,46,27,2329,8,5,starter,starter,82,80,transfermarkt_performance_game,https://tmapi.transfermarkt.technology/player/533738/performance-game,50 club match rows from Transfermarkt performance-game API for season 2025.
Canada,11,Liam Millar,MF,Hull City,Premier League,2025,2026-06-12,487417,52,38,27,2212,3,5,starter,rotation,63,68,transfermarkt_performance_game,https://tmapi.transfermarkt.technology/player/487417/performance-game,52 club match rows from Transfermarkt performance-game API for season 2025.
Canada,12,Tani Oluwaseyi,FW,Villarreal,La Liga,2025,2026-06-12,972465,47,37,14,1535,7,2,starter,rotation,49,49,transfermarkt_performance_game,https://tmapi.transfermarkt.technology/player/972465/performance-game,47 club match rows from Transfermarkt performance-game API for season 2025.
Canada,13,Derek Cornelius,DF,Rangers,SCO,2025,2026-06-12,328609,50,14,10,1000,1,1,rotation,reserve,31,29,transfermarkt_performance_game,https://tmapi.transfermarkt.technology/player/328609/performance-game,50 club match rows from Transfermarkt performance-game API for season 2025.
Canada,14,Jacob Shaffelburg,MF,Los Angeles FC,MLS,2025,2026-06-12,637632,23,10,4,402,0,2,rotation,reserve,19,14,transfermarkt_performance_game,https://tmapi.transfermarkt.technology/player/637632/performance-game,23 club match rows from Transfermarkt performance-game API for season 2025.
Canada,15,Moïse Bombito,DF,Nice,Ligue 1,2025,2026-06-12,1089202,52,2,2,146,0,0,rotation,reserve,15,6,transfermarkt_performance_game,https://tmapi.transfermarkt.technology/player/1089202/performance-game,52 club match rows from Transfermarkt performance-game API for season 2025.
Canada,16,Maxime Crépeau,GK,Orlando City SC,MLS,2025,2026-06-12,189014,19,14,14,1186,0,0,reserve,reserve,27,29,transfermarkt_performance_game,https://tmapi.transfermarkt.technology/player/189014/performance-game,19 club match rows from Transfermarkt performance-game API for season 2025.
Canada,17,Tajon Buchanan,FW,Villarreal,La Liga,2025,2026-06-12,638793,49,43,27,2331,7,1,starter,starter,71,74,transfermarkt_performance_game,https://tmapi.transfermarkt.technology/player/638793/performance-game,49 club match rows from Transfermarkt performance-game API for season 2025.
Canada,18,Owen Goodman,GK,Barnsley,Premier League,2025,2026-06-12,814848,59,34,34,3006,0,0,reserve,rotation,55,71,transfermarkt_performance_game,https://tmapi.transfermarkt.technology/player/814848/performance-game,59 club match rows from Transfermarkt performance-game API for season 2025.
Canada,19,Alphonso Davies,DF,Bayern Munich,Bundesliga,2025,2026-06-12,424204,55,23,8,841,1,5,rotation,rotation,45,38,transfermarkt_performance_game,https://tmapi.transfermarkt.technology/player/424204/performance-game,55 club match rows from Transfermarkt performance-game API for season 2025.
Canada,20,Ali Ahmed,FW,Norwich City,Premier League,2025,2026-06-12,995642,24,21,18,1465,4,3,rotation,rotation,42,45,transfermarkt_performance_game,https://tmapi.transfermarkt.technology/player/995642/performance-game,24 club match rows from Transfermarkt performance-game API for season 2025.
Canada,21,Jonathan Osorio,MF,Toronto FC,MLS,2025,2026-06-12,260807,15,15,15,1305,0,3,rotation,rotation,40,38,transfermarkt_performance_game,https://tmapi.transfermarkt.technology/player/260807/performance-game,15 club match rows from Transfermarkt performance-game API for season 2025.
Canada,22,Richie Laryea,DF,Toronto FC,MLS,2025,2026-06-12,417348,15,9,9,810,2,1,rotation,reserve,31,26,transfermarkt_performance_game,https://tmapi.transfermarkt.technology/player/417348/performance-game,15 club match rows from Transfermarkt performance-game API for season 2025.
Canada,23,Niko Sigur,DF,Hajduk Split,CRO,2025,2026-06-12,1045375,43,35,27,2528,1,3,squad,rotation,57,68,transfermarkt_performance_game,https://tmapi.transfermarkt.technology/player/1045375/performance-game,43 club match rows from Transfermarkt performance-game API for season 2025.
Canada,24,Promise David,FW,Union Saint-Gilloise,BEL,2025,2026-06-12,888785,55,37,25,2152,15,3,rotation,rotation,61,66,transfermarkt_performance_game,https://tmapi.transfermarkt.technology/player/888785/performance-game,55 club match rows from Transfermarkt performance-game API for season 2025.
Canada,25,Nathan Saliba,MF,Anderlecht,BEL,2025,2026-06-12,,0,0,0,0,0,0,rotation,rotation,55,55,no_transfermarkt_player_match,,"No matched Transfermarkt player URL; role score uses squad role, market value, caps and availability only."
Canada,26,Jayden Nelson,FW,Austin FC,MLS,2025,2026-06-12,635445,16,11,7,519,2,0,rotation,reserve,20,17,transfermarkt_performance_game,https://tmapi.transfermarkt.technology/player/635445/performance-game,16 club match rows from Transfermarkt performance-game API for season 2025.
Qatar,1,Mahmud Abunada,GK,Al-Rayyan,Qatar Stars League,2025,2026-06-12,,0,0,0,0,0,0,starter,reserve,38,38,no_transfermarkt_player_match,,"No matched Transfermarkt player URL; role score uses squad role, market value, caps and availability only."
Qatar,2,Pedro Miguel,DF,Al-Sadd,Qatar Stars League,2025,2026-06-12,228727,46,30,29,2463,2,4,starter,rotation,66,70,transfermarkt_performance_game,https://tmapi.transfermarkt.technology/player/228727/performance-game,46 club match rows from Transfermarkt performance-game API for season 2025.
Qatar,3,Lucas Mendes,DF,Al-Wakrah,Qatar Stars League,2025,2026-06-12,83983,35,21,21,1832,2,2,starter,rotation,47,49,transfermarkt_performance_game,https://tmapi.transfermarkt.technology/player/83983/performance-game,35 club match rows from Transfermarkt performance-game API for season 2025.
Qatar,4,Issa Laye,DF,Al-Arabi,Qatar Stars League,2025,2026-06-12,1264176,37,13,9,889,0,1,starter,reserve,27,23,transfermarkt_performance_game,https://tmapi.transfermarkt.technology/player/1264176/performance-game,37 club match rows from Transfermarkt performance-game API for season 2025.
Qatar,5,Jassem Gaber,DF,Al-Rayyan,Qatar Stars League,2025,2026-06-12,735813,37,22,15,1190,0,0,starter,reserve,36,33,transfermarkt_performance_game,https://tmapi.transfermarkt.technology/player/735813/performance-game,37 club match rows from Transfermarkt performance-game API for season 2025.
Qatar,6,Abdulaziz Hatem,MF,Al-Rayyan,Qatar Stars League,2025,2026-06-12,,0,0,0,0,0,0,starter,rotation,57,57,no_transfermarkt_player_match,,"No matched Transfermarkt player URL; role score uses squad role, market value, caps and availability only."
Qatar,7,Ahmed Alaaeldin,FW,Al-Rayyan,Qatar Stars League,2025,2026-06-12,187987,37,26,15,1248,5,2,starter,rotation,43,39,transfermarkt_performance_game,https://tmapi.transfermarkt.technology/player/187987/performance-game,37 club match rows from Transfermarkt performance-game API for season 2025.
Qatar,8,Edmilson Junior,FW,Al-Duhail,Qatar Stars League,2025,2026-06-12,237846,45,32,32,2667,7,5,starter,rotation,65,71,transfermarkt_performance_game,https://tmapi.transfermarkt.technology/player/237846/performance-game,45 club match rows from Transfermarkt performance-game API for season 2025.
Qatar,9,Mohammed Muntari,FW,Al-Gharafa,Qatar Stars League,2025,2026-06-12,266935,44,10,4,474,0,1,starter,reserve,25,15,transfermarkt_performance_game,https://tmapi.transfermarkt.technology/player/266935/performance-game,44 club match rows from Transfermarkt performance-game API for season 2025.
Qatar,10,Hassan Al-Haydos,FW,Al-Sadd,Qatar Stars League,2025,2026-06-12,,0,0,0,0,0,0,starter,rotation,57,57,no_transfermarkt_player_match,,"No matched Transfermarkt player URL; role score uses squad role, market value, caps and availability only."
Qatar,11,Akram Afif,FW,Al-Sadd,Qatar Stars League,2025,2026-06-12,336646,46,36,36,3218,18,18,rotation,starter,86,89,transfermarkt_performance_game,https://tmapi.transfermarkt.technology/player/336646/performance-game,46 club match rows from Transfermarkt performance-game API for season 2025.
Qatar,12,Karim Boudiaf,MF,Al-Duhail,Qatar Stars League,2025,2026-06-12,222385,45,19,12,1088,1,0,starter,rotation,38,32,transfermarkt_performance_game,https://tmapi.transfermarkt.technology/player/222385/performance-game,45 club match rows from Transfermarkt performance-game API for season 2025.
Qatar,13,Ayoub Al-Oui,DF,Al-Gharafa,Qatar Stars League,2025,2026-06-12,1054631,44,30,28,2527,2,0,rotation,rotation,53,63,transfermarkt_performance_game,https://tmapi.transfermarkt.technology/player/1054631/performance-game,44 club match rows from Transfermarkt performance-game API for season 2025.
Qatar,14,Homam Ahmed,DF,Cultural Leonesa,La Liga,2025,2026-06-12,,0,0,0,0,0,0,rotation,rotation,41,41,no_transfermarkt_player_match,,"No matched Transfermarkt player URL; role score uses squad role, market value, caps and availability only."
Qatar,15,Yusuf Abdurisag,FW,Al-Wakrah,Qatar Stars League,2025,2026-06-12,589099,35,23,15,1420,4,2,rotation,reserve,38,39,transfermarkt_performance_game,https://tmapi.transfermarkt.technology/player/589099/performance-game,35 club match rows from Transfermarkt performance-game API for season 2025.
Qatar,16,Boualem Khoukhi,DF,Al-Sadd,Qatar Stars League,2025,2026-06-12,222669,46,28,26,2384,1,0,rotation,rotation,57,62,transfermarkt_performance_game,https://tmapi.transfermarkt.technology/player/222669/performance-game,46 club match rows from Transfermarkt performance-game API for season 2025.
Qatar,17,Ahmed Al-Ganehi,MF,Al-Gharafa,Qatar Stars League,2025,2026-06-12,670659,44,17,15,1359,3,4,starter,reserve,37,36,transfermarkt_performance_game,https://tmapi.transfermarkt.technology/player/670659/performance-game,44 club match rows from Transfermarkt performance-game API for season 2025.
Qatar,18,Sultan Al-Brake,DF,Al-Duhail,Qatar Stars League,2025,2026-06-12,336665,45,30,28,2418,1,3,rotation,rotation,54,64,transfermarkt_performance_game,https://tmapi.transfermarkt.technology/player/336665/performance-game,45 club match rows from Transfermarkt performance-game API for season 2025.
Qatar,19,Almoez Ali,FW,Al-Duhail,Qatar Stars League,2025,2026-06-12,345095,45,8,3,378,1,1,rotation,reserve,26,15,transfermarkt_performance_game,https://tmapi.transfermarkt.technology/player/345095/performance-game,45 club match rows from Transfermarkt performance-game API for season 2025.
Qatar,20,Ahmed Fathy,MF,Al-Arabi,Qatar Stars League,2025,2026-06-12,1027838,0,0,0,0,0,0,starter,rotation,48,48,transfermarkt_performance_game,https://tmapi.transfermarkt.technology/player/1027838/performance-game,0 club match rows from Transfermarkt performance-game API for season 2025.
Qatar,21,Salah Zakaria,GK,Al-Duhail,Qatar Stars League,2025,2026-06-12,632912,45,22,22,1955,0,1,reserve,reserve,36,44,transfermarkt_performance_game,https://tmapi.transfermarkt.technology/player/632912/performance-game,45 club match rows from Transfermarkt performance-game API for season 2025.
Qatar,22,Meshaal Barsham,GK,Al-Sadd,Qatar Stars League,2025,2026-06-12,560423,46,33,33,3030,0,0,reserve,rotation,56,67,transfermarkt_performance_game,https://tmapi.transfermarkt.technology/player/560423/performance-game,46 club match rows from Transfermarkt performance-game API for season 2025.
Qatar,23,Assim Madibo,MF,Al-Wakrah,Qatar Stars League,2025,2026-06-12,336667,35,15,15,1260,0,0,rotation,reserve,34,33,transfermarkt_performance_game,https://tmapi.transfermarkt.technology/player/336667/performance-game,35 club match rows from Transfermarkt performance-game API for season 2025.
Qatar,24,Tahsin Jamshid,FW,Al-Duhail,Qatar Stars League,2025,2026-06-12,,0,0,0,0,0,0,rotation,reserve,26,26,no_transfermarkt_player_match,,"No matched Transfermarkt player URL; role score uses squad role, market value, caps and availability only."
Qatar,25,Al-Hashmi Al-Hussain,DF,Al-Arabi,Qatar Stars League,2025,2026-06-12,943150,37,15,12,917,1,0,squad,reserve,24,25,transfermarkt_performance_game,https://tmapi.transfermarkt.technology/player/943150/performance-game,37 club match rows from Transfermarkt performance-game API for season 2025.
Qatar,26,Mohamed Manai,FW,Al-Shamal,Qatar Stars League,2025,2026-06-12,432210,0,0,0,0,0,0,squad,reserve,22,22,transfermarkt_performance_game,https://tmapi.transfermarkt.technology/player/432210/performance-game,0 club match rows from Transfermarkt performance-game API for season 2025.
Switzerland,1,Gregor Kobel,GK,Borussia Dortmund,Bundesliga,2025,2026-06-12,257814,47,47,47,4260,0,0,starter,starter,82,87,transfermarkt_performance_game,https://tmapi.transfermarkt.technology/player/257814/performance-game,47 club match rows from Transfermarkt performance-game API for season 2025.
Switzerland,2,Miro Muheim,DF,Hamburger SV,Bundesliga,2025,2026-06-12,298603,37,32,30,2767,0,6,starter,rotation,68,78,transfermarkt_performance_game,https://tmapi.transfermarkt.technology/player/298603/performance-game,37 club match rows from Transfermarkt performance-game API for season 2025.
Switzerland,3,Silvan Widmer,DF,Mainz 05,Bundesliga,2025,2026-06-12,168989,48,40,31,2555,3,1,starter,starter,70,77,transfermarkt_performance_game,https://tmapi.transfermarkt.technology/player/168989/performance-game,48 club match rows from Transfermarkt performance-game API for season 2025.
Switzerland,4,Nico Elvedi,DF,Borussia Mönchengladbach,Bundesliga,2025,2026-06-12,192635,37,36,36,3237,2,3,starter,starter,79,88,transfermarkt_performance_game,https://tmapi.transfermarkt.technology/player/192635/performance-game,37 club match rows from Transfermarkt performance-game API for season 2025.
Switzerland,5,Manuel Akanji,DF,Inter Milan,Serie A,2025,2026-06-12,284730,55,45,40,3707,2,0,starter,starter,82,89,transfermarkt_performance_game,https://tmapi.transfermarkt.technology/player/284730/performance-game,55 club match rows from Transfermarkt performance-game API for season 2025.
Switzerland,6,Denis Zakaria,MF,Monaco,Ligue 1,2025,2026-06-12,334526,47,33,32,2811,2,3,starter,starter,77,81,transfermarkt_performance_game,https://tmapi.transfermarkt.technology/player/334526/performance-game,47 club match rows from Transfermarkt performance-game API for season 2025.
Switzerland,7,Breel Embolo,FW,Rennes,Ligue 1,2025,2026-06-12,237662,37,34,21,2043,10,3,starter,rotation,65,65,transfermarkt_performance_game,https://tmapi.transfermarkt.technology/player/237662/performance-game,37 club match rows from Transfermarkt performance-game API for season 2025.
Switzerland,8,Remo Freuler,MF,Bologna,Serie A,2025,2026-06-12,148252,56,40,36,3108,1,2,starter,starter,77,85,transfermarkt_performance_game,https://tmapi.transfermarkt.technology/player/148252/performance-game,56 club match rows from Transfermarkt performance-game API for season 2025.
Switzerland,9,Johan Manzambi,MF,SC Freiburg,Bundesliga,2025,2026-06-12,927353,54,47,43,3621,7,9,starter,starter,88,93,transfermarkt_performance_game,https://tmapi.transfermarkt.technology/player/927353/performance-game,54 club match rows from Transfermarkt performance-game API for season 2025.
Switzerland,10,Granit Xhaka,MF,Sunderland,Premier League,2025,2026-06-12,111455,42,36,33,3028,1,6,starter,starter,79,87,transfermarkt_performance_game,https://tmapi.transfermarkt.technology/player/111455/performance-game,42 club match rows from Transfermarkt performance-game API for season 2025.
Switzerland,11,Dan Ndoye,FW,Nottingham Forest,Premier League,2025,2026-06-12,365108,56,37,23,2014,2,2,starter,rotation,64,64,transfermarkt_performance_game,https://tmapi.transfermarkt.technology/player/365108/performance-game,56 club match rows from Transfermarkt performance-game API for season 2025.
Switzerland,12,Yvon Mvogo,GK,Lorient,Ligue 1,2025,2026-06-12,147051,38,31,31,2790,0,0,reserve,rotation,52,65,transfermarkt_performance_game,https://tmapi.transfermarkt.technology/player/147051/performance-game,38 club match rows from Transfermarkt performance-game API for season 2025.
Switzerland,13,Ricardo Rodriguez,DF,Real Betis,La Liga,2025,2026-06-12,86784,55,35,27,2446,0,1,rotation,rotation,63,71,transfermarkt_performance_game,https://tmapi.transfermarkt.technology/player/86784/performance-game,55 club match rows from Transfermarkt performance-game API for season 2025.
Switzerland,14,Ardon Jashari,MF,Milan,Serie A,2025,2026-06-12,608172,45,17,9,880,0,1,rotation,reserve,32,28,transfermarkt_performance_game,https://tmapi.transfermarkt.technology/player/608172/performance-game,45 club match rows from Transfermarkt performance-game API for season 2025.
Switzerland,15,Djibril Sow,MF,Sevilla,La Liga,2025,2026-06-12,212723,41,35,28,2289,5,4,rotation,rotation,62,70,transfermarkt_performance_game,https://tmapi.transfermarkt.technology/player/212723/performance-game,41 club match rows from Transfermarkt performance-game API for season 2025.
Switzerland,16,Christian Fassnacht,FW,Young Boys,SUI,2025,2026-06-12,250490,50,42,32,2853,19,7,starter,starter,70,81,transfermarkt_performance_game,https://tmapi.transfermarkt.technology/player/250490/performance-game,50 club match rows from Transfermarkt performance-game API for season 2025.
Switzerland,17,Rubén Vargas,FW,Sevilla,La Liga,2025,2026-06-12,345886,41,25,20,1620,3,6,starter,rotation,54,53,transfermarkt_performance_game,https://tmapi.transfermarkt.technology/player/345886/performance-game,41 club match rows from Transfermarkt performance-game API for season 2025.
Switzerland,18,Eray Cömert,DF,Valencia,La Liga,2025,2026-06-12,298583,43,21,19,1729,2,1,rotation,rotation,44,50,transfermarkt_performance_game,https://tmapi.transfermarkt.technology/player/298583/performance-game,43 club match rows from Transfermarkt performance-game API for season 2025.
Switzerland,19,Noah Okafor,FW,Leeds United,Premier League,2025,2026-06-12,346890,44,34,24,1976,8,3,rotation,rotation,59,64,transfermarkt_performance_game,https://tmapi.transfermarkt.technology/player/346890/performance-game,44 club match rows from Transfermarkt performance-game API for season 2025.
Switzerland,20,Michel Aebischer,MF,Pisa,Serie A,2025,2026-06-12,237658,40,36,34,2983,1,2,rotation,starter,69,82,transfermarkt_performance_game,https://tmapi.transfermarkt.technology/player/237658/performance-game,40 club match rows from Transfermarkt performance-game API for season 2025.
Switzerland,21,Marvin Keller,GK,Young Boys,SUI,2025,2026-06-12,500763,50,49,49,4410,0,0,reserve,rotation,61,78,transfermarkt_performance_game,https://tmapi.transfermarkt.technology/player/500763/performance-game,50 club match rows from Transfermarkt performance-game API for season 2025.
Switzerland,22,Fabian Rieder,MF,FC Augsburg,Bundesliga,2025,2026-06-12,507341,36,36,31,2530,6,4,rotation,rotation,65,75,transfermarkt_performance_game,https://tmapi.transfermarkt.technology/player/507341/performance-game,36 club match rows from Transfermarkt performance-game API for season 2025.
Switzerland,23,Zeki Amdouni,FW,Burnley,Premier League,2025,2026-06-12,548729,42,4,0,69,0,0,rotation,reserve,13,4,transfermarkt_performance_game,https://tmapi.transfermarkt.technology/player/548729/performance-game,42 club match rows from Transfermarkt performance-game API for season 2025.
Switzerland,24,Aurèle Amenda,DF,Eintracht Frankfurt,Bundesliga,2025,2026-06-12,635645,44,29,20,1899,0,0,rotation,rotation,46,52,transfermarkt_performance_game,https://tmapi.transfermarkt.technology/player/635645/performance-game,44 club match rows from Transfermarkt performance-game API for season 2025.
Switzerland,25,Luca Jaquez,DF,VfB Stuttgart,Bundesliga,2025,2026-06-12,539798,53,26,17,1623,1,1,rotation,rotation,42,47,transfermarkt_performance_game,https://tmapi.transfermarkt.technology/player/539798/performance-game,53 club match rows from Transfermarkt performance-game API for season 2025.
Switzerland,26,Cedric Itten,FW,Fortuna Düsseldorf,Bundesliga,2025,2026-06-12,243856,37,32,32,2735,16,3,rotation,rotation,65,80,transfermarkt_performance_game,https://tmapi.transfermarkt.technology/player/243856/performance-game,37 club match rows from Transfermarkt performance-game API for season 2025.
Brazil,1,Alisson,GK,Liverpool,Premier League,2025,2026-06-12,105470,57,35,35,3116,0,0,starter,starter,72,78,transfermarkt_performance_game,https://tmapi.transfermarkt.technology/player/105470/performance-game,57 club match rows from Transfermarkt performance-game API for season 2025.
Brazil,2,Éderson Silva,MF,Atalanta,Serie A,2025,2026-06-12,,0,0,0,0,0,0,starter,rotation,44,44,no_transfermarkt_player_match,,"No matched Transfermarkt player URL; role score uses squad role, market value, caps and availability only."
Brazil,3,Gabriel Magalhães,DF,Arsenal,Premier League,2025,2026-06-12,435338,63,51,46,4210,4,5,starter,starter,80,92,transfermarkt_performance_game,https://tmapi.transfermarkt.technology/player/435338/performance-game,63 club match rows from Transfermarkt performance-game API for season 2025.
Brazil,4,Marquinhos,DF,Paris Saint-Germain,Ligue 1,2025,2026-06-12,181767,56,32,29,2669,2,0,starter,starter,72,76,transfermarkt_performance_game,https://tmapi.transfermarkt.technology/player/181767/performance-game,56 club match rows from Transfermarkt performance-game API for season 2025.
Brazil,5,Casemiro,MF,Manchester United,Premier League,2025,2026-06-12,16306,40,35,33,2600,9,2,starter,starter,74,80,transfermarkt_performance_game,https://tmapi.transfermarkt.technology/player/16306/performance-game,40 club match rows from Transfermarkt performance-game API for season 2025.
Brazil,6,Alex Sandro,DF,Flamengo,Brasileirao,2025,2026-06-12,79960,41,25,23,1969,0,1,starter,rotation,52,54,transfermarkt_performance_game,https://tmapi.transfermarkt.technology/player/79960/performance-game,41 club match rows from Transfermarkt performance-game API for season 2025.
Brazil,7,Vinícius Júnior,FW,Real Madrid,La Liga,2025,2026-06-12,371998,56,53,48,4249,22,14,starter,starter,93,98,transfermarkt_performance_game,https://tmapi.transfermarkt.technology/player/371998/performance-game,56 club match rows from Transfermarkt performance-game API for season 2025.
Brazil,8,Bruno Guimarães,MF,Newcastle United,Premier League,2025,2026-06-12,520624,58,41,37,3322,9,8,starter,starter,84,92,transfermarkt_performance_game,https://tmapi.transfermarkt.technology/player/520624/performance-game,58 club match rows from Transfermarkt performance-game API for season 2025.
Brazil,9,Matheus Cunha,FW,Manchester United,Premier League,2025,2026-06-12,517894,40,35,31,2683,10,4,starter,starter,75,82,transfermarkt_performance_game,https://tmapi.transfermarkt.technology/player/517894/performance-game,40 club match rows from Transfermarkt performance-game API for season 2025.
Brazil,10,Neymar,FW,Santos,Brasileirao,2025,2026-06-12,68290,35,15,14,1265,6,4,starter,rotation,45,40,transfermarkt_performance_game,https://tmapi.transfermarkt.technology/player/68290/performance-game,35 club match rows from Transfermarkt performance-game API for season 2025.
Brazil,11,Raphinha,FW,Barcelona,La Liga,2025,2026-06-12,411295,57,33,27,2194,21,8,starter,starter,70,74,transfermarkt_performance_game,https://tmapi.transfermarkt.technology/player/411295/performance-game,57 club match rows from Transfermarkt performance-game API for season 2025.
Brazil,12,Weverton,GK,Grêmio,Brasileirao,2025,2026-06-12,69400,38,32,32,2880,0,1,reserve,rotation,52,66,transfermarkt_performance_game,https://tmapi.transfermarkt.technology/player/69400/performance-game,38 club match rows from Transfermarkt performance-game API for season 2025.
Brazil,13,Danilo Luiz,DF,Flamengo,Brasileirao,2025,2026-06-12,145707,41,15,13,1196,1,0,starter,rotation,42,36,transfermarkt_performance_game,https://tmapi.transfermarkt.technology/player/145707/performance-game,41 club match rows from Transfermarkt performance-game API for season 2025.
Brazil,14,Bremer,DF,Juventus,Serie A,2025,2026-06-12,516716,50,31,30,2569,4,3,rotation,rotation,65,77,transfermarkt_performance_game,https://tmapi.transfermarkt.technology/player/516716/performance-game,50 club match rows from Transfermarkt performance-game API for season 2025.
Brazil,15,Léo Pereira,DF,Flamengo,Brasileirao,2025,2026-06-12,288431,41,27,26,2372,2,0,rotation,rotation,53,62,transfermarkt_performance_game,https://tmapi.transfermarkt.technology/player/288431/performance-game,41 club match rows from Transfermarkt performance-game API for season 2025.
Brazil,16,Douglas Santos,DF,Zenit Saint Petersburg,RUS,2025,2026-06-12,220793,41,25,24,2076,2,2,rotation,rotation,48,56,transfermarkt_performance_game,https://tmapi.transfermarkt.technology/player/220793/performance-game,41 club match rows from Transfermarkt performance-game API for season 2025.
Brazil,17,Fabinho,MF,Al-Ittihad,Saudi Pro League,2025,2026-06-12,225693,49,44,44,3906,3,4,starter,starter,71,81,transfermarkt_performance_game,https://tmapi.transfermarkt.technology/player/225693/performance-game,49 club match rows from Transfermarkt performance-game API for season 2025.
Brazil,18,Danilo Santos,MF,Botafogo,Brasileirao,2025,2026-06-12,808509,39,24,22,1990,10,3,rotation,rotation,50,57,transfermarkt_performance_game,https://tmapi.transfermarkt.technology/player/808509/performance-game,39 club match rows from Transfermarkt performance-game API for season 2025.
Brazil,19,Endrick,FW,Lyon,Ligue 1,2025,2026-06-12,971570,50,24,20,1732,8,8,rotation,rotation,49,54,transfermarkt_performance_game,https://tmapi.transfermarkt.technology/player/971570/performance-game,50 club match rows from Transfermarkt performance-game API for season 2025.
Brazil,20,Lucas Paquetá,MF,Flamengo,Brasileirao,2025,2026-06-12,444523,58,43,35,3127,13,1,rotation,starter,76,87,transfermarkt_performance_game,https://tmapi.transfermarkt.technology/player/444523/performance-game,58 club match rows from Transfermarkt performance-game API for season 2025.
Brazil,21,Luiz Henrique,FW,Zenit Saint Petersburg,RUS,2025,2026-06-12,800175,41,34,29,2446,6,4,rotation,rotation,58,68,transfermarkt_performance_game,https://tmapi.transfermarkt.technology/player/800175/performance-game,41 club match rows from Transfermarkt performance-game API for season 2025.
Brazil,22,Gabriel Martinelli,FW,Arsenal,Premier League,2025,2026-06-12,655488,63,53,25,2384,11,7,rotation,rotation,66,76,transfermarkt_performance_game,https://tmapi.transfermarkt.technology/player/655488/performance-game,63 club match rows from Transfermarkt performance-game API for season 2025.
Brazil,23,Ederson Moraes,GK,Fenerbahçe,TUR,2025,2026-06-12,,0,0,0,0,0,0,reserve,reserve,28,28,no_transfermarkt_player_match,,"No matched Transfermarkt player URL; role score uses squad role, market value, caps and availability only."
Brazil,24,Roger Ibañez,DF,Al-Ahli,Saudi Pro League,2025,2026-06-12,524481,53,46,46,4121,4,4,rotation,starter,69,85,transfermarkt_performance_game,https://tmapi.transfermarkt.technology/player/524481/performance-game,53 club match rows from Transfermarkt performance-game API for season 2025.
Brazil,25,Igor Thiago,FW,Brentford,Premier League,2025,2026-06-12,739443,45,40,38,3437,25,1,rotation,starter,77,92,transfermarkt_performance_game,https://tmapi.transfermarkt.technology/player/739443/performance-game,45 club match rows from Transfermarkt performance-game API for season 2025.
Brazil,26,Rayan,FW,Bournemouth,Premier League,2025,2026-06-12,1012564,19,16,14,1205,7,2,squad,reserve,37,39,transfermarkt_performance_game,https://tmapi.transfermarkt.technology/player/1012564/performance-game,19 club match rows from Transfermarkt performance-game API for season 2025.
Haiti,1,Johny Placide,GK,Bastia,Ligue 1,2025,2026-06-12,51035,38,24,24,2160,0,1,starter,rotation,54,54,transfermarkt_performance_game,https://tmapi.transfermarkt.technology/player/51035/performance-game,38 club match rows from Transfermarkt performance-game API for season 2025.
Haiti,2,Carlens Arcus,DF,Angers,Ligue 1,2025,2026-06-12,371686,36,28,25,2151,0,3,starter,rotation,60,63,transfermarkt_performance_game,https://tmapi.transfermarkt.technology/player/371686/performance-game,36 club match rows from Transfermarkt performance-game API for season 2025.
Haiti,3,Keeto Thermoncy,DF,Young Boys,SUI,2025,2026-06-12,1061046,65,22,21,1895,2,1,starter,rotation,46,50,transfermarkt_performance_game,https://tmapi.transfermarkt.technology/player/1061046/performance-game,65 club match rows from Transfermarkt performance-game API for season 2025.
Haiti,4,Ricardo Adé,DF,LDU Quito,ECU,2025,2026-06-12,278145,21,14,12,1039,1,0,starter,reserve,35,30,transfermarkt_performance_game,https://tmapi.transfermarkt.technology/player/278145/performance-game,21 club match rows from Transfermarkt performance-game API for season 2025.
Haiti,5,Hannes Delcroix,DF,Lugano,SUI,2025,2026-06-12,338635,54,19,19,1560,1,1,starter,rotation,42,42,transfermarkt_performance_game,https://tmapi.transfermarkt.technology/player/338635/performance-game,54 club match rows from Transfermarkt performance-game API for season 2025.
Haiti,6,Carl Sainté,MF,El Paso Locomotive FC,MLS,2025,2026-06-12,718244,17,6,3,249,0,0,starter,reserve,18,8,transfermarkt_performance_game,https://tmapi.transfermarkt.technology/player/718244/performance-game,17 club match rows from Transfermarkt performance-game API for season 2025.
Haiti,7,Derrick Etienne Jr.,FW,Toronto FC,MLS,2025,2026-06-12,354763,15,12,7,737,2,1,starter,reserve,30,22,transfermarkt_performance_game,https://tmapi.transfermarkt.technology/player/354763/performance-game,15 club match rows from Transfermarkt performance-game API for season 2025.
Haiti,8,Martin Expérience,DF,Nancy,Ligue 1,2025,2026-06-12,804885,38,23,16,1505,1,1,rotation,rotation,39,43,transfermarkt_performance_game,https://tmapi.transfermarkt.technology/player/804885/performance-game,38 club match rows from Transfermarkt performance-game API for season 2025.
Haiti,9,Duckens Nazon,FW,Esteghlal,IRN,2025,2026-06-12,345763,33,19,6,782,2,2,starter,reserve,34,25,transfermarkt_performance_game,https://tmapi.transfermarkt.technology/player/345763/performance-game,33 club match rows from Transfermarkt performance-game API for season 2025.
Haiti,10,Jean-Ricner Bellegarde,MF,Wolverhampton Wanderers,Premier League,2025,2026-06-12,450050,44,31,18,1513,1,1,starter,rotation,56,51,transfermarkt_performance_game,https://tmapi.transfermarkt.technology/player/450050/performance-game,44 club match rows from Transfermarkt performance-game API for season 2025.
Haiti,11,Louicius Deedson,FW,FC Dallas,MLS,2025,2026-06-12,646108,16,7,3,253,1,0,starter,reserve,19,10,transfermarkt_performance_game,https://tmapi.transfermarkt.technology/player/646108/performance-game,16 club match rows from Transfermarkt performance-game API for season 2025.
Haiti,12,Alexandre Pierre,GK,Sochaux,Ligue 1,2025,2026-06-12,838947,38,26,26,2295,0,0,reserve,rotation,44,54,transfermarkt_performance_game,https://tmapi.transfermarkt.technology/player/838947/performance-game,38 club match rows from Transfermarkt performance-game API for season 2025.
Haiti,13,Duke Lacroix,DF,Colorado Springs Switchbacks FC,MLS,2025,2026-06-12,375472,17,2,1,67,0,0,rotation,reserve,10,3,transfermarkt_performance_game,https://tmapi.transfermarkt.technology/player/375472/performance-game,17 club match rows from Transfermarkt performance-game API for season 2025.
Haiti,14,Garven Metusala,DF,Colorado Springs Switchbacks FC,MLS,2025,2026-06-12,859175,17,13,10,1010,0,1,rotation,reserve,27,26,transfermarkt_performance_game,https://tmapi.transfermarkt.technology/player/859175/performance-game,17 club match rows from Transfermarkt performance-game API for season 2025.
Haiti,15,Ruben Providence,FW,Almere City,Eredivisie,2025,2026-06-12,536520,47,30,11,1118,1,2,starter,reserve,35,34,transfermarkt_performance_game,https://tmapi.transfermarkt.technology/player/536520/performance-game,47 club match rows from Transfermarkt performance-game API for season 2025.
Haiti,16,Lenny Joseph,FW,Ferencváros,HUN,2025,2026-06-12,815359,57,48,27,2596,16,10,rotation,rotation,62,75,transfermarkt_performance_game,https://tmapi.transfermarkt.technology/player/815359/performance-game,57 club match rows from Transfermarkt performance-game API for season 2025.
Haiti,17,Danley Jean Jacques,MF,Philadelphia Union,MLS,2025,2026-06-12,628834,19,17,14,1295,2,0,starter,rotation,39,36,transfermarkt_performance_game,https://tmapi.transfermarkt.technology/player/628834/performance-game,19 club match rows from Transfermarkt performance-game API for season 2025.
Haiti,18,Wilson Isidor,FW,Sunderland,Premier League,2025,2026-06-12,494237,42,36,13,1338,6,0,rotation,rotation,51,48,transfermarkt_performance_game,https://tmapi.transfermarkt.technology/player/494237/performance-game,42 club match rows from Transfermarkt performance-game API for season 2025.
Haiti,19,Yassin Fortuné,FW,Vizela,Primeira Liga,2025,2026-06-12,342878,35,24,15,1319,3,1,rotation,reserve,34,38,transfermarkt_performance_game,https://tmapi.transfermarkt.technology/player/342878/performance-game,35 club match rows from Transfermarkt performance-game API for season 2025.
Haiti,20,Frantzdy Pierrot,FW,Çaykur Rizespor,TUR,2025,2026-06-12,492955,51,32,14,1439,4,1,rotation,rotation,41,43,transfermarkt_performance_game,https://tmapi.transfermarkt.technology/player/492955/performance-game,51 club match rows from Transfermarkt performance-game API for season 2025.
Haiti,21,Josué Casimir,FW,Auxerre,Ligue 1,2025,2026-06-12,763182,35,31,16,1521,1,0,squad,rotation,39,44,transfermarkt_performance_game,https://tmapi.transfermarkt.technology/player/763182/performance-game,35 club match rows from Transfermarkt performance-game API for season 2025.
Haiti,22,Jean-Kévin Duverne,DF,Gent,BEL,2025,2026-06-12,344864,42,24,13,1211,1,1,rotation,reserve,34,35,transfermarkt_performance_game,https://tmapi.transfermarkt.technology/player/344864/performance-game,42 club match rows from Transfermarkt performance-game API for season 2025.
Haiti,23,Josué Duverger,GK,Cosmos Koblenz,Bundesliga,2025,2026-06-12,490369,37,23,23,2070,0,0,reserve,rotation,39,48,transfermarkt_performance_game,https://tmapi.transfermarkt.technology/player/490369/performance-game,37 club match rows from Transfermarkt performance-game API for season 2025.
Haiti,24,Wilguens Paugain,DF,Zulte Waregem,BEL,2025,2026-06-12,609691,39,26,17,1388,1,0,squad,reserve,34,39,transfermarkt_performance_game,https://tmapi.transfermarkt.technology/player/609691/performance-game,39 club match rows from Transfermarkt performance-game API for season 2025.
Haiti,25,Dominique Simon,MF,Tatran Prešov,SVK,2025,2026-06-12,988188,39,25,14,1281,1,1,starter,reserve,35,35,transfermarkt_performance_game,https://tmapi.transfermarkt.technology/player/988188/performance-game,39 club match rows from Transfermarkt performance-game API for season 2025.
Haiti,26,Woodensky Pierre,MF,Violette,HAI,2025,2026-06-12,1017735,0,0,0,0,0,0,rotation,reserve,24,24,transfermarkt_performance_game,https://tmapi.transfermarkt.technology/player/1017735/performance-game,0 club match rows from Transfermarkt performance-game API for season 2025.
Morocco,1,Yassine Bounou,GK,Al-Hilal,Saudi Pro League,2025,2026-06-12,207834,48,36,36,3300,0,0,starter,starter,71,76,transfermarkt_performance_game,https://tmapi.transfermarkt.technology/player/207834/performance-game,48 club match rows from Transfermarkt performance-game API for season 2025.
Morocco,2,Achraf Hakimi,DF,Paris Saint-Germain,Ligue 1,2025,2026-06-12,398073,56,32,29,2619,3,9,starter,starter,79,82,transfermarkt_performance_game,https://tmapi.transfermarkt.technology/player/398073/performance-game,56 club match rows from Transfermarkt performance-game API for season 2025.
Morocco,3,Noussair Mazraoui,DF,Manchester United,Premier League,2025,2026-06-12,340456,40,20,11,984,0,0,starter,rotation,41,33,transfermarkt_performance_game,https://tmapi.transfermarkt.technology/player/340456/performance-game,40 club match rows from Transfermarkt performance-game API for season 2025.
Morocco,4,Sofyan Amrabat,MF,Real Betis,La Liga,2025,2026-06-12,287579,58,29,24,2023,2,0,starter,rotation,60,61,transfermarkt_performance_game,https://tmapi.transfermarkt.technology/player/287579/performance-game,58 club match rows from Transfermarkt performance-game API for season 2025.
Morocco,5,Marwane Saâdane,DF,Al-Fateh,Saudi Pro League,2025,2026-06-12,210009,37,32,31,2766,0,1,starter,rotation,60,69,transfermarkt_performance_game,https://tmapi.transfermarkt.technology/player/210009/performance-game,37 club match rows from Transfermarkt performance-game API for season 2025.
Morocco,6,Ayyoub Bouaddi,MF,Lille,Ligue 1,2025,2026-06-12,1097139,48,42,37,3153,0,1,starter,starter,82,86,transfermarkt_performance_game,https://tmapi.transfermarkt.technology/player/1097139/performance-game,48 club match rows from Transfermarkt performance-game API for season 2025.
Morocco,7,Chemsdine Talbi,MF,Sunderland,Premier League,2025,2026-06-12,743384,42,30,18,1713,4,2,starter,rotation,53,53,transfermarkt_performance_game,https://tmapi.transfermarkt.technology/player/743384/performance-game,42 club match rows from Transfermarkt performance-game API for season 2025.
Morocco,8,Azzedine Ounahi,MF,Girona,La Liga,2025,2026-06-12,593482,40,24,20,1766,5,3,starter,rotation,54,54,transfermarkt_performance_game,https://tmapi.transfermarkt.technology/player/593482/performance-game,40 club match rows from Transfermarkt performance-game API for season 2025.
Morocco,9,Soufiane Rahimi,FW,Al Ain,UAE,2025,2026-06-12,598506,37,23,22,1928,15,3,starter,rotation,54,56,transfermarkt_performance_game,https://tmapi.transfermarkt.technology/player/598506/performance-game,37 club match rows from Transfermarkt performance-game API for season 2025.
Morocco,10,Brahim Díaz,FW,Real Madrid,La Liga,2025,2026-06-12,314678,56,42,17,1666,2,9,starter,rotation,60,58,transfermarkt_performance_game,https://tmapi.transfermarkt.technology/player/314678/performance-game,56 club match rows from Transfermarkt performance-game API for season 2025.
Morocco,11,Ismael Saibari,MF,PSV Eindhoven,Eredivisie,2025,2026-06-12,702869,47,37,36,2977,19,9,rotation,starter,82,91,transfermarkt_performance_game,https://tmapi.transfermarkt.technology/player/702869/performance-game,47 club match rows from Transfermarkt performance-game API for season 2025.
Morocco,12,Munir Mohamedi,GK,RS Berkane,MAR,2025,2026-06-12,,0,0,0,0,0,0,reserve,rotation,42,42,no_transfermarkt_player_match,,"No matched Transfermarkt player URL; role score uses squad role, market value, caps and availability only."
Morocco,13,Zakaria El Ouahdi,DF,Genk,BEL,2025,2026-06-12,820474,57,45,45,4030,12,6,starter,starter,76,86,transfermarkt_performance_game,https://tmapi.transfermarkt.technology/player/820474/performance-game,57 club match rows from Transfermarkt performance-game API for season 2025.
Morocco,14,Issa Diop,DF,Fulham,Premier League,2025,2026-06-12,272622,45,18,13,1264,1,0,rotation,reserve,34,36,transfermarkt_performance_game,https://tmapi.transfermarkt.technology/player/272622/performance-game,45 club match rows from Transfermarkt performance-game API for season 2025.
Morocco,15,Samir El Mourabet,MF,Strasbourg,Ligue 1,2025,2026-06-12,1130514,53,48,38,3228,2,3,rotation,starter,72,85,transfermarkt_performance_game,https://tmapi.transfermarkt.technology/player/1130514/performance-game,53 club match rows from Transfermarkt performance-game API for season 2025.
Morocco,16,Gessime Yassine,MF,Strasbourg,Ligue 1,2025,2026-06-12,1151929,48,34,19,1719,3,10,rotation,rotation,48,54,transfermarkt_performance_game,https://tmapi.transfermarkt.technology/player/1151929/performance-game,48 club match rows from Transfermarkt performance-game API for season 2025.
Morocco,17,Amine Sbaï,FW,Angers,Ligue 1,2025,2026-06-12,851220,31,28,26,2035,4,1,starter,rotation,52,58,transfermarkt_performance_game,https://tmapi.transfermarkt.technology/player/851220/performance-game,31 club match rows from Transfermarkt performance-game API for season 2025.
Morocco,18,Chadi Riad,DF,Crystal Palace,Premier League,2025,2026-06-12,689637,62,14,10,897,1,1,rotation,reserve,31,29,transfermarkt_performance_game,https://tmapi.transfermarkt.technology/player/689637/performance-game,62 club match rows from Transfermarkt performance-game API for season 2025.
Morocco,19,Youssef Belammari,DF,Al Ahly,EGY,2025,2026-06-12,518804,27,19,17,1541,0,0,rotation,reserve,36,39,transfermarkt_performance_game,https://tmapi.transfermarkt.technology/player/518804/performance-game,27 club match rows from Transfermarkt performance-game API for season 2025.
Morocco,20,Ayoub El Kaabi,FW,Olympiacos,GRE,2025,2026-06-12,521127,48,40,33,2857,21,2,starter,starter,76,84,transfermarkt_performance_game,https://tmapi.transfermarkt.technology/player/521127/performance-game,48 club match rows from Transfermarkt performance-game API for season 2025.
Morocco,21,Ayoube Amaimouni,FW,Eintracht Frankfurt,Bundesliga,2025,2026-06-12,799993,40,35,24,2135,11,9,rotation,rotation,61,68,transfermarkt_performance_game,https://tmapi.transfermarkt.technology/player/799993/performance-game,40 club match rows from Transfermarkt performance-game API for season 2025.
Morocco,22,Ahmed Reda Tagnaouti,GK,AS FAR,MAR,2025,2026-06-12,238997,39,29,29,2604,0,0,reserve,rotation,45,57,transfermarkt_performance_game,https://tmapi.transfermarkt.technology/player/238997/performance-game,39 club match rows from Transfermarkt performance-game API for season 2025.
Morocco,23,Bilal El Khannouss,MF,VfB Stuttgart,Bundesliga,2025,2026-06-12,654982,54,44,31,2720,9,9,rotation,starter,78,87,transfermarkt_performance_game,https://tmapi.transfermarkt.technology/player/654982/performance-game,54 club match rows from Transfermarkt performance-game API for season 2025.
Morocco,24,Neil El Aynaoui,MF,Roma,Serie A,2025,2026-06-12,901019,49,34,16,1703,2,2,squad,rotation,47,51,transfermarkt_performance_game,https://tmapi.transfermarkt.technology/player/901019/performance-game,49 club match rows from Transfermarkt performance-game API for season 2025.
Morocco,25,Redouane Halhal,DF,Mechelen,BEL,2025,2026-06-12,913660,42,34,33,2939,1,2,rotation,rotation,63,76,transfermarkt_performance_game,https://tmapi.transfermarkt.technology/player/913660/performance-game,42 club match rows from Transfermarkt performance-game API for season 2025.
Morocco,26,Anass Salah-Eddine,DF,PSV Eindhoven,Eredivisie,2025,2026-06-12,485584,44,25,18,1630,0,1,squad,rotation,44,47,transfermarkt_performance_game,https://tmapi.transfermarkt.technology/player/485584/performance-game,44 club match rows from Transfermarkt performance-game API for season 2025.
Scotland,1,Angus Gunn,GK,Nottingham Forest,Premier League,2025,2026-06-12,201574,56,1,0,45,0,0,starter,reserve,13,2,transfermarkt_performance_game,https://tmapi.transfermarkt.technology/player/201574/performance-game,56 club match rows from Transfermarkt performance-game API for season 2025.
Scotland,2,Aaron Hickey,DF,Brentford,Premier League,2025,2026-06-12,591949,45,26,12,1018,1,0,starter,rotation,41,35,transfermarkt_performance_game,https://tmapi.transfermarkt.technology/player/591949/performance-game,45 club match rows from Transfermarkt performance-game API for season 2025.
Scotland,3,Andy Robertson,DF,Liverpool,Premier League,2025,2026-06-12,180246,0,0,0,0,0,0,starter,rotation,61,61,transfermarkt_performance_game,https://tmapi.transfermarkt.technology/player/180246/performance-game,0 club match rows from Transfermarkt performance-game API for season 2025.
Scotland,4,Scott McTominay,MF,Napoli,Serie A,2025,2026-06-12,315969,50,44,41,3701,14,4,starter,starter,94,96,transfermarkt_performance_game,https://tmapi.transfermarkt.technology/player/315969/performance-game,50 club match rows from Transfermarkt performance-game API for season 2025.
Scotland,5,Grant Hanley,DF,Hibernian,SCO,2025,2026-06-12,121385,44,26,25,2112,0,0,starter,rotation,55,56,transfermarkt_performance_game,https://tmapi.transfermarkt.technology/player/121385/performance-game,44 club match rows from Transfermarkt performance-game API for season 2025.
Scotland,6,Kieran Tierney,DF,Celtic,SCO,2025,2026-06-12,300716,59,53,46,3907,6,12,starter,starter,79,88,transfermarkt_performance_game,https://tmapi.transfermarkt.technology/player/300716/performance-game,59 club match rows from Transfermarkt performance-game API for season 2025.
Scotland,7,John McGinn,MF,Aston Villa,Premier League,2025,2026-06-12,193116,56,44,38,3029,10,8,starter,starter,86,94,transfermarkt_performance_game,https://tmapi.transfermarkt.technology/player/193116/performance-game,56 club match rows from Transfermarkt performance-game API for season 2025.
Scotland,8,Tyler Fletcher,MF,Manchester United,Premier League,2025,2026-06-12,1049911,58,31,26,2427,0,3,starter,rotation,57,65,transfermarkt_performance_game,https://tmapi.transfermarkt.technology/player/1049911/performance-game,58 club match rows from Transfermarkt performance-game API for season 2025.
Scotland,9,Lyndon Dykes,FW,Charlton Athletic,Premier League,2025,2026-06-12,347138,50,43,19,2017,5,4,starter,rotation,58,62,transfermarkt_performance_game,https://tmapi.transfermarkt.technology/player/347138/performance-game,50 club match rows from Transfermarkt performance-game API for season 2025.
Scotland,10,Ché Adams,FW,Torino,Serie A,2025,2026-06-12,346779,42,36,22,2110,8,3,starter,rotation,60,64,transfermarkt_performance_game,https://tmapi.transfermarkt.technology/player/346779/performance-game,42 club match rows from Transfermarkt performance-game API for season 2025.
Scotland,11,Ryan Christie,MF,Bournemouth,Premier League,2025,2026-06-12,188077,40,27,10,1060,2,0,starter,rotation,42,36,transfermarkt_performance_game,https://tmapi.transfermarkt.technology/player/188077/performance-game,40 club match rows from Transfermarkt performance-game API for season 2025.
Scotland,12,Liam Kelly,GK,Rangers,SCO,2025,2026-06-12,208772,58,3,3,270,0,0,reserve,reserve,8,6,transfermarkt_performance_game,https://tmapi.transfermarkt.technology/player/208772/performance-game,58 club match rows from Transfermarkt performance-game API for season 2025.
Scotland,13,Jack Hendry,DF,Al-Ettifaq,Saudi Pro League,2025,2026-06-12,363223,35,31,30,2678,1,0,rotation,rotation,59,69,transfermarkt_performance_game,https://tmapi.transfermarkt.technology/player/363223/performance-game,35 club match rows from Transfermarkt performance-game API for season 2025.
Scotland,14,Ross Stewart,FW,Southampton,Premier League,2025,2026-06-12,447995,56,33,15,1333,11,3,starter,rotation,43,45,transfermarkt_performance_game,https://tmapi.transfermarkt.technology/player/447995/performance-game,56 club match rows from Transfermarkt performance-game API for season 2025.
Scotland,15,John Souttar,DF,Rangers,SCO,2025,2026-06-12,235767,58,38,35,3184,0,0,rotation,rotation,64,76,transfermarkt_performance_game,https://tmapi.transfermarkt.technology/player/235767/performance-game,58 club match rows from Transfermarkt performance-game API for season 2025.
Scotland,16,Dominic Hyam,DF,Wrexham,WAL,2025,2026-06-12,263268,52,47,47,4282,1,0,rotation,rotation,64,78,transfermarkt_performance_game,https://tmapi.transfermarkt.technology/player/263268/performance-game,52 club match rows from Transfermarkt performance-game API for season 2025.
Scotland,17,Ben Gannon-Doak,FW,Bournemouth,Premier League,2025,2026-06-12,719673,42,10,2,216,0,1,starter,reserve,22,11,transfermarkt_performance_game,https://tmapi.transfermarkt.technology/player/719673/performance-game,42 club match rows from Transfermarkt performance-game API for season 2025.
Scotland,18,George Hirst,FW,Ipswich Town,Premier League,2025,2026-06-12,420808,49,44,26,2220,11,4,rotation,rotation,61,71,transfermarkt_performance_game,https://tmapi.transfermarkt.technology/player/420808/performance-game,49 club match rows from Transfermarkt performance-game API for season 2025.
Scotland,19,Lewis Ferguson,MF,Bologna,Serie A,2025,2026-06-12,428563,56,45,32,2925,1,0,rotation,starter,71,82,transfermarkt_performance_game,https://tmapi.transfermarkt.technology/player/428563/performance-game,56 club match rows from Transfermarkt performance-game API for season 2025.
Scotland,20,Lawrence Shankland,FW,Heart of Midlothian,SCO,2025,2026-06-12,225744,44,34,33,2944,20,6,rotation,rotation,67,81,transfermarkt_performance_game,https://tmapi.transfermarkt.technology/player/225744/performance-game,44 club match rows from Transfermarkt performance-game API for season 2025.
Scotland,21,Craig Gordon,GK,Heart of Midlothian,SCO,2025,2026-06-12,12589,44,3,2,225,0,0,reserve,reserve,15,9,transfermarkt_performance_game,https://tmapi.transfermarkt.technology/player/12589/performance-game,44 club match rows from Transfermarkt performance-game API for season 2025.
Scotland,22,Nathan Patterson,DF,Everton,Premier League,2025,2026-06-12,424015,42,9,5,446,0,0,rotation,reserve,22,15,transfermarkt_performance_game,https://tmapi.transfermarkt.technology/player/424015/performance-game,42 club match rows from Transfermarkt performance-game API for season 2025.
Scotland,23,Kenny McLean,MF,Norwich City,Premier League,2025,2026-06-12,126600,51,45,42,3745,3,4,rotation,starter,73,87,transfermarkt_performance_game,https://tmapi.transfermarkt.technology/player/126600/performance-game,51 club match rows from Transfermarkt performance-game API for season 2025.
Scotland,24,Anthony Ralston,DF,Celtic,SCO,2025,2026-06-12,388171,59,35,20,2036,1,0,squad,rotation,46,54,transfermarkt_performance_game,https://tmapi.transfermarkt.technology/player/388171/performance-game,59 club match rows from Transfermarkt performance-game API for season 2025.
Scotland,25,Findlay Curtis,FW,Kilmarnock,SCO,2025,2026-06-12,1082993,56,35,18,1672,8,3,rotation,rotation,42,49,transfermarkt_performance_game,https://tmapi.transfermarkt.technology/player/1082993/performance-game,56 club match rows from Transfermarkt performance-game API for season 2025.
Scotland,26,Scott McKenna,DF,Dinamo Zagreb,CRO,2025,2026-06-12,255906,51,42,42,3716,2,3,squad,starter,69,84,transfermarkt_performance_game,https://tmapi.transfermarkt.technology/player/255906/performance-game,51 club match rows from Transfermarkt performance-game API for season 2025.
Australia,1,Mathew Ryan,GK,Levante,La Liga,2025,2026-06-12,128969,39,36,36,3240,0,0,starter,starter,75,80,transfermarkt_performance_game,https://tmapi.transfermarkt.technology/player/128969/performance-game,39 club match rows from Transfermarkt performance-game API for season 2025.
Australia,2,Miloš Degenek,DF,APOEL,CYP,2025,2026-06-12,187353,44,25,21,1952,2,0,starter,rotation,52,53,transfermarkt_performance_game,https://tmapi.transfermarkt.technology/player/187353/performance-game,44 club match rows from Transfermarkt performance-game API for season 2025.
Australia,3,Alessandro Circati,DF,Parma,Serie A,2025,2026-06-12,867137,41,33,32,2801,1,1,starter,starter,79,82,transfermarkt_performance_game,https://tmapi.transfermarkt.technology/player/867137/performance-game,41 club match rows from Transfermarkt performance-game API for season 2025.
Australia,4,Jacob Italiano,DF,Grazer AK,AUT,2025,2026-06-12,545810,33,25,25,2157,4,2,starter,rotation,54,60,transfermarkt_performance_game,https://tmapi.transfermarkt.technology/player/545810/performance-game,33 club match rows from Transfermarkt performance-game API for season 2025.
Australia,5,Jordan Bos,DF,Feyenoord,Eredivisie,2025,2026-06-12,855731,45,36,30,2565,4,11,starter,starter,81,83,transfermarkt_performance_game,https://tmapi.transfermarkt.technology/player/855731/performance-game,45 club match rows from Transfermarkt performance-game API for season 2025.
Australia,6,Jason Geria,DF,Albirex Niigata,J1 League,2025,2026-06-12,185175,20,11,11,985,1,1,rotation,reserve,27,27,transfermarkt_performance_game,https://tmapi.transfermarkt.technology/player/185175/performance-game,20 club match rows from Transfermarkt performance-game API for season 2025.
Australia,7,Mathew Leckie,FW,Melbourne City,A-League,2025,2026-06-12,126214,37,8,5,402,0,1,starter,reserve,26,15,transfermarkt_performance_game,https://tmapi.transfermarkt.technology/player/126214/performance-game,37 club match rows from Transfermarkt performance-game API for season 2025.
Australia,8,Connor Metcalfe,MF,FC St. Pauli,Bundesliga,2025,2026-06-12,522223,38,28,4,688,0,2,starter,reserve,31,24,transfermarkt_performance_game,https://tmapi.transfermarkt.technology/player/522223/performance-game,38 club match rows from Transfermarkt performance-game API for season 2025.
Australia,9,Mohamed Touré,FW,Norwich City,Premier League,2025,2026-06-12,742770,38,31,22,1882,14,8,starter,rotation,64,65,transfermarkt_performance_game,https://tmapi.transfermarkt.technology/player/742770/performance-game,38 club match rows from Transfermarkt performance-game API for season 2025.
Australia,10,Ajdin Hrustic,FW,Heracles Almelo,Eredivisie,2025,2026-06-12,265625,37,30,28,2522,4,7,starter,rotation,63,70,transfermarkt_performance_game,https://tmapi.transfermarkt.technology/player/265625/performance-game,37 club match rows from Transfermarkt performance-game API for season 2025.
Australia,11,Awer Mabil,FW,Castellón,La Liga,2025,2026-06-12,255729,45,31,19,1806,3,6,starter,rotation,52,55,transfermarkt_performance_game,https://tmapi.transfermarkt.technology/player/255729/performance-game,45 club match rows from Transfermarkt performance-game API for season 2025.
Australia,12,Paul Izzo,GK,Randers,DEN,2025,2026-06-12,181921,35,27,27,2430,0,0,reserve,rotation,43,54,transfermarkt_performance_game,https://tmapi.transfermarkt.technology/player/181921/performance-game,35 club match rows from Transfermarkt performance-game API for season 2025.
Australia,13,Aiden O'Neill,MF,New York City FC,MLS,2025,2026-06-12,385918,18,12,12,999,0,1,starter,reserve,35,29,transfermarkt_performance_game,https://tmapi.transfermarkt.technology/player/385918/performance-game,18 club match rows from Transfermarkt performance-game API for season 2025.
Australia,14,Cammy Devlin,MF,Heart of Midlothian,SCO,2025,2026-06-12,399162,44,33,31,2777,2,1,starter,rotation,63,71,transfermarkt_performance_game,https://tmapi.transfermarkt.technology/player/399162/performance-game,44 club match rows from Transfermarkt performance-game API for season 2025.
Australia,15,Kai Trewin,DF,New York City FC,MLS,2025,2026-06-12,691326,39,37,36,3167,1,0,rotation,rotation,64,78,transfermarkt_performance_game,https://tmapi.transfermarkt.technology/player/691326/performance-game,39 club match rows from Transfermarkt performance-game API for season 2025.
Australia,16,Aziz Behich,DF,Melbourne City,A-League,2025,2026-06-12,136834,37,34,34,3111,3,3,rotation,starter,72,84,transfermarkt_performance_game,https://tmapi.transfermarkt.technology/player/136834/performance-game,37 club match rows from Transfermarkt performance-game API for season 2025.
Australia,17,Nestory Irankunda,FW,Watford,Premier League,2025,2026-06-12,956920,48,42,24,2211,4,5,rotation,rotation,65,70,transfermarkt_performance_game,https://tmapi.transfermarkt.technology/player/956920/performance-game,48 club match rows from Transfermarkt performance-game API for season 2025.
Australia,18,Patrick Beach,GK,Melbourne City,A-League,2025,2026-06-12,983578,37,35,35,3210,0,0,reserve,rotation,55,71,transfermarkt_performance_game,https://tmapi.transfermarkt.technology/player/983578/performance-game,37 club match rows from Transfermarkt performance-game API for season 2025.
Australia,19,Harry Souttar,DF,Leicester City,Premier League,2025,2026-06-12,298091,49,2,2,178,1,0,rotation,reserve,19,9,transfermarkt_performance_game,https://tmapi.transfermarkt.technology/player/298091/performance-game,49 club match rows from Transfermarkt performance-game API for season 2025.
Australia,20,Cristian Volpato,FW,Sassuolo,Serie A,2025,2026-06-12,746891,40,26,12,1163,2,4,rotation,rotation,44,40,transfermarkt_performance_game,https://tmapi.transfermarkt.technology/player/746891/performance-game,40 club match rows from Transfermarkt performance-game API for season 2025.
Australia,21,Cameron Burgess,DF,Swansea City,WAL,2025,2026-06-12,255788,51,51,50,4531,2,0,squad,rotation,66,81,transfermarkt_performance_game,https://tmapi.transfermarkt.technology/player/255788/performance-game,51 club match rows from Transfermarkt performance-game API for season 2025.
Australia,22,Jackson Irvine,MF,FC St. Pauli,Bundesliga,2025,2026-06-12,192557,38,26,19,1737,0,1,starter,rotation,53,51,transfermarkt_performance_game,https://tmapi.transfermarkt.technology/player/192557/performance-game,38 club match rows from Transfermarkt performance-game API for season 2025.
Australia,23,Nishan Velupillay,FW,Melbourne Victory,A-League,2025,2026-06-12,888140,27,22,18,1468,4,1,rotation,reserve,37,41,transfermarkt_performance_game,https://tmapi.transfermarkt.technology/player/888140/performance-game,27 club match rows from Transfermarkt performance-game API for season 2025.
Australia,24,Paul Okon-Engstler,MF,Sydney FC,A-League,2025,2026-06-12,1064377,30,27,26,2325,0,2,rotation,rotation,50,59,transfermarkt_performance_game,https://tmapi.transfermarkt.technology/player/1064377/performance-game,30 club match rows from Transfermarkt performance-game API for season 2025.
Australia,25,Lucas Herrington,DF,Colorado Rapids,MLS,2025,2026-06-12,1279984,33,28,27,2490,2,1,squad,rotation,57,66,transfermarkt_performance_game,https://tmapi.transfermarkt.technology/player/1279984/performance-game,33 club match rows from Transfermarkt performance-game API for season 2025.
Australia,26,Tete Yengi,FW,Machida Zelvia,J1 League,2025,2026-06-12,849429,56,44,29,2564,8,1,rotation,rotation,58,70,transfermarkt_performance_game,https://tmapi.transfermarkt.technology/player/849429/performance-game,56 club match rows from Transfermarkt performance-game API for season 2025.
Paraguay,1,Gatito Fernández,GK,Cerro Porteño,PAR,2025,2026-06-12,,0,0,0,0,0,0,starter,rotation,46,46,no_transfermarkt_player_match,,"No matched Transfermarkt player URL; role score uses squad role, market value, caps and availability only."
Paraguay,2,Gustavo Velázquez,DF,Cerro Porteño,PAR,2025,2026-06-12,389399,28,17,17,1529,0,0,starter,rotation,38,38,transfermarkt_performance_game,https://tmapi.transfermarkt.technology/player/389399/performance-game,28 club match rows from Transfermarkt performance-game API for season 2025.
Paraguay,3,Omar Alderete,DF,Sunderland,Premier League,2025,2026-06-12,353032,42,34,33,2892,1,1,starter,starter,77,83,transfermarkt_performance_game,https://tmapi.transfermarkt.technology/player/353032/performance-game,42 club match rows from Transfermarkt performance-game API for season 2025.
Paraguay,4,Juan José Cáceres,DF,Dynamo Moscow,RUS,2025,2026-06-12,756494,42,31,30,2649,1,8,starter,rotation,67,75,transfermarkt_performance_game,https://tmapi.transfermarkt.technology/player/756494/performance-game,42 club match rows from Transfermarkt performance-game API for season 2025.
Paraguay,5,Fabián Balbuena,DF,Grêmio,Brasileirao,2025,2026-06-12,285548,37,14,12,1064,0,0,starter,reserve,36,30,transfermarkt_performance_game,https://tmapi.transfermarkt.technology/player/285548/performance-game,37 club match rows from Transfermarkt performance-game API for season 2025.
Paraguay,6,Júnior Alonso,DF,Atlético Mineiro,Brasileirao,2025,2026-06-12,273000,33,19,19,1685,0,0,rotation,rotation,45,46,transfermarkt_performance_game,https://tmapi.transfermarkt.technology/player/273000/performance-game,33 club match rows from Transfermarkt performance-game API for season 2025.
Paraguay,7,Ramón Sosa,MF,Palmeiras,Brasileirao,2025,2026-06-12,745191,38,30,16,1493,7,5,starter,rotation,51,49,transfermarkt_performance_game,https://tmapi.transfermarkt.technology/player/745191/performance-game,38 club match rows from Transfermarkt performance-game API for season 2025.
Paraguay,8,Diego Gómez,MF,Brighton & Hove Albion,Premier League,2025,2026-06-12,996897,43,37,31,2487,10,1,starter,starter,79,81,transfermarkt_performance_game,https://tmapi.transfermarkt.technology/player/996897/performance-game,43 club match rows from Transfermarkt performance-game API for season 2025.
Paraguay,9,Antonio Sanabria,FW,Cremonese,Serie A,2025,2026-06-12,234523,39,25,10,940,1,1,starter,reserve,36,31,transfermarkt_performance_game,https://tmapi.transfermarkt.technology/player/234523/performance-game,39 club match rows from Transfermarkt performance-game API for season 2025.
Paraguay,10,Miguel Almirón,MF,Atlanta United FC,MLS,2025,2026-06-12,272999,17,9,7,683,0,3,starter,reserve,34,23,transfermarkt_performance_game,https://tmapi.transfermarkt.technology/player/272999/performance-game,17 club match rows from Transfermarkt performance-game API for season 2025.
Paraguay,11,Maurício,MF,Palmeiras,Brasileirao,2025,2026-06-12,678439,38,30,23,1897,4,2,starter,rotation,57,57,transfermarkt_performance_game,https://tmapi.transfermarkt.technology/player/678439/performance-game,38 club match rows from Transfermarkt performance-game API for season 2025.
Paraguay,12,Orlando Gill,GK,San Lorenzo,Argentine Primera Division,2025,2026-06-12,643259,24,22,22,2010,0,0,reserve,rotation,40,47,transfermarkt_performance_game,https://tmapi.transfermarkt.technology/player/643259/performance-game,24 club match rows from Transfermarkt performance-game API for season 2025.
Paraguay,13,José Canale,DF,Lanús,Argentine Primera Division,2025,2026-06-12,402627,27,22,22,2002,1,0,rotation,rotation,45,52,transfermarkt_performance_game,https://tmapi.transfermarkt.technology/player/402627/performance-game,27 club match rows from Transfermarkt performance-game API for season 2025.
Paraguay,14,Andrés Cubas,MF,Vancouver Whitecaps FC,MLS,2025,2026-06-12,323872,18,14,12,986,0,1,rotation,reserve,31,29,transfermarkt_performance_game,https://tmapi.transfermarkt.technology/player/323872/performance-game,18 club match rows from Transfermarkt performance-game API for season 2025.
Paraguay,15,Gustavo Gómez,DF,Palmeiras,Brasileirao,2025,2026-06-12,215390,38,33,33,2870,3,0,rotation,starter,71,81,transfermarkt_performance_game,https://tmapi.transfermarkt.technology/player/215390/performance-game,38 club match rows from Transfermarkt performance-game API for season 2025.
Paraguay,16,Damián Bobadilla,MF,São Paulo,Brasileirao,2025,2026-06-12,861852,36,28,24,2070,3,5,rotation,rotation,51,58,transfermarkt_performance_game,https://tmapi.transfermarkt.technology/player/861852/performance-game,36 club match rows from Transfermarkt performance-game API for season 2025.
Paraguay,17,Kaku,FW,Al Ain,UAE,2025,2026-06-12,355817,37,30,28,2450,4,10,starter,rotation,63,68,transfermarkt_performance_game,https://tmapi.transfermarkt.technology/player/355817/performance-game,37 club match rows from Transfermarkt performance-game API for season 2025.
Paraguay,18,Álex Arce,FW,Independiente Rivadavia,Argentine Primera Division,2025,2026-06-12,970518,24,16,10,968,11,0,starter,reserve,34,30,transfermarkt_performance_game,https://tmapi.transfermarkt.technology/player/970518/performance-game,24 club match rows from Transfermarkt performance-game API for season 2025.
Paraguay,19,Julio Enciso,FW,Strasbourg,Ligue 1,2025,2026-06-12,660867,52,42,34,2967,12,9,starter,starter,89,94,transfermarkt_performance_game,https://tmapi.transfermarkt.technology/player/660867/performance-game,52 club match rows from Transfermarkt performance-game API for season 2025.
Paraguay,20,Braian Ojeda,MF,Orlando City SC,MLS,2025,2026-06-12,491596,18,18,18,1552,0,4,rotation,rotation,39,42,transfermarkt_performance_game,https://tmapi.transfermarkt.technology/player/491596/performance-game,18 club match rows from Transfermarkt performance-game API for season 2025.
Paraguay,21,Gabriel Ávalos,FW,Independiente,Argentine Primera Division,2025,2026-06-12,358418,19,18,18,1582,10,5,rotation,rotation,42,46,transfermarkt_performance_game,https://tmapi.transfermarkt.technology/player/358418/performance-game,19 club match rows from Transfermarkt performance-game API for season 2025.
Paraguay,22,Gastón Olveira,GK,Olimpia,PAR,2025,2026-06-12,301722,29,25,25,2250,0,0,reserve,rotation,39,50,transfermarkt_performance_game,https://tmapi.transfermarkt.technology/player/301722/performance-game,29 club match rows from Transfermarkt performance-game API for season 2025.
Paraguay,23,Matías Galarza,MF,Atlanta United FC,MLS,2025,2026-06-12,661269,23,13,10,847,0,0,rotation,reserve,26,24,transfermarkt_performance_game,https://tmapi.transfermarkt.technology/player/661269/performance-game,23 club match rows from Transfermarkt performance-game API for season 2025.
Paraguay,24,Gustavo Caballero,MF,Portsmouth,Premier League,2025,2026-06-12,891672,25,14,11,851,1,0,squad,reserve,24,25,transfermarkt_performance_game,https://tmapi.transfermarkt.technology/player/891672/performance-game,25 club match rows from Transfermarkt performance-game API for season 2025.
Paraguay,25,Isidro Pitta,FW,Red Bull Bragantino,Brasileirao,2025,2026-06-12,675178,35,28,20,1828,9,5,rotation,rotation,49,55,transfermarkt_performance_game,https://tmapi.transfermarkt.technology/player/675178/performance-game,35 club match rows from Transfermarkt performance-game API for season 2025.
Paraguay,26,Alexandro Maidana,DF,Talleres,Argentine Primera Division,2025,2026-06-12,1371519,20,18,16,1460,2,0,rotation,reserve,36,40,transfermarkt_performance_game,https://tmapi.transfermarkt.technology/player/1371519/performance-game,20 club match rows from Transfermarkt performance-game API for season 2025.
Türkiye,1,Mert Günok,GK,Fenerbahçe,TUR,2025,2026-06-12,51894,51,21,20,1825,0,0,starter,rotation,42,42,transfermarkt_performance_game,https://tmapi.transfermarkt.technology/player/51894/performance-game,51 club match rows from Transfermarkt performance-game API for season 2025.
Türkiye,2,Zeki Çelik,DF,Roma,Serie A,2025,2026-06-12,251075,49,45,43,3637,1,4,starter,starter,80,90,transfermarkt_performance_game,https://tmapi.transfermarkt.technology/player/251075/performance-game,49 club match rows from Transfermarkt performance-game API for season 2025.
Türkiye,3,Merih Demiral,DF,Al-Ahli,Saudi Pro League,2025,2026-06-12,340879,53,32,31,2590,2,1,starter,rotation,67,71,transfermarkt_performance_game,https://tmapi.transfermarkt.technology/player/340879/performance-game,53 club match rows from Transfermarkt performance-game API for season 2025.
Türkiye,4,Çağlar Söyüncü,DF,Fenerbahçe,TUR,2025,2026-06-12,320141,55,19,14,1248,0,1,starter,rotation,40,36,transfermarkt_performance_game,https://tmapi.transfermarkt.technology/player/320141/performance-game,55 club match rows from Transfermarkt performance-game API for season 2025.
Türkiye,5,Salih Özcan,MF,Borussia Dortmund,Bundesliga,2025,2026-06-12,244940,47,12,0,74,0,0,starter,reserve,17,6,transfermarkt_performance_game,https://tmapi.transfermarkt.technology/player/244940/performance-game,47 club match rows from Transfermarkt performance-game API for season 2025.
Türkiye,6,Orkun Kökçü,MF,Beşiktaş,TUR,2025,2026-06-12,454567,46,41,38,3256,10,10,starter,starter,78,86,transfermarkt_performance_game,https://tmapi.transfermarkt.technology/player/454567/performance-game,46 club match rows from Transfermarkt performance-game API for season 2025.
Türkiye,7,Kerem Aktürkoğlu,FW,Fenerbahçe,TUR,2025,2026-06-12,382528,56,49,42,3456,16,10,starter,starter,79,88,transfermarkt_performance_game,https://tmapi.transfermarkt.technology/player/382528/performance-game,56 club match rows from Transfermarkt performance-game API for season 2025.
Türkiye,8,Arda Güler,FW,Real Madrid,La Liga,2025,2026-06-12,861410,56,51,40,3255,6,14,starter,starter,91,96,transfermarkt_performance_game,https://tmapi.transfermarkt.technology/player/861410/performance-game,56 club match rows from Transfermarkt performance-game API for season 2025.
Türkiye,9,Deniz Gül,FW,Porto,Primeira Liga,2025,2026-06-12,1063292,53,44,18,1824,7,2,starter,rotation,50,55,transfermarkt_performance_game,https://tmapi.transfermarkt.technology/player/1063292/performance-game,53 club match rows from Transfermarkt performance-game API for season 2025.
Türkiye,10,Hakan Çalhanoğlu,MF,Inter Milan,Serie A,2025,2026-06-12,126414,54,30,27,2137,12,7,starter,starter,73,73,transfermarkt_performance_game,https://tmapi.transfermarkt.technology/player/126414/performance-game,54 club match rows from Transfermarkt performance-game API for season 2025.
Türkiye,11,Kenan Yıldız,FW,Juventus,Serie A,2025,2026-06-12,845654,50,47,42,3696,11,10,starter,starter,83,93,transfermarkt_performance_game,https://tmapi.transfermarkt.technology/player/845654/performance-game,50 club match rows from Transfermarkt performance-game API for season 2025.
Türkiye,12,Altay Bayındır,GK,Manchester United,Premier League,2025,2026-06-12,336077,40,6,6,540,0,0,reserve,reserve,15,14,transfermarkt_performance_game,https://tmapi.transfermarkt.technology/player/336077/performance-game,40 club match rows from Transfermarkt performance-game API for season 2025.
Türkiye,13,Eren Elmalı,DF,Galatasaray,TUR,2025,2026-06-12,616894,53,41,24,2302,4,0,starter,rotation,58,64,transfermarkt_performance_game,https://tmapi.transfermarkt.technology/player/616894/performance-game,53 club match rows from Transfermarkt performance-game API for season 2025.
Türkiye,14,Abdülkerim Bardakcı,DF,Galatasaray,TUR,2025,2026-06-12,199316,53,45,44,3729,1,1,rotation,rotation,67,80,transfermarkt_performance_game,https://tmapi.transfermarkt.technology/player/199316/performance-game,53 club match rows from Transfermarkt performance-game API for season 2025.
Türkiye,15,Ozan Kabak,DF,TSG Hoffenheim,Bundesliga,2025,2026-06-12,361260,36,26,18,1780,4,0,rotation,rotation,48,53,transfermarkt_performance_game,https://tmapi.transfermarkt.technology/player/361260/performance-game,36 club match rows from Transfermarkt performance-game API for season 2025.
Türkiye,16,İsmail Yüksek,MF,Fenerbahçe,TUR,2025,2026-06-12,613725,55,47,32,2802,2,3,starter,starter,69,77,transfermarkt_performance_game,https://tmapi.transfermarkt.technology/player/613725/performance-game,55 club match rows from Transfermarkt performance-game API for season 2025.
Türkiye,17,İrfan Can Kahveci,FW,Kasımpaşa,TUR,2025,2026-06-12,216603,46,28,19,1749,2,3,rotation,rotation,45,49,transfermarkt_performance_game,https://tmapi.transfermarkt.technology/player/216603/performance-game,46 club match rows from Transfermarkt performance-game API for season 2025.
Türkiye,18,Mert Müldür,DF,Fenerbahçe,TUR,2025,2026-06-12,353922,55,41,24,2439,1,3,rotation,rotation,59,68,transfermarkt_performance_game,https://tmapi.transfermarkt.technology/player/353922/performance-game,55 club match rows from Transfermarkt performance-game API for season 2025.
Türkiye,19,Yunus Akgün,FW,Galatasaray,TUR,2025,2026-06-12,396908,53,42,30,2495,10,11,rotation,rotation,64,75,transfermarkt_performance_game,https://tmapi.transfermarkt.technology/player/396908/performance-game,53 club match rows from Transfermarkt performance-game API for season 2025.
Türkiye,20,Ferdi Kadıoğlu,DF,Brighton & Hove Albion,Premier League,2025,2026-06-12,369316,43,42,39,3515,1,0,rotation,starter,74,86,transfermarkt_performance_game,https://tmapi.transfermarkt.technology/player/369316/performance-game,43 club match rows from Transfermarkt performance-game API for season 2025.
Türkiye,21,Barış Alper Yılmaz,FW,Galatasaray,TUR,2025,2026-06-12,541537,53,49,41,3691,12,16,rotation,starter,75,88,transfermarkt_performance_game,https://tmapi.transfermarkt.technology/player/541537/performance-game,53 club match rows from Transfermarkt performance-game API for season 2025.
Türkiye,22,Kaan Ayhan,MF,Galatasaray,TUR,2025,2026-06-12,119031,53,29,6,806,1,0,rotation,reserve,31,27,transfermarkt_performance_game,https://tmapi.transfermarkt.technology/player/119031/performance-game,53 club match rows from Transfermarkt performance-game API for season 2025.
Türkiye,23,Uğurcan Çakır,GK,Galatasaray,TUR,2025,2026-06-12,292199,53,42,42,3787,0,0,reserve,rotation,64,79,transfermarkt_performance_game,https://tmapi.transfermarkt.technology/player/292199/performance-game,53 club match rows from Transfermarkt performance-game API for season 2025.
Türkiye,24,Oğuz Aydın,FW,Fenerbahçe,TUR,2025,2026-06-12,563749,55,39,12,1316,0,4,rotation,reserve,36,39,transfermarkt_performance_game,https://tmapi.transfermarkt.technology/player/563749/performance-game,55 club match rows from Transfermarkt performance-game API for season 2025.
Türkiye,25,Samet Akaydin,DF,Çaykur Rizespor,TUR,2025,2026-06-12,295024,40,30,30,2650,4,2,squad,rotation,58,72,transfermarkt_performance_game,https://tmapi.transfermarkt.technology/player/295024/performance-game,40 club match rows from Transfermarkt performance-game API for season 2025.
Türkiye,26,Can Uzun,FW,Eintracht Frankfurt,Bundesliga,2025,2026-06-12,816585,44,28,19,1513,10,6,squad,rotation,48,52,transfermarkt_performance_game,https://tmapi.transfermarkt.technology/player/816585/performance-game,44 club match rows from Transfermarkt performance-game API for season 2025.
USA,1,Matt Turner,GK,New England Revolution,MLS,2025,2026-06-12,425306,16,14,14,1260,0,0,starter,reserve,36,31,transfermarkt_performance_game,https://tmapi.transfermarkt.technology/player/425306/performance-game,16 club match rows from Transfermarkt performance-game API for season 2025.
USA,2,Sergiño Dest,DF,PSV Eindhoven,Eredivisie,2025,2026-06-12,361104,47,38,36,3004,2,8,starter,starter,82,90,transfermarkt_performance_game,https://tmapi.transfermarkt.technology/player/361104/performance-game,47 club match rows from Transfermarkt performance-game API for season 2025.
USA,3,Chris Richards,DF,Crystal Palace,Premier League,2025,2026-06-12,578539,60,50,46,4221,2,0,starter,starter,84,90,transfermarkt_performance_game,https://tmapi.transfermarkt.technology/player/578539/performance-game,60 club match rows from Transfermarkt performance-game API for season 2025.
USA,4,Tyler Adams,MF,Bournemouth,Premier League,2025,2026-06-12,332705,40,26,21,1795,2,2,starter,rotation,61,57,transfermarkt_performance_game,https://tmapi.transfermarkt.technology/player/332705/performance-game,40 club match rows from Transfermarkt performance-game API for season 2025.
USA,5,Antonee Robinson,DF,Fulham,Premier League,2025,2026-06-12,349701,45,26,20,1786,1,1,starter,rotation,59,56,transfermarkt_performance_game,https://tmapi.transfermarkt.technology/player/349701/performance-game,45 club match rows from Transfermarkt performance-game API for season 2025.
USA,6,Auston Trusty,DF,Celtic,SCO,2025,2026-06-12,389253,59,41,38,3556,2,1,starter,starter,69,80,transfermarkt_performance_game,https://tmapi.transfermarkt.technology/player/389253/performance-game,59 club match rows from Transfermarkt performance-game API for season 2025.
USA,7,Giovanni Reyna,MF,Borussia Mönchengladbach,Bundesliga,2025,2026-06-12,504215,37,20,5,577,1,1,starter,reserve,28,21,transfermarkt_performance_game,https://tmapi.transfermarkt.technology/player/504215/performance-game,37 club match rows from Transfermarkt performance-game API for season 2025.
USA,8,Weston McKennie,MF,Juventus,Serie A,2025,2026-06-12,332697,50,48,44,3921,9,8,starter,starter,90,95,transfermarkt_performance_game,https://tmapi.transfermarkt.technology/player/332697/performance-game,50 club match rows from Transfermarkt performance-game API for season 2025.
USA,9,Ricardo Pepi,FW,PSV Eindhoven,Eredivisie,2025,2026-06-12,627207,47,34,18,1706,19,2,starter,rotation,63,60,transfermarkt_performance_game,https://tmapi.transfermarkt.technology/player/627207/performance-game,47 club match rows from Transfermarkt performance-game API for season 2025.
USA,10,Christian Pulisic,FW,Milan,Serie A,2025,2026-06-12,315779,42,34,20,1806,10,4,starter,starter,72,65,transfermarkt_performance_game,https://tmapi.transfermarkt.technology/player/315779/performance-game,42 club match rows from Transfermarkt performance-game API for season 2025.
USA,11,Brenden Aaronson,FW,Leeds United,Premier League,2025,2026-06-12,393323,44,42,32,2749,4,5,starter,starter,80,85,transfermarkt_performance_game,https://tmapi.transfermarkt.technology/player/393323/performance-game,44 club match rows from Transfermarkt performance-game API for season 2025.
USA,12,Miles Robinson,DF,FC Cincinnati,MLS,2025,2026-06-12,468022,19,12,11,831,0,0,rotation,reserve,28,25,transfermarkt_performance_game,https://tmapi.transfermarkt.technology/player/468022/performance-game,19 club match rows from Transfermarkt performance-game API for season 2025.
USA,13,Tim Ream,DF,Charlotte FC,MLS,2025,2026-06-12,145466,17,11,11,945,0,1,rotation,reserve,34,29,transfermarkt_performance_game,https://tmapi.transfermarkt.technology/player/145466/performance-game,17 club match rows from Transfermarkt performance-game API for season 2025.
USA,14,Sebastian Berhalter,MF,Vancouver Whitecaps FC,MLS,2025,2026-06-12,734761,18,18,17,1480,7,4,starter,rotation,43,43,transfermarkt_performance_game,https://tmapi.transfermarkt.technology/player/734761/performance-game,18 club match rows from Transfermarkt performance-game API for season 2025.
USA,15,Cristian Roldan,MF,Seattle Sounders FC,MLS,2025,2026-06-12,354792,17,16,14,1314,3,4,rotation,reserve,38,38,transfermarkt_performance_game,https://tmapi.transfermarkt.technology/player/354792/performance-game,17 club match rows from Transfermarkt performance-game API for season 2025.
USA,16,Alex Freeman,DF,Villarreal,La Liga,2025,2026-06-12,985806,18,9,3,340,0,0,rotation,reserve,17,11,transfermarkt_performance_game,https://tmapi.transfermarkt.technology/player/985806/performance-game,18 club match rows from Transfermarkt performance-game API for season 2025.
USA,17,Malik Tillman,MF,Bayer Leverkusen,Bundesliga,2025,2026-06-12,467437,51,42,24,2335,8,1,rotation,starter,68,73,transfermarkt_performance_game,https://tmapi.transfermarkt.technology/player/467437/performance-game,51 club match rows from Transfermarkt performance-game API for season 2025.
USA,18,Max Arfsten,DF,Columbus Crew,MLS,2025,2026-06-12,993063,18,16,16,1377,5,5,rotation,rotation,41,44,transfermarkt_performance_game,https://tmapi.transfermarkt.technology/player/993063/performance-game,18 club match rows from Transfermarkt performance-game API for season 2025.
USA,19,Haji Wright,FW,Coventry City,Premier League,2025,2026-06-12,315291,49,43,33,2751,18,2,starter,starter,78,87,transfermarkt_performance_game,https://tmapi.transfermarkt.technology/player/315291/performance-game,49 club match rows from Transfermarkt performance-game API for season 2025.
USA,20,Folarin Balogun,FW,Monaco,Ligue 1,2025,2026-06-12,503770,47,43,38,3253,19,5,rotation,starter,86,95,transfermarkt_performance_game,https://tmapi.transfermarkt.technology/player/503770/performance-game,47 club match rows from Transfermarkt performance-game API for season 2025.
USA,21,Timothy Weah,FW,Marseille,Ligue 1,2025,2026-06-12,370846,47,41,36,3139,3,4,rotation,starter,77,87,transfermarkt_performance_game,https://tmapi.transfermarkt.technology/player/370846/performance-game,47 club match rows from Transfermarkt performance-game API for season 2025.
USA,22,Mark McKenzie,DF,Toulouse,Ligue 1,2025,2026-06-12,429259,39,33,31,2765,0,2,squad,rotation,63,76,transfermarkt_performance_game,https://tmapi.transfermarkt.technology/player/429259/performance-game,39 club match rows from Transfermarkt performance-game API for season 2025.
USA,23,Joe Scally,DF,Borussia Mönchengladbach,Bundesliga,2025,2026-06-12,504153,37,35,31,2792,2,3,squad,rotation,66,80,transfermarkt_performance_game,https://tmapi.transfermarkt.technology/player/504153/performance-game,37 club match rows from Transfermarkt performance-game API for season 2025.
USA,24,Matt Freese,GK,New York City FC,MLS,2025,2026-06-12,500309,18,17,17,1530,0,0,reserve,reserve,30,35,transfermarkt_performance_game,https://tmapi.transfermarkt.technology/player/500309/performance-game,18 club match rows from Transfermarkt performance-game API for season 2025.
USA,25,Chris Brady,GK,Chicago Fire FC,MLS,2025,2026-06-12,765504,16,16,16,1440,0,0,reserve,reserve,27,32,transfermarkt_performance_game,https://tmapi.transfermarkt.technology/player/765504/performance-game,16 club match rows from Transfermarkt performance-game API for season 2025.
USA,26,Alejandro Zendejas,FW,América,Liga MX,2025,2026-06-12,,0,0,0,0,0,0,rotation,reserve,31,31,no_transfermarkt_player_match,,"No matched Transfermarkt player URL; role score uses squad role, market value, caps and availability only."
Curacao,1,Eloy Room,GK,Miami FC,MLS,2025,2026-06-12,79294,15,11,11,990,0,0,starter,reserve,33,25,transfermarkt_performance_game,https://tmapi.transfermarkt.technology/player/79294/performance-game,15 club match rows from Transfermarkt performance-game API for season 2025.
Curacao,2,Shurandy Sambo,DF,Sparta Rotterdam,Eredivisie,2025,2026-06-12,412937,36,27,20,1754,0,2,starter,rotation,50,51,transfermarkt_performance_game,https://tmapi.transfermarkt.technology/player/412937/performance-game,36 club match rows from Transfermarkt performance-game API for season 2025.
Curacao,3,Juriën Gaari,DF,Abha,Saudi Pro League,2025,2026-06-12,328455,35,32,32,2910,0,0,starter,rotation,68,74,transfermarkt_performance_game,https://tmapi.transfermarkt.technology/player/328455/performance-game,35 club match rows from Transfermarkt performance-game API for season 2025.
Curacao,4,Roshon van Eijma,DF,RKC Waalwijk,Eredivisie,2025,2026-06-12,401029,45,31,24,2274,0,0,starter,rotation,56,60,transfermarkt_performance_game,https://tmapi.transfermarkt.technology/player/401029/performance-game,45 club match rows from Transfermarkt performance-game API for season 2025.
Curacao,5,Sherel Floranus,DF,PEC Zwolle,Eredivisie,2025,2026-06-12,315211,36,34,34,2981,1,4,starter,starter,74,84,transfermarkt_performance_game,https://tmapi.transfermarkt.technology/player/315211/performance-game,36 club match rows from Transfermarkt performance-game API for season 2025.
Curacao,6,Godfried Roemeratoe,MF,RKC Waalwijk,Eredivisie,2025,2026-06-12,393241,45,37,31,2561,0,2,starter,rotation,64,71,transfermarkt_performance_game,https://tmapi.transfermarkt.technology/player/393241/performance-game,45 club match rows from Transfermarkt performance-game API for season 2025.
Curacao,7,Juninho Bacuna,MF,Volendam,Eredivisie,2025,2026-06-12,348863,40,27,15,1323,1,3,starter,rotation,48,43,transfermarkt_performance_game,https://tmapi.transfermarkt.technology/player/348863/performance-game,40 club match rows from Transfermarkt performance-game API for season 2025.
Curacao,8,Livano Comenencia,MF,Zürich,SUI,2025,2026-06-12,626764,38,25,16,1643,0,0,starter,rotation,43,42,transfermarkt_performance_game,https://tmapi.transfermarkt.technology/player/626764/performance-game,38 club match rows from Transfermarkt performance-game API for season 2025.
Curacao,9,Jürgen Locadia,FW,Miami FC,MLS,2025,2026-06-12,166240,15,12,10,894,5,2,starter,reserve,30,26,transfermarkt_performance_game,https://tmapi.transfermarkt.technology/player/166240/performance-game,15 club match rows from Transfermarkt performance-game API for season 2025.
Curacao,10,Leandro Bacuna,MF,Iğdır,TUR,2025,2026-06-12,126014,42,38,35,3039,9,4,starter,starter,75,83,transfermarkt_performance_game,https://tmapi.transfermarkt.technology/player/126014/performance-game,42 club match rows from Transfermarkt performance-game API for season 2025.
Curacao,11,Jeremy Antonisse,FW,Kifisia,GRE,2025,2026-06-12,594273,43,32,27,2195,1,2,starter,rotation,57,60,transfermarkt_performance_game,https://tmapi.transfermarkt.technology/player/594273/performance-game,43 club match rows from Transfermarkt performance-game API for season 2025.
Curacao,12,Sontje Hansen,FW,Middlesbrough,Premier League,2025,2026-06-12,485582,53,22,6,690,1,0,starter,rotation,38,27,transfermarkt_performance_game,https://tmapi.transfermarkt.technology/player/485582/performance-game,53 club match rows from Transfermarkt performance-game API for season 2025.
Curacao,13,Tyrese Noslin,FW,Telstar,Eredivisie,2025,2026-06-12,708005,39,39,30,2632,3,4,starter,rotation,65,74,transfermarkt_performance_game,https://tmapi.transfermarkt.technology/player/708005/performance-game,39 club match rows from Transfermarkt performance-game API for season 2025.
Curacao,14,Kenji Gorré,FW,Maccabi Haifa,ISR,2025,2026-06-12,374889,44,29,21,1896,5,11,rotation,rotation,51,56,transfermarkt_performance_game,https://tmapi.transfermarkt.technology/player/374889/performance-game,44 club match rows from Transfermarkt performance-game API for season 2025.
Curacao,15,Ar'jany Martha,MF,Rotherham United,Premier League,2025,2026-06-12,572519,54,47,29,3063,2,3,rotation,starter,68,82,transfermarkt_performance_game,https://tmapi.transfermarkt.technology/player/572519/performance-game,54 club match rows from Transfermarkt performance-game API for season 2025.
Curacao,16,Jearl Margaritha,FW,Beveren,BEL,2025,2026-06-12,538958,34,33,30,2457,7,12,rotation,rotation,62,72,transfermarkt_performance_game,https://tmapi.transfermarkt.technology/player/538958/performance-game,34 club match rows from Transfermarkt performance-game API for season 2025.
Curacao,17,Brandley Kuwas,FW,Volendam,Eredivisie,2025,2026-06-12,232219,40,37,26,2401,7,5,rotation,rotation,59,69,transfermarkt_performance_game,https://tmapi.transfermarkt.technology/player/232219/performance-game,40 club match rows from Transfermarkt performance-game API for season 2025.
Curacao,18,Armando Obispo,DF,PSV Eindhoven,Eredivisie,2025,2026-06-12,339337,47,27,15,1403,2,0,rotation,rotation,50,46,transfermarkt_performance_game,https://tmapi.transfermarkt.technology/player/339337/performance-game,47 club match rows from Transfermarkt performance-game API for season 2025.
Curacao,19,Gervane Kastaneer,FW,Terengganu,MAS,2025,2026-06-12,240752,29,22,22,1809,6,8,rotation,rotation,47,52,transfermarkt_performance_game,https://tmapi.transfermarkt.technology/player/240752/performance-game,29 club match rows from Transfermarkt performance-game API for season 2025.
Curacao,20,Joshua Brenet,DF,Kayserispor,TUR,2025,2026-06-12,207006,33,26,20,1801,0,4,rotation,rotation,47,52,transfermarkt_performance_game,https://tmapi.transfermarkt.technology/player/207006/performance-game,33 club match rows from Transfermarkt performance-game API for season 2025.
Curacao,21,Tahith Chong,MF,Sheffield United,Premier League,2025,2026-06-12,344830,50,22,8,726,0,1,rotation,reserve,36,29,transfermarkt_performance_game,https://tmapi.transfermarkt.technology/player/344830/performance-game,50 club match rows from Transfermarkt performance-game API for season 2025.
Curacao,22,Kevin Felida,MF,Den Bosch,Eredivisie,2025,2026-06-12,433933,43,39,37,3382,4,3,rotation,rotation,68,82,transfermarkt_performance_game,https://tmapi.transfermarkt.technology/player/433933/performance-game,43 club match rows from Transfermarkt performance-game API for season 2025.
Curacao,23,Riechedly Bazoer,DF,Konyaspor,TUR,2025,2026-06-12,216443,43,17,11,1033,0,0,rotation,reserve,31,29,transfermarkt_performance_game,https://tmapi.transfermarkt.technology/player/216443/performance-game,43 club match rows from Transfermarkt performance-game API for season 2025.
Curacao,24,Deveron Fonville,DF,NEC,Eredivisie,2025,2026-06-12,708989,40,38,20,2070,0,4,rotation,rotation,54,61,transfermarkt_performance_game,https://tmapi.transfermarkt.technology/player/708989/performance-game,40 club match rows from Transfermarkt performance-game API for season 2025.
Curacao,25,Tyrick Bodak,GK,Telstar,Eredivisie,2025,2026-06-12,663961,39,0,0,0,0,0,reserve,reserve,4,0,transfermarkt_performance_game,https://tmapi.transfermarkt.technology/player/663961/performance-game,39 club match rows from Transfermarkt performance-game API for season 2025.
Curacao,26,Trevor Doornbusch,GK,VVV-Venlo,Eredivisie,2025,2026-06-12,390814,39,1,1,56,0,0,reserve,reserve,6,2,transfermarkt_performance_game,https://tmapi.transfermarkt.technology/player/390814/performance-game,39 club match rows from Transfermarkt performance-game API for season 2025.
Ecuador,1,Hernán Galíndez,GK,Huracán,Argentine Primera Division,2025,2026-06-12,77127,20,17,17,1590,0,0,starter,rotation,39,37,transfermarkt_performance_game,https://tmapi.transfermarkt.technology/player/77127/performance-game,20 club match rows from Transfermarkt performance-game API for season 2025.
Ecuador,2,Félix Torres,DF,Internacional,Brasileirao,2025,2026-06-12,468174,31,19,16,1497,2,0,starter,rotation,44,42,transfermarkt_performance_game,https://tmapi.transfermarkt.technology/player/468174/performance-game,31 club match rows from Transfermarkt performance-game API for season 2025.
Ecuador,3,Piero Hincapié,DF,Arsenal,Premier League,2025,2026-06-12,659813,63,41,32,2918,1,2,starter,starter,81,87,transfermarkt_performance_game,https://tmapi.transfermarkt.technology/player/659813/performance-game,63 club match rows from Transfermarkt performance-game API for season 2025.
Ecuador,4,Joel Ordóñez,DF,Club Brugge,BEL,2025,2026-06-12,893661,58,46,43,3809,4,0,starter,starter,74,83,transfermarkt_performance_game,https://tmapi.transfermarkt.technology/player/893661/performance-game,58 club match rows from Transfermarkt performance-game API for season 2025.
Ecuador,5,Jordy Alcívar,MF,Independiente del Valle,ECU,2025,2026-06-12,598145,23,14,12,1015,1,2,starter,reserve,31,28,transfermarkt_performance_game,https://tmapi.transfermarkt.technology/player/598145/performance-game,23 club match rows from Transfermarkt performance-game API for season 2025.
Ecuador,6,Willian Pacho,DF,Paris Saint-Germain,Ligue 1,2025,2026-06-12,661171,56,44,42,3839,2,1,starter,starter,84,89,transfermarkt_performance_game,https://tmapi.transfermarkt.technology/player/661171/performance-game,56 club match rows from Transfermarkt performance-game API for season 2025.
Ecuador,7,Pervis Estupiñán,DF,Milan,Serie A,2025,2026-06-12,349599,42,22,16,1303,1,1,rotation,rotation,41,42,transfermarkt_performance_game,https://tmapi.transfermarkt.technology/player/349599/performance-game,42 club match rows from Transfermarkt performance-game API for season 2025.
Ecuador,8,Anthony Valencia,MF,Antwerp,BEL,2025,2026-06-12,974374,45,27,12,1475,4,2,starter,rotation,38,39,transfermarkt_performance_game,https://tmapi.transfermarkt.technology/player/974374/performance-game,45 club match rows from Transfermarkt performance-game API for season 2025.
Ecuador,9,John Yeboah,FW,Venezia,Serie A,2025,2026-06-12,439914,41,36,32,2717,12,11,starter,starter,71,82,transfermarkt_performance_game,https://tmapi.transfermarkt.technology/player/439914/performance-game,41 club match rows from Transfermarkt performance-game API for season 2025.
Ecuador,10,Kendry Páez,MF,River Plate,Argentine Primera Division,2025,2026-06-12,1052439,54,35,10,1179,2,1,starter,rotation,38,36,transfermarkt_performance_game,https://tmapi.transfermarkt.technology/player/1052439/performance-game,54 club match rows from Transfermarkt performance-game API for season 2025.
Ecuador,11,Kevin Rodríguez,FW,Union Saint-Gilloise,BEL,2025,2026-06-12,684159,55,42,29,2522,14,5,starter,rotation,66,74,transfermarkt_performance_game,https://tmapi.transfermarkt.technology/player/684159/performance-game,55 club match rows from Transfermarkt performance-game API for season 2025.
Ecuador,12,Moisés Ramírez,GK,Kifisia,GRE,2025,2026-06-12,450233,43,30,30,2700,0,0,reserve,rotation,47,60,transfermarkt_performance_game,https://tmapi.transfermarkt.technology/player/450233/performance-game,43 club match rows from Transfermarkt performance-game API for season 2025.
Ecuador,13,Enner Valencia,FW,Pachuca,Liga MX,2025,2026-06-12,139503,33,22,15,1365,8,1,starter,rotation,46,42,transfermarkt_performance_game,https://tmapi.transfermarkt.technology/player/139503/performance-game,33 club match rows from Transfermarkt performance-game API for season 2025.
Ecuador,14,Alan Minda,MF,Atlético Mineiro,Brasileirao,2025,2026-06-12,897051,58,37,18,1738,6,3,starter,rotation,49,52,transfermarkt_performance_game,https://tmapi.transfermarkt.technology/player/897051/performance-game,58 club match rows from Transfermarkt performance-game API for season 2025.
Ecuador,15,Pedro Vite,MF,Pumas,Liga MX,2025,2026-06-12,659806,42,40,32,3070,4,1,rotation,rotation,64,77,transfermarkt_performance_game,https://tmapi.transfermarkt.technology/player/659806/performance-game,42 club match rows from Transfermarkt performance-game API for season 2025.
Ecuador,16,Jordy Caicedo,FW,Huracán,Argentine Primera Division,2025,2026-06-12,360412,44,30,20,1867,8,0,starter,rotation,49,53,transfermarkt_performance_game,https://tmapi.transfermarkt.technology/player/360412/performance-game,44 club match rows from Transfermarkt performance-game API for season 2025.
Ecuador,17,Ángelo Preciado,DF,Atlético Mineiro,Brasileirao,2025,2026-06-12,450241,68,39,28,2486,1,7,rotation,rotation,65,76,transfermarkt_performance_game,https://tmapi.transfermarkt.technology/player/450241/performance-game,68 club match rows from Transfermarkt performance-game API for season 2025.
Ecuador,18,Denil Castillo,MF,Midtjylland,DEN,2025,2026-06-12,941418,56,49,36,2965,6,7,rotation,rotation,66,81,transfermarkt_performance_game,https://tmapi.transfermarkt.technology/player/941418/performance-game,56 club match rows from Transfermarkt performance-game API for season 2025.
Ecuador,19,Gonzalo Plata,FW,Flamengo,Brasileirao,2025,2026-06-12,592735,41,26,16,1514,2,3,rotation,rotation,43,45,transfermarkt_performance_game,https://tmapi.transfermarkt.technology/player/592735/performance-game,41 club match rows from Transfermarkt performance-game API for season 2025.
Ecuador,20,Nilson Angulo,FW,Sunderland,Premier League,2025,2026-06-12,903611,49,39,35,3065,7,8,rotation,starter,72,88,transfermarkt_performance_game,https://tmapi.transfermarkt.technology/player/903611/performance-game,49 club match rows from Transfermarkt performance-game API for season 2025.
Ecuador,21,Alan Franco,MF,Atlético Mineiro,Brasileirao,2025,2026-06-12,400960,37,31,28,2546,0,2,rotation,rotation,60,68,transfermarkt_performance_game,https://tmapi.transfermarkt.technology/player/400960/performance-game,37 club match rows from Transfermarkt performance-game API for season 2025.
Ecuador,22,Gonzalo Valle,GK,LDU Quito,ECU,2025,2026-06-12,351941,21,20,20,1800,0,0,reserve,reserve,33,40,transfermarkt_performance_game,https://tmapi.transfermarkt.technology/player/351941/performance-game,21 club match rows from Transfermarkt performance-game API for season 2025.
Ecuador,23,Moisés Caicedo,MF,Chelsea,Premier League,2025,2026-06-12,687626,59,50,47,4169,5,1,rotation,starter,87,93,transfermarkt_performance_game,https://tmapi.transfermarkt.technology/player/687626/performance-game,59 club match rows from Transfermarkt performance-game API for season 2025.
Ecuador,24,Jeremy Arévalo,FW,VfB Stuttgart,Bundesliga,2025,2026-06-12,971663,62,29,12,1238,13,2,rotation,reserve,37,41,transfermarkt_performance_game,https://tmapi.transfermarkt.technology/player/971663/performance-game,62 club match rows from Transfermarkt performance-game API for season 2025.
Ecuador,25,Jackson Porozo,DF,Tijuana,Liga MX,2025,2026-06-12,491616,38,35,35,3119,2,0,rotation,rotation,63,77,transfermarkt_performance_game,https://tmapi.transfermarkt.technology/player/491616/performance-game,38 club match rows from Transfermarkt performance-game API for season 2025.
Ecuador,26,Yaimar Medina,DF,Genk,BEL,2025,2026-06-12,893659,57,40,25,2215,1,3,rotation,rotation,52,63,transfermarkt_performance_game,https://tmapi.transfermarkt.technology/player/893659/performance-game,57 club match rows from Transfermarkt performance-game API for season 2025.
Germany,1,Manuel Neuer,GK,Bayern Munich,Bundesliga,2025,2026-06-12,17259,55,37,37,3210,0,0,starter,starter,73,80,transfermarkt_performance_game,https://tmapi.transfermarkt.technology/player/17259/performance-game,55 club match rows from Transfermarkt performance-game API for season 2025.
Germany,2,Antonio Rüdiger,DF,Real Madrid,La Liga,2025,2026-06-12,86202,56,26,24,2190,1,0,starter,rotation,61,62,transfermarkt_performance_game,https://tmapi.transfermarkt.technology/player/86202/performance-game,56 club match rows from Transfermarkt performance-game API for season 2025.
Germany,3,Waldemar Anton,DF,Borussia Dortmund,Bundesliga,2025,2026-06-12,193004,47,44,44,3927,3,0,starter,starter,74,85,transfermarkt_performance_game,https://tmapi.transfermarkt.technology/player/193004/performance-game,47 club match rows from Transfermarkt performance-game API for season 2025.
Germany,4,Jonathan Tah,DF,Bayern Munich,Bundesliga,2025,2026-06-12,196357,55,49,43,3769,3,2,starter,starter,80,90,transfermarkt_performance_game,https://tmapi.transfermarkt.technology/player/196357/performance-game,55 club match rows from Transfermarkt performance-game API for season 2025.
Germany,5,Aleksandar Pavlović,MF,Bayern Munich,Bundesliga,2025,2026-06-12,792380,55,44,36,3086,4,2,starter,starter,83,89,transfermarkt_performance_game,https://tmapi.transfermarkt.technology/player/792380/performance-game,55 club match rows from Transfermarkt performance-game API for season 2025.
Germany,6,Joshua Kimmich,DF,Bayern Munich,Bundesliga,2025,2026-06-12,161056,55,49,44,4073,2,13,starter,starter,87,95,transfermarkt_performance_game,https://tmapi.transfermarkt.technology/player/161056/performance-game,55 club match rows from Transfermarkt performance-game API for season 2025.
Germany,7,Kai Havertz,FW,Arsenal,Premier League,2025,2026-06-12,309400,63,24,12,1066,7,5,starter,rotation,49,42,transfermarkt_performance_game,https://tmapi.transfermarkt.technology/player/309400/performance-game,63 club match rows from Transfermarkt performance-game API for season 2025.
Germany,8,Leon Goretzka,MF,Bayern Munich,Bundesliga,2025,2026-06-12,153084,55,48,27,2349,5,5,starter,starter,69,74,transfermarkt_performance_game,https://tmapi.transfermarkt.technology/player/153084/performance-game,55 club match rows from Transfermarkt performance-game API for season 2025.
Germany,9,Jamie Leweling,MF,VfB Stuttgart,Bundesliga,2025,2026-06-12,518505,53,50,38,3537,11,12,starter,starter,80,92,transfermarkt_performance_game,https://tmapi.transfermarkt.technology/player/518505/performance-game,53 club match rows from Transfermarkt performance-game API for season 2025.
Germany,10,Jamal Musiala,MF,Bayern Munich,Bundesliga,2025,2026-06-12,580195,55,24,12,1174,5,6,starter,rotation,54,44,transfermarkt_performance_game,https://tmapi.transfermarkt.technology/player/580195/performance-game,55 club match rows from Transfermarkt performance-game API for season 2025.
Germany,11,Nick Woltemade,FW,Newcastle United,Premier League,2025,2026-06-12,455661,59,54,38,3255,12,5,starter,starter,82,92,transfermarkt_performance_game,https://tmapi.transfermarkt.technology/player/455661/performance-game,59 club match rows from Transfermarkt performance-game API for season 2025.
Germany,12,Oliver Baumann,GK,TSG Hoffenheim,Bundesliga,2025,2026-06-12,55089,36,36,36,3270,0,0,reserve,rotation,59,76,transfermarkt_performance_game,https://tmapi.transfermarkt.technology/player/55089/performance-game,36 club match rows from Transfermarkt performance-game API for season 2025.
Germany,13,Pascal Groß,MF,Brighton & Hove Albion,Premier League,2025,2026-06-12,82873,45,37,28,2549,1,5,rotation,rotation,60,72,transfermarkt_performance_game,https://tmapi.transfermarkt.technology/player/82873/performance-game,45 club match rows from Transfermarkt performance-game API for season 2025.
Germany,14,Maximilian Beier,FW,Borussia Dortmund,Bundesliga,2025,2026-06-12,578392,47,44,33,2736,10,10,starter,starter,76,86,transfermarkt_performance_game,https://tmapi.transfermarkt.technology/player/578392/performance-game,47 club match rows from Transfermarkt performance-game API for season 2025.
Germany,15,Nico Schlotterbeck,DF,Borussia Dortmund,Bundesliga,2025,2026-06-12,388198,47,37,36,3290,5,2,rotation,starter,79,90,transfermarkt_performance_game,https://tmapi.transfermarkt.technology/player/388198/performance-game,47 club match rows from Transfermarkt performance-game API for season 2025.
Germany,16,Angelo Stiller,MF,VfB Stuttgart,Bundesliga,2025,2026-06-12,443710,53,52,47,4249,2,10,rotation,starter,75,88,transfermarkt_performance_game,https://tmapi.transfermarkt.technology/player/443710/performance-game,53 club match rows from Transfermarkt performance-game API for season 2025.
Germany,17,Florian Wirtz,MF,Liverpool,Premier League,2025,2026-06-12,598577,57,49,40,3504,7,10,rotation,starter,88,96,transfermarkt_performance_game,https://tmapi.transfermarkt.technology/player/598577/performance-game,57 club match rows from Transfermarkt performance-game API for season 2025.
Germany,18,Nathaniel Brown,DF,Eintracht Frankfurt,Bundesliga,2025,2026-06-12,691892,44,42,38,3461,4,6,rotation,starter,76,91,transfermarkt_performance_game,https://tmapi.transfermarkt.technology/player/691892/performance-game,44 club match rows from Transfermarkt performance-game API for season 2025.
Germany,19,Leroy Sané,MF,Galatasaray,TUR,2025,2026-06-12,192565,53,43,39,3371,7,9,rotation,starter,76,86,transfermarkt_performance_game,https://tmapi.transfermarkt.technology/player/192565/performance-game,53 club match rows from Transfermarkt performance-game API for season 2025.
Germany,20,Nadiem Amiri,MF,Mainz 05,Bundesliga,2025,2026-06-12,232454,48,35,32,2836,17,4,squad,rotation,68,84,transfermarkt_performance_game,https://tmapi.transfermarkt.technology/player/232454/performance-game,48 club match rows from Transfermarkt performance-game API for season 2025.
Germany,21,Alexander Nübel,GK,VfB Stuttgart,Bundesliga,2025,2026-06-12,195778,53,49,49,4470,0,2,reserve,rotation,65,84,transfermarkt_performance_game,https://tmapi.transfermarkt.technology/player/195778/performance-game,53 club match rows from Transfermarkt performance-game API for season 2025.
Germany,22,David Raum,DF,RB Leipzig,Bundesliga,2025,2026-06-12,318204,38,34,33,2916,3,9,rotation,starter,74,87,transfermarkt_performance_game,https://tmapi.transfermarkt.technology/player/318204/performance-game,38 club match rows from Transfermarkt performance-game API for season 2025.
Germany,23,Felix Nmecha,MF,Borussia Dortmund,Bundesliga,2025,2026-06-12,406640,47,42,36,3136,5,3,squad,starter,73,86,transfermarkt_performance_game,https://tmapi.transfermarkt.technology/player/406640/performance-game,47 club match rows from Transfermarkt performance-game API for season 2025.
Germany,24,Malick Thiaw,DF,Newcastle United,Premier League,2025,2026-06-12,521964,58,54,51,4641,5,1,rotation,starter,77,91,transfermarkt_performance_game,https://tmapi.transfermarkt.technology/player/521964/performance-game,58 club match rows from Transfermarkt performance-game API for season 2025.
Germany,25,Assan Ouédraogo,MF,RB Leipzig,Bundesliga,2025,2026-06-12,897424,38,20,13,960,4,4,squad,reserve,32,33,transfermarkt_performance_game,https://tmapi.transfermarkt.technology/player/897424/performance-game,38 club match rows from Transfermarkt performance-game API for season 2025.
Germany,26,Deniz Undav,FW,VfB Stuttgart,Bundesliga,2025,2026-06-12,339314,53,46,41,3645,25,14,starter,starter,78,91,transfermarkt_performance_game,https://tmapi.transfermarkt.technology/player/339314/performance-game,53 club match rows from Transfermarkt performance-game API for season 2025.
Cote d'Ivoire,1,Yahia Fofana,GK,Çaykur Rizespor,TUR,2025,2026-06-12,418651,41,28,28,2520,0,1,starter,rotation,55,58,transfermarkt_performance_game,https://tmapi.transfermarkt.technology/player/418651/performance-game,41 club match rows from Transfermarkt performance-game API for season 2025.
Cote d'Ivoire,2,Ousmane Diomande,DF,Sporting CP,Primeira Liga,2025,2026-06-12,974982,56,31,26,2302,1,1,starter,rotation,62,65,transfermarkt_performance_game,https://tmapi.transfermarkt.technology/player/974982/performance-game,56 club match rows from Transfermarkt performance-game API for season 2025.
Cote d'Ivoire,3,Ghislain Konan,DF,Gil Vicente,Primeira Liga,2025,2026-06-12,422850,35,31,30,2706,0,0,starter,rotation,65,71,transfermarkt_performance_game,https://tmapi.transfermarkt.technology/player/422850/performance-game,35 club match rows from Transfermarkt performance-game API for season 2025.
Cote d'Ivoire,4,Jean Michaël Seri,MF,Maribor,SVN,2025,2026-06-12,178614,28,14,11,760,0,1,starter,reserve,32,25,transfermarkt_performance_game,https://tmapi.transfermarkt.technology/player/178614/performance-game,28 club match rows from Transfermarkt performance-game API for season 2025.
Cote d'Ivoire,5,Wilfried Singo,DF,Galatasaray,TUR,2025,2026-06-12,648779,52,29,17,1557,2,3,starter,rotation,50,49,transfermarkt_performance_game,https://tmapi.transfermarkt.technology/player/648779/performance-game,52 club match rows from Transfermarkt performance-game API for season 2025.
Cote d'Ivoire,6,Seko Fofana,MF,Porto,Primeira Liga,2025,2026-06-12,182893,43,30,13,1330,4,1,starter,rotation,42,40,transfermarkt_performance_game,https://tmapi.transfermarkt.technology/player/182893/performance-game,43 club match rows from Transfermarkt performance-game API for season 2025.
Cote d'Ivoire,7,Odilon Kossounou,DF,Atalanta,Serie A,2025,2026-06-12,644771,54,32,20,1886,1,0,starter,rotation,53,55,transfermarkt_performance_game,https://tmapi.transfermarkt.technology/player/644771/performance-game,54 club match rows from Transfermarkt performance-game API for season 2025.
Cote d'Ivoire,8,Franck Kessié,MF,Al-Ahli,Saudi Pro League,2025,2026-06-12,294808,53,42,41,3633,12,6,starter,starter,81,87,transfermarkt_performance_game,https://tmapi.transfermarkt.technology/player/294808/performance-game,53 club match rows from Transfermarkt performance-game API for season 2025.
Cote d'Ivoire,9,Ange-Yoan Bonny,FW,Inter Milan,Serie A,2025,2026-06-12,827734,54,48,15,1675,7,9,starter,rotation,54,56,transfermarkt_performance_game,https://tmapi.transfermarkt.technology/player/827734/performance-game,54 club match rows from Transfermarkt performance-game API for season 2025.
Cote d'Ivoire,10,Simon Adingra,FW,Monaco,Ligue 1,2025,2026-06-12,658536,42,32,21,1722,4,3,starter,rotation,53,54,transfermarkt_performance_game,https://tmapi.transfermarkt.technology/player/658536/performance-game,42 club match rows from Transfermarkt performance-game API for season 2025.
Cote d'Ivoire,11,Yan Diomande,FW,RB Leipzig,Bundesliga,2025,2026-06-12,1390649,38,36,31,2724,13,10,starter,starter,83,87,transfermarkt_performance_game,https://tmapi.transfermarkt.technology/player/1390649/performance-game,38 club match rows from Transfermarkt performance-game API for season 2025.
Cote d'Ivoire,12,Elye Wahi,FW,Nice,Ligue 1,2025,2026-06-12,659542,50,33,18,1732,10,5,starter,rotation,51,54,transfermarkt_performance_game,https://tmapi.transfermarkt.technology/player/659542/performance-game,50 club match rows from Transfermarkt performance-game API for season 2025.
Cote d'Ivoire,13,Christopher Opéri,DF,İstanbul Başakşehir,TUR,2025,2026-06-12,469976,44,31,31,2592,2,6,rotation,rotation,61,74,transfermarkt_performance_game,https://tmapi.transfermarkt.technology/player/469976/performance-game,44 club match rows from Transfermarkt performance-game API for season 2025.
Cote d'Ivoire,14,Oumar Diakité,FW,Cercle Brugge,BEL,2025,2026-06-12,847279,36,28,16,1515,7,2,rotation,rotation,41,44,transfermarkt_performance_game,https://tmapi.transfermarkt.technology/player/847279/performance-game,36 club match rows from Transfermarkt performance-game API for season 2025.
Cote d'Ivoire,15,Amad Diallo,FW,Manchester United,Premier League,2025,2026-06-12,536835,40,33,28,2428,2,4,rotation,rotation,64,72,transfermarkt_performance_game,https://tmapi.transfermarkt.technology/player/536835/performance-game,40 club match rows from Transfermarkt performance-game API for season 2025.
Cote d'Ivoire,16,Mohamed Koné,GK,Charleroi,BEL,2025,2026-06-12,911985,48,22,22,1980,0,0,reserve,reserve,35,44,transfermarkt_performance_game,https://tmapi.transfermarkt.technology/player/911985/performance-game,48 club match rows from Transfermarkt performance-game API for season 2025.
Cote d'Ivoire,17,Guéla Doué,DF,Strasbourg,Ligue 1,2025,2026-06-12,711980,53,34,31,2820,2,7,rotation,starter,70,83,transfermarkt_performance_game,https://tmapi.transfermarkt.technology/player/711980/performance-game,53 club match rows from Transfermarkt performance-game API for season 2025.
Cote d'Ivoire,18,Ibrahim Sangaré,MF,Nottingham Forest,Premier League,2025,2026-06-12,375885,56,43,32,2825,2,3,starter,starter,76,83,transfermarkt_performance_game,https://tmapi.transfermarkt.technology/player/375885/performance-game,56 club match rows from Transfermarkt performance-game API for season 2025.
Cote d'Ivoire,19,Nicolas Pépé,FW,Villarreal,La Liga,2025,2026-06-12,343052,49,46,36,3183,8,11,rotation,starter,77,91,transfermarkt_performance_game,https://tmapi.transfermarkt.technology/player/343052/performance-game,49 club match rows from Transfermarkt performance-game API for season 2025.
Cote d'Ivoire,20,Emmanuel Agbadou,DF,Beşiktaş,TUR,2025,2026-06-12,683895,45,33,29,2644,1,4,rotation,rotation,62,72,transfermarkt_performance_game,https://tmapi.transfermarkt.technology/player/683895/performance-game,45 club match rows from Transfermarkt performance-game API for season 2025.
Cote d'Ivoire,21,Evan Ndicka,DF,Roma,Serie A,2025,2026-06-12,371149,49,42,38,3480,5,0,rotation,starter,74,88,transfermarkt_performance_game,https://tmapi.transfermarkt.technology/player/371149/performance-game,49 club match rows from Transfermarkt performance-game API for season 2025.
Cote d'Ivoire,22,Evann Guessand,FW,Crystal Palace,Premier League,2025,2026-06-12,500689,58,35,20,1870,4,1,rotation,rotation,52,57,transfermarkt_performance_game,https://tmapi.transfermarkt.technology/player/500689/performance-game,58 club match rows from Transfermarkt performance-game API for season 2025.
Cote d'Ivoire,23,Alban Lafont,GK,Panathinaikos,GRE,2025,2026-06-12,357117,57,37,37,3315,0,0,reserve,rotation,57,73,transfermarkt_performance_game,https://tmapi.transfermarkt.technology/player/357117/performance-game,57 club match rows from Transfermarkt performance-game API for season 2025.
Cote d'Ivoire,24,Bazoumana Touré,FW,TSG Hoffenheim,Bundesliga,2025,2026-06-12,1067904,36,32,31,2525,5,12,squad,rotation,65,77,transfermarkt_performance_game,https://tmapi.transfermarkt.technology/player/1067904/performance-game,36 club match rows from Transfermarkt performance-game API for season 2025.
Cote d'Ivoire,25,Parfait Guiagon,MF,Charleroi,BEL,2025,2026-06-12,624913,47,40,36,3183,12,5,rotation,rotation,66,82,transfermarkt_performance_game,https://tmapi.transfermarkt.technology/player/624913/performance-game,47 club match rows from Transfermarkt performance-game API for season 2025.
Cote d'Ivoire,26,Christ Inao Oulaï,MF,Trabzonspor,TUR,2025,2026-06-12,1279526,42,31,27,2401,2,4,rotation,rotation,56,64,transfermarkt_performance_game,https://tmapi.transfermarkt.technology/player/1279526/performance-game,42 club match rows from Transfermarkt performance-game API for season 2025.
Japan,1,Zion Suzuki,GK,Parma,Serie A,2025,2026-06-12,432298,41,22,22,1980,0,0,starter,rotation,52,50,transfermarkt_performance_game,https://tmapi.transfermarkt.technology/player/432298/performance-game,41 club match rows from Transfermarkt performance-game API for season 2025.
Japan,2,Yukinari Sugawara,DF,Werder Bremen,Bundesliga,2025,2026-06-12,405385,37,34,31,2591,0,6,starter,starter,68,77,transfermarkt_performance_game,https://tmapi.transfermarkt.technology/player/405385/performance-game,37 club match rows from Transfermarkt performance-game API for season 2025.
Japan,3,Shōgo Taniguchi,DF,Sint-Truiden,BEL,2025,2026-06-12,307870,42,38,32,2955,1,1,starter,rotation,68,77,transfermarkt_performance_game,https://tmapi.transfermarkt.technology/player/307870/performance-game,42 club match rows from Transfermarkt performance-game API for season 2025.
Japan,4,Kō Itakura,DF,Ajax,Eredivisie,2025,2026-06-12,355816,46,26,22,1915,1,0,starter,rotation,53,54,transfermarkt_performance_game,https://tmapi.transfermarkt.technology/player/355816/performance-game,46 club match rows from Transfermarkt performance-game API for season 2025.
Japan,5,Yūto Nagatomo,DF,FC Tokyo,J1 League,2025,2026-06-12,79522,20,8,7,501,0,0,starter,reserve,28,17,transfermarkt_performance_game,https://tmapi.transfermarkt.technology/player/79522/performance-game,20 club match rows from Transfermarkt performance-game API for season 2025.
Japan,6,Shuto Machino,FW,Borussia Mönchengladbach,Bundesliga,2025,2026-06-12,550580,37,34,11,1226,4,1,starter,rotation,40,39,transfermarkt_performance_game,https://tmapi.transfermarkt.technology/player/550580/performance-game,37 club match rows from Transfermarkt performance-game API for season 2025.
Japan,7,Ao Tanaka,MF,Leeds United,Premier League,2025,2026-06-12,489359,44,33,19,1699,4,0,starter,rotation,54,53,transfermarkt_performance_game,https://tmapi.transfermarkt.technology/player/489359/performance-game,44 club match rows from Transfermarkt performance-game API for season 2025.
Japan,8,Takefusa Kubo,MF,Real Sociedad,La Liga,2025,2026-06-12,405398,46,27,19,1746,2,4,starter,rotation,57,55,transfermarkt_performance_game,https://tmapi.transfermarkt.technology/player/405398/performance-game,46 club match rows from Transfermarkt performance-game API for season 2025.
Japan,9,Keisuke Gotō,FW,Sint-Truiden,BEL,2025,2026-06-12,916623,44,40,33,3029,13,8,starter,starter,73,84,transfermarkt_performance_game,https://tmapi.transfermarkt.technology/player/916623/performance-game,44 club match rows from Transfermarkt performance-game API for season 2025.
Japan,10,Ritsu Dōan,MF,Eintracht Frankfurt,Bundesliga,2025,2026-06-12,358504,44,40,36,3057,7,6,starter,starter,83,90,transfermarkt_performance_game,https://tmapi.transfermarkt.technology/player/358504/performance-game,44 club match rows from Transfermarkt performance-game API for season 2025.
Japan,11,Daizen Maeda,MF,Celtic,SCO,2025,2026-06-12,420931,59,54,48,4241,17,10,starter,starter,78,87,transfermarkt_performance_game,https://tmapi.transfermarkt.technology/player/420931/performance-game,59 club match rows from Transfermarkt performance-game API for season 2025.
Japan,12,Keisuke Ōsako,GK,Sanfrecce Hiroshima,J1 League,2025,2026-06-12,415521,30,25,25,2250,0,0,reserve,rotation,41,50,transfermarkt_performance_game,https://tmapi.transfermarkt.technology/player/415521/performance-game,30 club match rows from Transfermarkt performance-game API for season 2025.
Japan,13,Keito Nakamura,MF,Reims,Ligue 1,2025,2026-06-12,405397,40,32,29,2491,14,3,rotation,rotation,64,74,transfermarkt_performance_game,https://tmapi.transfermarkt.technology/player/405397/performance-game,40 club match rows from Transfermarkt performance-game API for season 2025.
Japan,14,Junya Itō,MF,Genk,BEL,2025,2026-06-12,348791,55,36,28,2294,7,5,rotation,rotation,61,68,transfermarkt_performance_game,https://tmapi.transfermarkt.technology/player/348791/performance-game,55 club match rows from Transfermarkt performance-game API for season 2025.
Japan,15,Daichi Kamada,MF,Crystal Palace,Premier League,2025,2026-06-12,356141,60,46,37,3212,1,5,rotation,starter,76,88,transfermarkt_performance_game,https://tmapi.transfermarkt.technology/player/356141/performance-game,60 club match rows from Transfermarkt performance-game API for season 2025.
Japan,16,Tsuyoshi Watanabe,DF,Feyenoord,Eredivisie,2025,2026-06-12,598791,45,39,37,3320,5,0,rotation,starter,71,85,transfermarkt_performance_game,https://tmapi.transfermarkt.technology/player/598791/performance-game,45 club match rows from Transfermarkt performance-game API for season 2025.
Japan,17,Yuito Suzuki,MF,SC Freiburg,Bundesliga,2025,2026-06-12,668606,54,41,33,2951,9,7,rotation,starter,76,88,transfermarkt_performance_game,https://tmapi.transfermarkt.technology/player/668606/performance-game,54 club match rows from Transfermarkt performance-game API for season 2025.
Japan,18,Ayase Ueda,FW,Feyenoord,Eredivisie,2025,2026-06-12,589128,45,40,39,3226,26,2,starter,starter,82,90,transfermarkt_performance_game,https://tmapi.transfermarkt.technology/player/589128/performance-game,45 club match rows from Transfermarkt performance-game API for season 2025.
Japan,19,Kōki Ogawa,FW,NEC,Eredivisie,2025,2026-06-12,351567,40,29,18,1375,9,4,starter,rotation,44,46,transfermarkt_performance_game,https://tmapi.transfermarkt.technology/player/351567/performance-game,40 club match rows from Transfermarkt performance-game API for season 2025.
Japan,20,Ayumu Seko,DF,Le Havre,Ligue 1,2025,2026-06-12,405389,35,30,29,2625,0,0,rotation,rotation,58,69,transfermarkt_performance_game,https://tmapi.transfermarkt.technology/player/405389/performance-game,35 club match rows from Transfermarkt performance-game API for season 2025.
Japan,21,Hiroki Itō,DF,Bayern Munich,Bundesliga,2025,2026-06-12,353892,55,23,11,1049,1,2,rotation,rotation,39,36,transfermarkt_performance_game,https://tmapi.transfermarkt.technology/player/353892/performance-game,55 club match rows from Transfermarkt performance-game API for season 2025.
Japan,22,Takehiro Tomiyasu,DF,Ajax,Eredivisie,2025,2026-06-12,331560,24,9,2,236,0,1,rotation,reserve,18,11,transfermarkt_performance_game,https://tmapi.transfermarkt.technology/player/331560/performance-game,24 club match rows from Transfermarkt performance-game API for season 2025.
Japan,23,Tomoki Hayakawa,GK,Kashima Antlers,J1 League,2025,2026-06-12,683271,20,17,17,1530,0,0,reserve,reserve,29,34,transfermarkt_performance_game,https://tmapi.transfermarkt.technology/player/683271/performance-game,20 club match rows from Transfermarkt performance-game API for season 2025.
Japan,24,Kaishū Sano,MF,Mainz 05,Bundesliga,2025,2026-06-12,643574,48,48,46,4164,2,5,squad,starter,81,90,transfermarkt_performance_game,https://tmapi.transfermarkt.technology/player/643574/performance-game,48 club match rows from Transfermarkt performance-game API for season 2025.
Japan,25,Junnosuke Suzuki,DF,Copenhagen,DEN,2025,2026-06-12,848856,54,36,34,3068,2,2,squad,rotation,63,79,transfermarkt_performance_game,https://tmapi.transfermarkt.technology/player/848856/performance-game,54 club match rows from Transfermarkt performance-game API for season 2025.
Japan,26,Kento Shiogai,FW,VfL Wolfsburg,Bundesliga,2025,2026-06-12,1144627,38,27,5,862,10,0,rotation,reserve,30,29,transfermarkt_performance_game,https://tmapi.transfermarkt.technology/player/1144627/performance-game,38 club match rows from Transfermarkt performance-game API for season 2025.
Netherlands,1,Bart Verbruggen,GK,Brighton & Hove Albion,Premier League,2025,2026-06-12,565093,43,38,38,3420,0,0,starter,starter,75,84,transfermarkt_performance_game,https://tmapi.transfermarkt.technology/player/565093/performance-game,43 club match rows from Transfermarkt performance-game API for season 2025.
Netherlands,2,Lutsharel Geertruida,DF,Sunderland,Premier League,2025,2026-06-12,420210,42,31,20,1910,0,0,starter,rotation,53,54,transfermarkt_performance_game,https://tmapi.transfermarkt.technology/player/420210/performance-game,42 club match rows from Transfermarkt performance-game API for season 2025.
Netherlands,3,Marten de Roon,MF,Atalanta,Serie A,2025,2026-06-12,133179,54,50,46,3918,2,4,starter,starter,75,85,transfermarkt_performance_game,https://tmapi.transfermarkt.technology/player/133179/performance-game,54 club match rows from Transfermarkt performance-game API for season 2025.
Netherlands,4,Virgil van Dijk,DF,Liverpool,Premier League,2025,2026-06-12,139208,57,55,55,4941,8,3,starter,starter,88,96,transfermarkt_performance_game,https://tmapi.transfermarkt.technology/player/139208/performance-game,57 club match rows from Transfermarkt performance-game API for season 2025.
Netherlands,5,Nathan Aké,DF,Manchester City,Premier League,2025,2026-06-12,177476,60,32,17,1644,0,0,starter,rotation,51,50,transfermarkt_performance_game,https://tmapi.transfermarkt.technology/player/177476/performance-game,60 club match rows from Transfermarkt performance-game API for season 2025.
Netherlands,6,Jan Paul van Hecke,DF,Brighton & Hove Albion,Premier League,2025,2026-06-12,576314,43,40,38,3411,3,3,starter,starter,81,91,transfermarkt_performance_game,https://tmapi.transfermarkt.technology/player/576314/performance-game,43 club match rows from Transfermarkt performance-game API for season 2025.
Netherlands,7,Justin Kluivert,MF,Bournemouth,Premier League,2025,2026-06-12,330659,40,21,11,1019,2,0,starter,reserve,37,32,transfermarkt_performance_game,https://tmapi.transfermarkt.technology/player/330659/performance-game,40 club match rows from Transfermarkt performance-game API for season 2025.
Netherlands,8,Ryan Gravenberch,MF,Liverpool,Premier League,2025,2026-06-12,478573,57,50,47,4131,6,6,starter,starter,89,94,transfermarkt_performance_game,https://tmapi.transfermarkt.technology/player/478573/performance-game,57 club match rows from Transfermarkt performance-game API for season 2025.
Netherlands,9,Wout Weghorst,FW,Ajax,Eredivisie,2025,2026-06-12,228645,46,34,25,2193,9,4,starter,rotation,61,66,transfermarkt_performance_game,https://tmapi.transfermarkt.technology/player/228645/performance-game,46 club match rows from Transfermarkt performance-game API for season 2025.
Netherlands,10,Memphis Depay,FW,Corinthians,Brasileirao,2025,2026-06-12,167850,37,14,11,850,1,1,starter,reserve,37,29,transfermarkt_performance_game,https://tmapi.transfermarkt.technology/player/167850/performance-game,37 club match rows from Transfermarkt performance-game API for season 2025.
Netherlands,11,Cody Gakpo,FW,Liverpool,Premier League,2025,2026-06-12,434675,57,52,41,3596,9,6,starter,starter,88,94,transfermarkt_performance_game,https://tmapi.transfermarkt.technology/player/434675/performance-game,57 club match rows from Transfermarkt performance-game API for season 2025.
Netherlands,12,Mats Wieffer,DF,Brighton & Hove Albion,Premier League,2025,2026-06-12,415381,43,28,23,1940,2,3,rotation,rotation,54,61,transfermarkt_performance_game,https://tmapi.transfermarkt.technology/player/415381/performance-game,43 club match rows from Transfermarkt performance-game API for season 2025.
Netherlands,13,Robin Roefs,GK,Sunderland,Premier League,2025,2026-06-12,646991,42,37,37,3360,0,0,reserve,rotation,65,81,transfermarkt_performance_game,https://tmapi.transfermarkt.technology/player/646991/performance-game,42 club match rows from Transfermarkt performance-game API for season 2025.
Netherlands,14,Tijjani Reijnders,MF,Manchester City,Premier League,2025,2026-06-12,460939,60,47,31,2810,7,8,starter,starter,81,88,transfermarkt_performance_game,https://tmapi.transfermarkt.technology/player/460939/performance-game,60 club match rows from Transfermarkt performance-game API for season 2025.
Netherlands,15,Micky van de Ven,DF,Tottenham Hotspur,Premier League,2025,2026-06-12,557459,52,45,45,3943,7,1,rotation,starter,82,95,transfermarkt_performance_game,https://tmapi.transfermarkt.technology/player/557459/performance-game,52 club match rows from Transfermarkt performance-game API for season 2025.
Netherlands,16,Guus Til,MF,PSV Eindhoven,Eredivisie,2025,2026-06-12,372267,47,40,34,2987,17,8,rotation,starter,72,87,transfermarkt_performance_game,https://tmapi.transfermarkt.technology/player/372267/performance-game,47 club match rows from Transfermarkt performance-game API for season 2025.
Netherlands,17,Noa Lang,FW,Galatasaray,TUR,2025,2026-06-12,339332,55,46,20,2051,3,5,starter,rotation,56,59,transfermarkt_performance_game,https://tmapi.transfermarkt.technology/player/339332/performance-game,55 club match rows from Transfermarkt performance-game API for season 2025.
Netherlands,18,Donyell Malen,FW,Roma,Serie A,2025,2026-06-12,326029,51,49,31,2794,22,5,rotation,starter,80,90,transfermarkt_performance_game,https://tmapi.transfermarkt.technology/player/326029/performance-game,51 club match rows from Transfermarkt performance-game API for season 2025.
Netherlands,19,Brian Brobbey,FW,Sunderland,Premier League,2025,2026-06-12,473169,43,33,23,2029,8,1,rotation,rotation,56,62,transfermarkt_performance_game,https://tmapi.transfermarkt.technology/player/473169/performance-game,43 club match rows from Transfermarkt performance-game API for season 2025.
Netherlands,20,Teun Koopmeiners,MF,Juventus,Serie A,2025,2026-06-12,360518,50,45,28,2669,2,1,rotation,rotation,64,75,transfermarkt_performance_game,https://tmapi.transfermarkt.technology/player/360518/performance-game,50 club match rows from Transfermarkt performance-game API for season 2025.
Netherlands,21,Frenkie de Jong,MF,Barcelona,La Liga,2025,2026-06-12,326330,57,38,26,2569,1,8,rotation,starter,70,77,transfermarkt_performance_game,https://tmapi.transfermarkt.technology/player/326330/performance-game,57 club match rows from Transfermarkt performance-game API for season 2025.
Netherlands,22,Denzel Dumfries,DF,Inter Milan,Serie A,2025,2026-06-12,321528,54,28,20,1776,5,2,rotation,rotation,58,60,transfermarkt_performance_game,https://tmapi.transfermarkt.technology/player/321528/performance-game,54 club match rows from Transfermarkt performance-game API for season 2025.
Netherlands,23,Mark Flekken,GK,Bayer Leverkusen,Bundesliga,2025,2026-06-12,125714,51,34,34,3060,0,0,reserve,rotation,57,72,transfermarkt_performance_game,https://tmapi.transfermarkt.technology/player/125714/performance-game,51 club match rows from Transfermarkt performance-game API for season 2025.
Netherlands,24,Crysencio Summerville,FW,West Ham United,Premier League,2025,2026-06-12,474701,43,34,30,2715,7,5,rotation,rotation,68,79,transfermarkt_performance_game,https://tmapi.transfermarkt.technology/player/474701/performance-game,43 club match rows from Transfermarkt performance-game API for season 2025.
Netherlands,25,Jorrel Hato,DF,Chelsea,Premier League,2025,2026-06-12,904802,59,36,25,2248,2,1,rotation,rotation,61,68,transfermarkt_performance_game,https://tmapi.transfermarkt.technology/player/904802/performance-game,59 club match rows from Transfermarkt performance-game API for season 2025.
Netherlands,26,Quinten Timber,MF,Marseille,Ligue 1,2025,2026-06-12,420213,48,40,35,2979,4,4,rotation,starter,71,84,transfermarkt_performance_game,https://tmapi.transfermarkt.technology/player/420213/performance-game,48 club match rows from Transfermarkt performance-game API for season 2025.
Sweden,1,Jacob Widell Zetterström,GK,Derby County,Premier League,2025,2026-06-12,549440,49,33,33,2970,0,0,starter,rotation,61,70,transfermarkt_performance_game,https://tmapi.transfermarkt.technology/player/549440/performance-game,49 club match rows from Transfermarkt performance-game API for season 2025.
Sweden,2,Gustaf Lagerbielke,DF,Braga,Primeira Liga,2025,2026-06-12,485395,61,53,49,4415,4,0,starter,starter,72,84,transfermarkt_performance_game,https://tmapi.transfermarkt.technology/player/485395/performance-game,61 club match rows from Transfermarkt performance-game API for season 2025.
Sweden,3,Victor Lindelöf,DF,Aston Villa,Premier League,2025,2026-06-12,184573,53,28,21,1784,0,1,starter,rotation,55,54,transfermarkt_performance_game,https://tmapi.transfermarkt.technology/player/184573/performance-game,53 club match rows from Transfermarkt performance-game API for season 2025.
Sweden,4,Isak Hien,DF,Atalanta,Serie A,2025,2026-06-12,503075,54,39,29,2855,1,0,starter,starter,70,78,transfermarkt_performance_game,https://tmapi.transfermarkt.technology/player/503075/performance-game,54 club match rows from Transfermarkt performance-game API for season 2025.
Sweden,5,Gabriel Gudmundsson,DF,Leeds United,Premier League,2025,2026-06-12,362108,44,35,34,2936,1,1,starter,starter,73,83,transfermarkt_performance_game,https://tmapi.transfermarkt.technology/player/362108/performance-game,44 club match rows from Transfermarkt performance-game API for season 2025.
Sweden,6,Herman Johansson,DF,FC Dallas,MLS,2025,2026-06-12,744853,16,15,11,1055,0,2,rotation,reserve,28,29,transfermarkt_performance_game,https://tmapi.transfermarkt.technology/player/744853/performance-game,16 club match rows from Transfermarkt performance-game API for season 2025.
Sweden,7,Lucas Bergvall,MF,Tottenham Hotspur,Premier League,2025,2026-06-12,866246,52,33,17,1465,1,5,starter,rotation,49,48,transfermarkt_performance_game,https://tmapi.transfermarkt.technology/player/866246/performance-game,52 club match rows from Transfermarkt performance-game API for season 2025.
Sweden,8,Daniel Svensson,DF,Borussia Dortmund,Bundesliga,2025,2026-06-12,579287,47,45,38,3462,4,2,rotation,starter,74,89,transfermarkt_performance_game,https://tmapi.transfermarkt.technology/player/579287/performance-game,47 club match rows from Transfermarkt performance-game API for season 2025.
Sweden,9,Alexander Isak,FW,Liverpool,Premier League,2025,2026-06-12,349066,56,22,13,1032,4,1,starter,rotation,53,41,transfermarkt_performance_game,https://tmapi.transfermarkt.technology/player/349066/performance-game,56 club match rows from Transfermarkt performance-game API for season 2025.
Sweden,10,Benjamin Nygren,MF,Celtic,SCO,2025,2026-06-12,475949,59,58,43,3903,21,9,starter,starter,74,86,transfermarkt_performance_game,https://tmapi.transfermarkt.technology/player/475949/performance-game,59 club match rows from Transfermarkt performance-game API for season 2025.
Sweden,11,Anthony Elanga,FW,Newcastle United,Premier League,2025,2026-06-12,583189,58,49,23,2109,3,2,starter,rotation,63,66,transfermarkt_performance_game,https://tmapi.transfermarkt.technology/player/583189/performance-game,58 club match rows from Transfermarkt performance-game API for season 2025.
Sweden,12,Viktor Johansson,GK,Stoke City,Premier League,2025,2026-06-12,273742,50,25,25,2250,0,1,reserve,rotation,45,55,transfermarkt_performance_game,https://tmapi.transfermarkt.technology/player/273742/performance-game,50 club match rows from Transfermarkt performance-game API for season 2025.
Sweden,13,Ken Sema,MF,Pafos,CYP,2025,2026-06-12,252345,56,36,15,1487,0,2,starter,rotation,43,43,transfermarkt_performance_game,https://tmapi.transfermarkt.technology/player/252345/performance-game,56 club match rows from Transfermarkt performance-game API for season 2025.
Sweden,14,Hjalmar Ekdal,DF,Burnley,Premier League,2025,2026-06-12,392179,42,21,19,1720,0,1,rotation,rotation,42,47,transfermarkt_performance_game,https://tmapi.transfermarkt.technology/player/392179/performance-game,42 club match rows from Transfermarkt performance-game API for season 2025.
Sweden,15,Carl Starfelt,DF,Celta Vigo,La Liga,2025,2026-06-12,258987,55,31,27,2394,1,0,rotation,rotation,56,66,transfermarkt_performance_game,https://tmapi.transfermarkt.technology/player/258987/performance-game,55 club match rows from Transfermarkt performance-game API for season 2025.
Sweden,16,Jesper Karlström,MF,Udinese,Serie A,2025,2026-06-12,222855,41,38,38,3324,1,0,starter,starter,70,81,transfermarkt_performance_game,https://tmapi.transfermarkt.technology/player/222855/performance-game,41 club match rows from Transfermarkt performance-game API for season 2025.
Sweden,17,Viktor Gyökeres,FW,Arsenal,Premier League,2025,2026-06-12,325443,63,55,40,3481,21,3,starter,starter,89,96,transfermarkt_performance_game,https://tmapi.transfermarkt.technology/player/325443/performance-game,63 club match rows from Transfermarkt performance-game API for season 2025.
Sweden,18,Yasin Ayari,MF,Brighton & Hove Albion,Premier League,2025,2026-06-12,667287,43,32,20,2020,4,3,rotation,rotation,55,60,transfermarkt_performance_game,https://tmapi.transfermarkt.technology/player/667287/performance-game,43 club match rows from Transfermarkt performance-game API for season 2025.
Sweden,19,Mattias Svanberg,MF,VfL Wolfsburg,Bundesliga,2025,2026-06-12,342405,38,27,10,1031,5,2,rotation,reserve,35,35,transfermarkt_performance_game,https://tmapi.transfermarkt.technology/player/342405/performance-game,38 club match rows from Transfermarkt performance-game API for season 2025.
Sweden,20,Eric Smith,DF,FC St. Pauli,Bundesliga,2025,2026-06-12,292534,38,30,29,2636,2,2,squad,rotation,58,73,transfermarkt_performance_game,https://tmapi.transfermarkt.technology/player/292534/performance-game,38 club match rows from Transfermarkt performance-game API for season 2025.
Sweden,21,Alexander Bernhardsson,DF,Holstein Kiel,Bundesliga,2025,2026-06-12,633454,38,22,17,1484,4,10,squad,rotation,41,49,transfermarkt_performance_game,https://tmapi.transfermarkt.technology/player/633454/performance-game,38 club match rows from Transfermarkt performance-game API for season 2025.
Sweden,22,Besfort Zeneli,MF,Union Saint-Gilloise,BEL,2025,2026-06-12,715653,27,17,10,933,3,7,rotation,reserve,28,28,transfermarkt_performance_game,https://tmapi.transfermarkt.technology/player/715653/performance-game,27 club match rows from Transfermarkt performance-game API for season 2025.
Sweden,23,Kristoffer Nordfeldt,GK,AIK,SWE,2025,2026-06-12,75890,19,17,17,1530,0,0,reserve,reserve,30,35,transfermarkt_performance_game,https://tmapi.transfermarkt.technology/player/75890/performance-game,19 club match rows from Transfermarkt performance-game API for season 2025.
Sweden,24,Elliot Stroud,DF,Mjällby AIF,SWE,2025,2026-06-12,687622,17,15,14,1290,7,2,squad,reserve,34,39,transfermarkt_performance_game,https://tmapi.transfermarkt.technology/player/687622/performance-game,17 club match rows from Transfermarkt performance-game API for season 2025.
Sweden,25,Gustaf Nilsson,FW,Club Brugge,BEL,2025,2026-06-12,320440,58,11,0,108,0,0,starter,reserve,14,5,transfermarkt_performance_game,https://tmapi.transfermarkt.technology/player/320440/performance-game,58 club match rows from Transfermarkt performance-game API for season 2025.
Sweden,26,Taha Ali,FW,Malmö FF,SWE,2025,2026-06-12,731771,31,23,16,1485,5,3,rotation,reserve,36,41,transfermarkt_performance_game,https://tmapi.transfermarkt.technology/player/731771/performance-game,31 club match rows from Transfermarkt performance-game API for season 2025.
Tunisia,1,Mouhib Chamakh,GK,Club Africain,TUN,2025,2026-06-12,584250,31,25,24,2223,0,2,starter,rotation,56,55,transfermarkt_performance_game,https://tmapi.transfermarkt.technology/player/584250/performance-game,31 club match rows from Transfermarkt performance-game API for season 2025.
Tunisia,2,Ali Abdi,DF,Nice,Ligue 1,2025,2026-06-12,211474,52,32,18,1657,3,0,starter,rotation,53,52,transfermarkt_performance_game,https://tmapi.transfermarkt.technology/player/211474/performance-game,52 club match rows from Transfermarkt performance-game API for season 2025.
Tunisia,3,Montassar Talbi,DF,Lorient,Ligue 1,2025,2026-06-12,496706,38,31,31,2790,0,1,starter,starter,82,81,transfermarkt_performance_game,https://tmapi.transfermarkt.technology/player/496706/performance-game,38 club match rows from Transfermarkt performance-game API for season 2025.
Tunisia,4,Omar Rekik,DF,Maribor,SVN,2025,2026-06-12,578292,37,29,25,2306,1,1,starter,rotation,54,60,transfermarkt_performance_game,https://tmapi.transfermarkt.technology/player/578292/performance-game,37 club match rows from Transfermarkt performance-game API for season 2025.
Tunisia,5,Adem Arous,DF,Kasımpaşa,TUR,2025,2026-06-12,1071742,36,25,23,1998,2,1,starter,rotation,55,56,transfermarkt_performance_game,https://tmapi.transfermarkt.technology/player/1071742/performance-game,36 club match rows from Transfermarkt performance-game API for season 2025.
Tunisia,6,Dylan Bronn,DF,Servette,SUI,2025,2026-06-12,450417,46,22,20,1818,1,1,rotation,rotation,46,50,transfermarkt_performance_game,https://tmapi.transfermarkt.technology/player/450417/performance-game,46 club match rows from Transfermarkt performance-game API for season 2025.
Tunisia,7,Elias Achouri,FW,Copenhagen,DEN,2025,2026-06-12,645589,54,37,28,2368,5,7,starter,rotation,65,69,transfermarkt_performance_game,https://tmapi.transfermarkt.technology/player/645589/performance-game,54 club match rows from Transfermarkt performance-game API for season 2025.
Tunisia,8,Elias Saad,FW,Hannover 96,Bundesliga,2025,2026-06-12,526466,35,24,15,1219,0,4,starter,rotation,41,39,transfermarkt_performance_game,https://tmapi.transfermarkt.technology/player/526466/performance-game,35 club match rows from Transfermarkt performance-game API for season 2025.
Tunisia,9,Hazem Mastouri,FW,Dynamo Makhachkala,RUS,2025,2026-06-12,953150,38,30,15,1650,4,3,starter,rotation,45,45,transfermarkt_performance_game,https://tmapi.transfermarkt.technology/player/953150/performance-game,38 club match rows from Transfermarkt performance-game API for season 2025.
Tunisia,10,Hannibal Mejbri,MF,Burnley,Premier League,2025,2026-06-12,607224,42,30,16,1369,1,4,starter,rotation,55,48,transfermarkt_performance_game,https://tmapi.transfermarkt.technology/player/607224/performance-game,42 club match rows from Transfermarkt performance-game API for season 2025.
Tunisia,11,Ismaël Gharbi,MF,FC Augsburg,Bundesliga,2025,2026-06-12,810096,43,10,2,316,0,1,starter,reserve,27,14,transfermarkt_performance_game,https://tmapi.transfermarkt.technology/player/810096/performance-game,43 club match rows from Transfermarkt performance-game API for season 2025.
Tunisia,12,Mortadha Ben Ouanes,DF,Kasımpaşa,TUR,2025,2026-06-12,230921,35,28,26,2279,2,6,rotation,rotation,57,66,transfermarkt_performance_game,https://tmapi.transfermarkt.technology/player/230921/performance-game,35 club match rows from Transfermarkt performance-game API for season 2025.
Tunisia,13,Rani Khedira,MF,Union Berlin,Bundesliga,2025,2026-06-12,124410,37,35,35,3135,5,2,starter,starter,72,83,transfermarkt_performance_game,https://tmapi.transfermarkt.technology/player/124410/performance-game,37 club match rows from Transfermarkt performance-game API for season 2025.
Tunisia,14,Khalil Ayari,MF,Paris Saint-Germain,Ligue 1,2025,2026-06-12,1198342,10,6,5,462,1,0,starter,reserve,21,13,transfermarkt_performance_game,https://tmapi.transfermarkt.technology/player/1198342/performance-game,10 club match rows from Transfermarkt performance-game API for season 2025.
Tunisia,15,Hadj Mahmoud,MF,Lugano,SUI,2025,2026-06-12,673513,43,35,15,1741,2,1,rotation,rotation,50,50,transfermarkt_performance_game,https://tmapi.transfermarkt.technology/player/673513/performance-game,43 club match rows from Transfermarkt performance-game API for season 2025.
Tunisia,16,Aymen Dahmen,GK,CS Sfaxien,TUN,2025,2026-06-12,569433,34,28,28,2550,0,0,reserve,rotation,49,58,transfermarkt_performance_game,https://tmapi.transfermarkt.technology/player/569433/performance-game,34 club match rows from Transfermarkt performance-game API for season 2025.
Tunisia,17,Ellyes Skhiri,MF,Eintracht Frankfurt,Bundesliga,2025,2026-06-12,290587,44,34,20,1854,0,0,rotation,rotation,62,59,transfermarkt_performance_game,https://tmapi.transfermarkt.technology/player/290587/performance-game,44 club match rows from Transfermarkt performance-game API for season 2025.
Tunisia,18,Rayan Elloumi,FW,Vancouver Whitecaps FC,MLS,2025,2026-06-12,1273985,20,16,3,324,1,0,starter,reserve,20,12,transfermarkt_performance_game,https://tmapi.transfermarkt.technology/player/1273985/performance-game,20 club match rows from Transfermarkt performance-game API for season 2025.
Tunisia,19,Firas Chaouat,FW,Club Africain,TUN,2025,2026-06-12,402087,31,26,25,2242,14,0,rotation,rotation,55,62,transfermarkt_performance_game,https://tmapi.transfermarkt.technology/player/402087/performance-game,31 club match rows from Transfermarkt performance-game API for season 2025.
Tunisia,20,Yan Valery,DF,Young Boys,SUI,2025,2026-06-12,406008,50,37,34,2993,0,4,rotation,rotation,68,80,transfermarkt_performance_game,https://tmapi.transfermarkt.technology/player/406008/performance-game,50 club match rows from Transfermarkt performance-game API for season 2025.
Tunisia,21,Mohamed Amine Ben Hamida,DF,Espérance de Tunis,TUN,2025,2026-06-12,454495,49,38,37,3220,1,3,rotation,rotation,66,80,transfermarkt_performance_game,https://tmapi.transfermarkt.technology/player/454495/performance-game,49 club match rows from Transfermarkt performance-game API for season 2025.
Tunisia,22,Sabri Ben Hessen,GK,Étoile du Sahel,TUN,2025,2026-06-12,295381,36,32,32,2865,0,0,reserve,rotation,50,63,transfermarkt_performance_game,https://tmapi.transfermarkt.technology/player/295381/performance-game,36 club match rows from Transfermarkt performance-game API for season 2025.
Tunisia,23,Moutaz Neffati,DF,IFK Norrköping,SWE,2025,2026-06-12,1034598,15,11,10,833,2,0,squad,reserve,24,24,transfermarkt_performance_game,https://tmapi.transfermarkt.technology/player/1034598/performance-game,15 club match rows from Transfermarkt performance-game API for season 2025.
Tunisia,24,Raed Chikhaoui,DF,US Monastir,TUN,2025,2026-06-12,1075790,36,32,31,2810,4,2,squad,rotation,60,75,transfermarkt_performance_game,https://tmapi.transfermarkt.technology/player/1075790/performance-game,36 club match rows from Transfermarkt performance-game API for season 2025.
Tunisia,25,Anis Ben Slimane,MF,Norwich City,Premier League,2025,2026-06-12,546712,51,26,16,1372,5,6,rotation,rotation,49,48,transfermarkt_performance_game,https://tmapi.transfermarkt.technology/player/546712/performance-game,51 club match rows from Transfermarkt performance-game API for season 2025.
Tunisia,26,Sebastian Tounekti,MF,Celtic,SCO,2025,2026-06-12,539677,57,49,35,2941,5,3,rotation,starter,73,83,transfermarkt_performance_game,https://tmapi.transfermarkt.technology/player/539677/performance-game,57 club match rows from Transfermarkt performance-game API for season 2025.
Belgium,1,Thibaut Courtois,GK,Real Madrid,La Liga,2025,2026-06-12,108390,56,45,45,4005,0,2,starter,starter,81,89,transfermarkt_performance_game,https://tmapi.transfermarkt.technology/player/108390/performance-game,56 club match rows from Transfermarkt performance-game API for season 2025.
Belgium,2,Zeno Debast,DF,Sporting CP,Primeira Liga,2025,2026-06-12,548193,56,24,13,1503,0,2,starter,rotation,46,43,transfermarkt_performance_game,https://tmapi.transfermarkt.technology/player/548193/performance-game,56 club match rows from Transfermarkt performance-game API for season 2025.
Belgium,3,Arthur Theate,DF,Eintracht Frankfurt,Bundesliga,2025,2026-06-12,368891,44,33,33,2984,1,1,starter,starter,73,82,transfermarkt_performance_game,https://tmapi.transfermarkt.technology/player/368891/performance-game,44 club match rows from Transfermarkt performance-game API for season 2025.
Belgium,4,Brandon Mechele,DF,Club Brugge,BEL,2025,2026-06-12,236168,58,57,57,5008,8,3,starter,starter,72,85,transfermarkt_performance_game,https://tmapi.transfermarkt.technology/player/236168/performance-game,58 club match rows from Transfermarkt performance-game API for season 2025.
Belgium,5,Maxim De Cuyper,DF,Brighton & Hove Albion,Premier League,2025,2026-06-12,429915,43,31,18,1481,2,3,starter,rotation,51,51,transfermarkt_performance_game,https://tmapi.transfermarkt.technology/player/429915/performance-game,43 club match rows from Transfermarkt performance-game API for season 2025.
Belgium,6,Axel Witsel,MF,Girona,La Liga,2025,2026-06-12,35047,40,32,30,2533,1,2,starter,starter,68,73,transfermarkt_performance_game,https://tmapi.transfermarkt.technology/player/35047/performance-game,40 club match rows from Transfermarkt performance-game API for season 2025.
Belgium,7,Kevin De Bruyne,MF,Napoli,Serie A,2025,2026-06-12,88755,50,21,16,1360,5,4,starter,rotation,49,45,transfermarkt_performance_game,https://tmapi.transfermarkt.technology/player/88755/performance-game,50 club match rows from Transfermarkt performance-game API for season 2025.
Belgium,8,Youri Tielemans,MF,Aston Villa,Premier League,2025,2026-06-12,249565,56,35,28,2586,2,7,starter,starter,76,78,transfermarkt_performance_game,https://tmapi.transfermarkt.technology/player/249565/performance-game,56 club match rows from Transfermarkt performance-game API for season 2025.
Belgium,9,Romelu Lukaku,FW,Napoli,Serie A,2025,2026-06-12,96341,50,7,0,64,1,0,starter,reserve,22,8,transfermarkt_performance_game,https://tmapi.transfermarkt.technology/player/96341/performance-game,50 club match rows from Transfermarkt performance-game API for season 2025.
Belgium,10,Leandro Trossard,FW,Arsenal,Premier League,2025,2026-06-12,144028,63,50,32,2922,8,11,starter,starter,81,90,transfermarkt_performance_game,https://tmapi.transfermarkt.technology/player/144028/performance-game,63 club match rows from Transfermarkt performance-game API for season 2025.
Belgium,11,Jérémy Doku,FW,Manchester City,Premier League,2025,2026-06-12,486049,60,47,33,2962,8,14,starter,starter,92,97,transfermarkt_performance_game,https://tmapi.transfermarkt.technology/player/486049/performance-game,60 club match rows from Transfermarkt performance-game API for season 2025.
Belgium,12,Senne Lammens,GK,Manchester United,Premier League,2025,2026-06-12,503883,42,37,37,3330,0,0,reserve,rotation,66,81,transfermarkt_performance_game,https://tmapi.transfermarkt.technology/player/503883/performance-game,42 club match rows from Transfermarkt performance-game API for season 2025.
Belgium,13,Mike Penders,GK,Strasbourg,Ligue 1,2025,2026-06-12,834397,53,52,52,4631,0,0,reserve,rotation,66,82,transfermarkt_performance_game,https://tmapi.transfermarkt.technology/player/834397/performance-game,53 club match rows from Transfermarkt performance-game API for season 2025.
Belgium,14,Dodi Lukébakio,FW,Benfica,Primeira Liga,2025,2026-06-12,303259,50,25,15,1351,2,5,starter,rotation,44,42,transfermarkt_performance_game,https://tmapi.transfermarkt.technology/player/303259/performance-game,50 club match rows from Transfermarkt performance-game API for season 2025.
Belgium,15,Thomas Meunier,DF,Lille,Ligue 1,2025,2026-06-12,100986,48,35,28,2549,2,3,rotation,rotation,66,76,transfermarkt_performance_game,https://tmapi.transfermarkt.technology/player/100986/performance-game,48 club match rows from Transfermarkt performance-game API for season 2025.
Belgium,16,Koni De Winter,DF,Milan,Serie A,2025,2026-06-12,490384,42,29,22,2047,1,1,rotation,rotation,52,58,transfermarkt_performance_game,https://tmapi.transfermarkt.technology/player/490384/performance-game,42 club match rows from Transfermarkt performance-game API for season 2025.
Belgium,17,Charles De Ketelaere,FW,Atalanta,Serie A,2025,2026-06-12,435772,54,42,36,3039,5,7,rotation,starter,76,88,transfermarkt_performance_game,https://tmapi.transfermarkt.technology/player/435772/performance-game,54 club match rows from Transfermarkt performance-game API for season 2025.
Belgium,18,Joaquin Seys,DF,Club Brugge,BEL,2025,2026-06-12,981196,58,55,50,4231,5,8,rotation,starter,71,86,transfermarkt_performance_game,https://tmapi.transfermarkt.technology/player/981196/performance-game,58 club match rows from Transfermarkt performance-game API for season 2025.
Belgium,19,Diego Moreira,MF,Strasbourg,Ligue 1,2025,2026-06-12,655006,53,42,32,2932,5,9,starter,starter,74,84,transfermarkt_performance_game,https://tmapi.transfermarkt.technology/player/655006/performance-game,53 club match rows from Transfermarkt performance-game API for season 2025.
Belgium,20,Hans Vanaken,MF,Club Brugge,BEL,2025,2026-06-12,137576,58,57,56,4941,12,7,rotation,starter,71,85,transfermarkt_performance_game,https://tmapi.transfermarkt.technology/player/137576/performance-game,58 club match rows from Transfermarkt performance-game API for season 2025.
Belgium,21,Timothy Castagne,DF,Fulham,Premier League,2025,2026-06-12,262226,45,36,26,2362,0,1,rotation,rotation,61,69,transfermarkt_performance_game,https://tmapi.transfermarkt.technology/player/262226/performance-game,45 club match rows from Transfermarkt performance-game API for season 2025.
Belgium,22,Alexis Saelemaekers,MF,Milan,Serie A,2025,2026-06-12,381950,42,39,37,3077,3,5,rotation,starter,72,85,transfermarkt_performance_game,https://tmapi.transfermarkt.technology/player/381950/performance-game,42 club match rows from Transfermarkt performance-game API for season 2025.
Belgium,23,Nicolas Raskin,MF,Rangers,SCO,2025,2026-06-12,422763,58,50,46,4204,7,9,rotation,starter,69,84,transfermarkt_performance_game,https://tmapi.transfermarkt.technology/player/422763/performance-game,58 club match rows from Transfermarkt performance-game API for season 2025.
Belgium,24,Amadou Onana,MF,Aston Villa,Premier League,2025,2026-06-12,485706,56,38,32,2637,2,0,rotation,starter,71,79,transfermarkt_performance_game,https://tmapi.transfermarkt.technology/player/485706/performance-game,56 club match rows from Transfermarkt performance-game API for season 2025.
Belgium,25,Nathan Ngoy,DF,Lille,Ligue 1,2025,2026-06-12,548254,48,38,35,3104,3,2,squad,starter,70,85,transfermarkt_performance_game,https://tmapi.transfermarkt.technology/player/548254/performance-game,48 club match rows from Transfermarkt performance-game API for season 2025.
Belgium,26,Matias Fernandez-Pardo,FW,Lille,Ligue 1,2025,2026-06-12,724129,48,41,33,3101,8,7,rotation,starter,74,87,transfermarkt_performance_game,https://tmapi.transfermarkt.technology/player/724129/performance-game,48 club match rows from Transfermarkt performance-game API for season 2025.
Egypt,1,Mohamed El Shenawy,GK,Al Ahly,EGY,2025,2026-06-12,134573,45,19,19,1699,0,0,starter,rotation,44,41,transfermarkt_performance_game,https://tmapi.transfermarkt.technology/player/134573/performance-game,45 club match rows from Transfermarkt performance-game API for season 2025.
Egypt,2,Yasser Ibrahim,DF,Al Ahly,EGY,2025,2026-06-12,237425,45,30,29,2559,2,0,starter,rotation,59,66,transfermarkt_performance_game,https://tmapi.transfermarkt.technology/player/237425/performance-game,45 club match rows from Transfermarkt performance-game API for season 2025.
Egypt,3,Mohamed Hany,DF,Al Ahly,EGY,2025,2026-06-12,343974,45,35,32,2980,0,6,starter,starter,71,81,transfermarkt_performance_game,https://tmapi.transfermarkt.technology/player/343974/performance-game,45 club match rows from Transfermarkt performance-game API for season 2025.
Egypt,4,Hossam Abdelmaguid,DF,Zamalek,EGY,2025,2026-06-12,737524,50,41,39,3561,6,0,starter,starter,70,82,transfermarkt_performance_game,https://tmapi.transfermarkt.technology/player/737524/performance-game,50 club match rows from Transfermarkt performance-game API for season 2025.
Egypt,5,Ramy Rabia,DF,Al Ain,UAE,2025,2026-06-12,172623,37,25,24,2116,2,1,starter,rotation,54,57,transfermarkt_performance_game,https://tmapi.transfermarkt.technology/player/172623/performance-game,37 club match rows from Transfermarkt performance-game API for season 2025.
Egypt,6,Mohamed Abdelmonem,DF,Nice,Ligue 1,2025,2026-06-12,566025,52,0,0,0,0,0,rotation,reserve,11,2,transfermarkt_performance_game,https://tmapi.transfermarkt.technology/player/566025/performance-game,52 club match rows from Transfermarkt performance-game API for season 2025.
Egypt,7,Trézéguet,FW,Al Ahly,EGY,2025,2026-06-12,234189,45,32,30,2535,18,1,starter,starter,70,75,transfermarkt_performance_game,https://tmapi.transfermarkt.technology/player/234189/performance-game,45 club match rows from Transfermarkt performance-game API for season 2025.
Egypt,8,Emam Ashour,MF,Al Ahly,EGY,2025,2026-06-12,604008,45,19,14,1271,2,6,starter,rotation,39,37,transfermarkt_performance_game,https://tmapi.transfermarkt.technology/player/604008/performance-game,45 club match rows from Transfermarkt performance-game API for season 2025.
Egypt,9,Hamza Abdelkarim,FW,Barcelona B,La Liga,2025,2026-06-12,1259085,28,8,3,360,0,0,starter,reserve,18,10,transfermarkt_performance_game,https://tmapi.transfermarkt.technology/player/1259085/performance-game,28 club match rows from Transfermarkt performance-game API for season 2025.
Egypt,10,Mohamed Salah,FW,Liverpool,Premier League,2025,2026-06-12,148455,57,41,34,3150,12,10,starter,starter,84,94,transfermarkt_performance_game,https://tmapi.transfermarkt.technology/player/148455/performance-game,57 club match rows from Transfermarkt performance-game API for season 2025.
Egypt,11,Mostafa Ziko,MF,Pyramids,EGY,2025,2026-06-12,896616,55,41,23,2095,14,4,starter,rotation,55,62,transfermarkt_performance_game,https://tmapi.transfermarkt.technology/player/896616/performance-game,55 club match rows from Transfermarkt performance-game API for season 2025.
Egypt,12,Haissem Hassan,FW,Oviedo,La Liga,2025,2026-06-12,620164,39,38,21,2024,0,3,starter,rotation,52,58,transfermarkt_performance_game,https://tmapi.transfermarkt.technology/player/620164/performance-game,39 club match rows from Transfermarkt performance-game API for season 2025.
Egypt,13,Ahmed Fatouh,DF,Zamalek,EGY,2025,2026-06-12,465966,33,29,21,1858,1,5,rotation,rotation,49,55,transfermarkt_performance_game,https://tmapi.transfermarkt.technology/player/465966/performance-game,33 club match rows from Transfermarkt performance-game API for season 2025.
Egypt,14,Hamdy Fathy,MF,Al-Wakrah,Qatar Stars League,2025,2026-06-12,340303,35,22,21,1820,2,0,starter,rotation,49,48,transfermarkt_performance_game,https://tmapi.transfermarkt.technology/player/340303/performance-game,35 club match rows from Transfermarkt performance-game API for season 2025.
Egypt,15,Karim Hafez,DF,Pyramids,EGY,2025,2026-06-12,333004,55,35,22,2082,3,3,rotation,rotation,50,59,transfermarkt_performance_game,https://tmapi.transfermarkt.technology/player/333004/performance-game,55 club match rows from Transfermarkt performance-game API for season 2025.
Egypt,16,El Mahdy Soliman,GK,Zamalek,EGY,2025,2026-06-12,,0,0,0,0,0,0,reserve,reserve,17,17,no_transfermarkt_player_match,,"No matched Transfermarkt player URL; role score uses squad role, market value, caps and availability only."
Egypt,17,Mohanad Lasheen,MF,Pyramids,EGY,2025,2026-06-12,479682,55,42,40,3579,0,3,starter,starter,68,78,transfermarkt_performance_game,https://tmapi.transfermarkt.technology/player/479682/performance-game,55 club match rows from Transfermarkt performance-game API for season 2025.
Egypt,18,Nabil Emad,MF,Al-Najma,Saudi Pro League,2025,2026-06-12,,0,0,0,0,0,0,rotation,reserve,30,30,no_transfermarkt_player_match,,"No matched Transfermarkt player URL; role score uses squad role, market value, caps and availability only."
Egypt,19,Marwan Attia,MF,Al Ahly,EGY,2025,2026-06-12,,0,0,0,0,0,0,rotation,reserve,35,35,no_transfermarkt_player_match,,"No matched Transfermarkt player URL; role score uses squad role, market value, caps and availability only."
Egypt,20,Ibrahim Adel,FW,Nordsjælland,DEN,2025,2026-06-12,677278,34,23,19,1506,3,1,rotation,rotation,39,42,transfermarkt_performance_game,https://tmapi.transfermarkt.technology/player/677278/performance-game,34 club match rows from Transfermarkt performance-game API for season 2025.
Egypt,21,Mahmoud Saber,MF,ZED,EGY,2025,2026-06-12,729390,49,30,23,2160,6,7,rotation,rotation,50,59,transfermarkt_performance_game,https://tmapi.transfermarkt.technology/player/729390/performance-game,49 club match rows from Transfermarkt performance-game API for season 2025.
Egypt,22,Omar Marmoush,FW,Manchester City,Premier League,2025,2026-06-12,445939,60,36,16,1393,8,3,rotation,rotation,59,55,transfermarkt_performance_game,https://tmapi.transfermarkt.technology/player/445939/performance-game,60 club match rows from Transfermarkt performance-game API for season 2025.
Egypt,23,Mostafa Shobeir,GK,Al Ahly,EGY,2025,2026-06-12,,0,0,0,0,0,0,reserve,reserve,19,19,no_transfermarkt_player_match,,"No matched Transfermarkt player URL; role score uses squad role, market value, caps and availability only."
Egypt,24,Tarek Alaa,DF,ZED,EGY,2025,2026-06-12,1087789,60,17,15,1306,0,1,rotation,reserve,31,34,transfermarkt_performance_game,https://tmapi.transfermarkt.technology/player/1087789/performance-game,60 club match rows from Transfermarkt performance-game API for season 2025.
Egypt,25,Zizo,FW,Al Ahly,EGY,2025,2026-06-12,320722,45,29,25,2025,5,9,rotation,rotation,55,61,transfermarkt_performance_game,https://tmapi.transfermarkt.technology/player/320722/performance-game,45 club match rows from Transfermarkt performance-game API for season 2025.
Egypt,26,Mohamed Alaa,GK,El Gouna,EGY,2025,2026-06-12,1307898,43,32,32,2839,0,0,reserve,rotation,49,63,transfermarkt_performance_game,https://tmapi.transfermarkt.technology/player/1307898/performance-game,43 club match rows from Transfermarkt performance-game API for season 2025.
IR Iran,1,Alireza Beiranvand,GK,Tractor,IRN,2025,2026-06-12,229081,34,29,29,2602,0,0,starter,rotation,61,62,transfermarkt_performance_game,https://tmapi.transfermarkt.technology/player/229081/performance-game,34 club match rows from Transfermarkt performance-game API for season 2025.
IR Iran,2,Saleh Hardani,DF,Esteghlal,IRN,2025,2026-06-12,697155,33,25,24,2134,0,3,starter,rotation,54,57,transfermarkt_performance_game,https://tmapi.transfermarkt.technology/player/697155/performance-game,33 club match rows from Transfermarkt performance-game API for season 2025.
IR Iran,3,Ehsan Hajsafi,DF,Sepahan,IRN,2025,2026-06-12,77547,31,30,29,2587,3,6,starter,starter,73,76,transfermarkt_performance_game,https://tmapi.transfermarkt.technology/player/77547/performance-game,31 club match rows from Transfermarkt performance-game API for season 2025.
IR Iran,4,Shojae Khalilzadeh,DF,Tractor,IRN,2025,2026-06-12,,0,0,0,0,0,0,starter,rotation,57,57,no_transfermarkt_player_match,,"No matched Transfermarkt player URL; role score uses squad role, market value, caps and availability only."
IR Iran,5,Milad Mohammadi,DF,Persepolis,IRN,2025,2026-06-12,333355,23,21,16,1567,0,3,starter,rotation,50,46,transfermarkt_performance_game,https://tmapi.transfermarkt.technology/player/333355/performance-game,23 club match rows from Transfermarkt performance-game API for season 2025.
IR Iran,6,Saeid Ezatolahi,MF,Shabab Al Ahli,UAE,2025,2026-06-12,,0,0,0,0,0,0,starter,rotation,62,62,no_transfermarkt_player_match,,"No matched Transfermarkt player URL; role score uses squad role, market value, caps and availability only."
IR Iran,7,Alireza Jahanbakhsh,MF,Dender,BEL,2025,2026-06-12,213268,27,23,11,1034,1,2,starter,rotation,41,33,transfermarkt_performance_game,https://tmapi.transfermarkt.technology/player/213268/performance-game,27 club match rows from Transfermarkt performance-game API for season 2025.
IR Iran,8,Mohammad Mohebi,MF,Rostov,RUS,2025,2026-06-12,603149,38,31,18,1771,3,3,starter,rotation,55,52,transfermarkt_performance_game,https://tmapi.transfermarkt.technology/player/603149/performance-game,38 club match rows from Transfermarkt performance-game API for season 2025.
IR Iran,9,Mehdi Taremi,FW,Olympiacos,GRE,2025,2026-06-12,307058,47,39,22,2123,16,6,starter,starter,69,69,transfermarkt_performance_game,https://tmapi.transfermarkt.technology/player/307058/performance-game,47 club match rows from Transfermarkt performance-game API for season 2025.
IR Iran,10,Mehdi Ghayedi,FW,Al Nasr,UAE,2025,2026-06-12,478192,33,25,18,1583,6,6,starter,rotation,59,52,transfermarkt_performance_game,https://tmapi.transfermarkt.technology/player/478192/performance-game,33 club match rows from Transfermarkt performance-game API for season 2025.
IR Iran,11,Ali Alipour,FW,Persepolis,IRN,2025,2026-06-12,249360,23,23,23,2068,6,7,starter,rotation,56,58,transfermarkt_performance_game,https://tmapi.transfermarkt.technology/player/249360/performance-game,23 club match rows from Transfermarkt performance-game API for season 2025.
IR Iran,12,Payam Niazmand,GK,Persepolis,IRN,2025,2026-06-12,343044,23,22,22,2010,0,0,reserve,rotation,39,45,transfermarkt_performance_game,https://tmapi.transfermarkt.technology/player/343044/performance-game,23 club match rows from Transfermarkt performance-game API for season 2025.
IR Iran,13,Hossein Kanaanizadegan,DF,Persepolis,IRN,2025,2026-06-12,249400,23,19,18,1602,2,0,rotation,rotation,46,46,transfermarkt_performance_game,https://tmapi.transfermarkt.technology/player/249400/performance-game,23 club match rows from Transfermarkt performance-game API for season 2025.
IR Iran,14,Saman Ghoddos,MF,Kalba,UAE,2025,2026-06-12,204294,29,27,24,1973,5,4,starter,rotation,59,58,transfermarkt_performance_game,https://tmapi.transfermarkt.technology/player/204294/performance-game,29 club match rows from Transfermarkt performance-game API for season 2025.
IR Iran,15,Rouzbeh Cheshmi,MF,Esteghlal,IRN,2025,2026-06-12,,0,0,0,0,0,0,rotation,rotation,41,41,no_transfermarkt_player_match,,"No matched Transfermarkt player URL; role score uses squad role, market value, caps and availability only."
IR Iran,16,Mehdi Torabi,MF,Tractor,IRN,2025,2026-06-12,283833,34,26,22,1673,2,5,rotation,rotation,49,51,transfermarkt_performance_game,https://tmapi.transfermarkt.technology/player/283833/performance-game,34 club match rows from Transfermarkt performance-game API for season 2025.
IR Iran,17,Aria Yousefi,DF,Sepahan,IRN,2025,2026-06-12,,0,0,0,0,0,0,rotation,reserve,34,34,no_transfermarkt_player_match,,"No matched Transfermarkt player URL; role score uses squad role, market value, caps and availability only."
IR Iran,18,Amirhossein Hosseinzadeh,FW,Tractor,IRN,2025,2026-06-12,542380,34,33,33,2998,13,7,starter,starter,76,84,transfermarkt_performance_game,https://tmapi.transfermarkt.technology/player/542380/performance-game,34 club match rows from Transfermarkt performance-game API for season 2025.
IR Iran,19,Ali Nemati,DF,Foolad,IRN,2025,2026-06-12,527092,24,22,21,1908,0,0,rotation,rotation,44,48,transfermarkt_performance_game,https://tmapi.transfermarkt.technology/player/527092/performance-game,24 club match rows from Transfermarkt performance-game API for season 2025.
IR Iran,20,Shahriyar Moghanlou,FW,Kalba,UAE,2025,2026-06-12,,0,0,0,0,0,0,rotation,reserve,36,36,no_transfermarkt_player_match,,"No matched Transfermarkt player URL; role score uses squad role, market value, caps and availability only."
IR Iran,21,Mohammad Ghorbani,MF,Al Wahda,UAE,2025,2026-06-12,856087,44,36,22,2213,1,0,rotation,rotation,52,58,transfermarkt_performance_game,https://tmapi.transfermarkt.technology/player/856087/performance-game,44 club match rows from Transfermarkt performance-game API for season 2025.
IR Iran,22,Hossein Hosseini,GK,Sepahan,IRN,2025,2026-06-12,132561,31,23,23,2100,0,0,reserve,rotation,41,48,transfermarkt_performance_game,https://tmapi.transfermarkt.technology/player/132561/performance-game,31 club match rows from Transfermarkt performance-game API for season 2025.
IR Iran,23,Ramin Rezaeian,DF,Foolad,IRN,2025,2026-06-12,188312,31,18,14,1331,2,6,rotation,rotation,44,44,transfermarkt_performance_game,https://tmapi.transfermarkt.technology/player/188312/performance-game,31 club match rows from Transfermarkt performance-game API for season 2025.
IR Iran,24,Dennis Eckert,FW,Standard Liège,BEL,2025,2026-06-12,249303,42,37,24,2091,7,0,rotation,rotation,51,59,transfermarkt_performance_game,https://tmapi.transfermarkt.technology/player/249303/performance-game,42 club match rows from Transfermarkt performance-game API for season 2025.
IR Iran,25,Danial Eiri,DF,Malavan,IRN,2025,2026-06-12,1080301,24,24,23,2102,0,0,squad,rotation,45,53,transfermarkt_performance_game,https://tmapi.transfermarkt.technology/player/1080301/performance-game,24 club match rows from Transfermarkt performance-game API for season 2025.
IR Iran,26,Amirmohammad Razzaghinia,MF,Esteghlal,IRN,2025,2026-06-12,1051591,33,29,23,1972,0,0,rotation,rotation,47,52,transfermarkt_performance_game,https://tmapi.transfermarkt.technology/player/1051591/performance-game,33 club match rows from Transfermarkt performance-game API for season 2025.
New Zealand,1,Max Crocombe,GK,Millwall,Premier League,2025,2026-06-12,207843,52,25,25,2250,0,0,starter,rotation,53,55,transfermarkt_performance_game,https://tmapi.transfermarkt.technology/player/207843/performance-game,52 club match rows from Transfermarkt performance-game API for season 2025.
New Zealand,2,Tim Payne,DF,Wellington Phoenix,NZL,2025,2026-06-12,149901,26,14,13,868,0,5,starter,reserve,37,32,transfermarkt_performance_game,https://tmapi.transfermarkt.technology/player/149901/performance-game,26 club match rows from Transfermarkt performance-game API for season 2025.
New Zealand,3,Francis de Vries,DF,Auckland FC,NZL,2025,2026-06-12,207061,44,25,22,2023,1,7,starter,rotation,55,59,transfermarkt_performance_game,https://tmapi.transfermarkt.technology/player/207061/performance-game,44 club match rows from Transfermarkt performance-game API for season 2025.
New Zealand,4,Tyler Bindon,DF,Sheffield United,Premier League,2025,2026-06-12,1007720,48,26,22,2063,1,0,starter,rotation,62,61,transfermarkt_performance_game,https://tmapi.transfermarkt.technology/player/1007720/performance-game,48 club match rows from Transfermarkt performance-game API for season 2025.
New Zealand,5,Michael Boxall,DF,Minnesota United FC,MLS,2025,2026-06-12,81723,17,7,5,397,0,0,starter,reserve,24,14,transfermarkt_performance_game,https://tmapi.transfermarkt.technology/player/81723/performance-game,17 club match rows from Transfermarkt performance-game API for season 2025.
New Zealand,6,Joe Bell,MF,Viking,NOR,2025,2026-06-12,345700,17,10,10,853,0,4,starter,rotation,39,28,transfermarkt_performance_game,https://tmapi.transfermarkt.technology/player/345700/performance-game,17 club match rows from Transfermarkt performance-game API for season 2025.
New Zealand,7,Matthew Garbett,MF,Peterborough United,Premier League,2025,2026-06-12,617019,50,32,26,2268,3,2,starter,rotation,60,66,transfermarkt_performance_game,https://tmapi.transfermarkt.technology/player/617019/performance-game,50 club match rows from Transfermarkt performance-game API for season 2025.
New Zealand,8,Marko Stamenić,MF,Swansea City,WAL,2025,2026-06-12,617018,49,38,31,2644,3,3,starter,starter,72,75,transfermarkt_performance_game,https://tmapi.transfermarkt.technology/player/617018/performance-game,49 club match rows from Transfermarkt performance-game API for season 2025.
New Zealand,9,Chris Wood,FW,Nottingham Forest,Premier League,2025,2026-06-12,108725,57,21,16,1189,6,0,starter,rotation,59,47,transfermarkt_performance_game,https://tmapi.transfermarkt.technology/player/108725/performance-game,57 club match rows from Transfermarkt performance-game API for season 2025.
New Zealand,10,Sarpreet Singh,MF,Wellington Phoenix,NZL,2025,2026-06-12,350357,33,18,12,1051,2,1,starter,reserve,35,30,transfermarkt_performance_game,https://tmapi.transfermarkt.technology/player/350357/performance-game,33 club match rows from Transfermarkt performance-game API for season 2025.
New Zealand,11,Elijah Just,MF,Motherwell,SCO,2025,2026-06-12,485672,47,43,38,3215,7,8,rotation,starter,76,86,transfermarkt_performance_game,https://tmapi.transfermarkt.technology/player/485672/performance-game,47 club match rows from Transfermarkt performance-game API for season 2025.
New Zealand,12,Alex Paulsen,GK,Lechia Gdańsk,POL,2025,2026-06-12,617009,33,27,27,2460,0,0,reserve,rotation,44,55,transfermarkt_performance_game,https://tmapi.transfermarkt.technology/player/617009/performance-game,33 club match rows from Transfermarkt performance-game API for season 2025.
New Zealand,13,Liberato Cacace,DF,Wrexham,WAL,2025,2026-06-12,469211,53,13,9,782,1,0,rotation,reserve,32,26,transfermarkt_performance_game,https://tmapi.transfermarkt.technology/player/469211/performance-game,53 club match rows from Transfermarkt performance-game API for season 2025.
New Zealand,14,Alex Rufer,MF,Wellington Phoenix,NZL,2025,2026-06-12,256019,26,23,23,2044,2,1,rotation,rotation,48,53,transfermarkt_performance_game,https://tmapi.transfermarkt.technology/player/256019/performance-game,26 club match rows from Transfermarkt performance-game API for season 2025.
New Zealand,15,Nando Pijnaker,DF,Auckland FC,NZL,2025,2026-06-12,455425,44,17,10,968,0,0,rotation,reserve,28,26,transfermarkt_performance_game,https://tmapi.transfermarkt.technology/player/455425/performance-game,44 club match rows from Transfermarkt performance-game API for season 2025.
New Zealand,16,Finn Surman,DF,Portland Timbers,MLS,2025,2026-06-12,724809,14,14,14,1215,0,1,rotation,reserve,36,34,transfermarkt_performance_game,https://tmapi.transfermarkt.technology/player/724809/performance-game,14 club match rows from Transfermarkt performance-game API for season 2025.
New Zealand,17,Kosta Barbarouses,FW,Western Sydney Wanderers,A-League,2025,2026-06-12,50200,26,22,16,1334,4,1,starter,rotation,45,41,transfermarkt_performance_game,https://tmapi.transfermarkt.technology/player/50200/performance-game,26 club match rows from Transfermarkt performance-game API for season 2025.
New Zealand,18,Ben Waine,FW,Port Vale,Premier League,2025,2026-06-12,539502,61,37,23,1935,8,1,starter,rotation,56,61,transfermarkt_performance_game,https://tmapi.transfermarkt.technology/player/539502/performance-game,61 club match rows from Transfermarkt performance-game API for season 2025.
New Zealand,19,Ben Old,MF,Saint-Étienne,Ligue 1,2025,2026-06-12,617021,41,34,24,2239,5,3,rotation,rotation,59,65,transfermarkt_performance_game,https://tmapi.transfermarkt.technology/player/617021/performance-game,41 club match rows from Transfermarkt performance-game API for season 2025.
New Zealand,20,Callum McCowatt,MF,Silkeborg,DEN,2025,2026-06-12,400797,39,37,34,2869,12,5,rotation,starter,73,83,transfermarkt_performance_game,https://tmapi.transfermarkt.technology/player/400797/performance-game,39 club match rows from Transfermarkt performance-game API for season 2025.
New Zealand,21,Jesse Randall,FW,Auckland FC,NZL,2025,2026-06-12,677509,44,30,30,2477,9,8,starter,rotation,63,70,transfermarkt_performance_game,https://tmapi.transfermarkt.technology/player/677509/performance-game,44 club match rows from Transfermarkt performance-game API for season 2025.
New Zealand,22,Michael Woud,GK,Auckland FC,NZL,2025,2026-06-12,350347,44,28,27,2481,0,0,reserve,rotation,44,55,transfermarkt_performance_game,https://tmapi.transfermarkt.technology/player/350347/performance-game,44 club match rows from Transfermarkt performance-game API for season 2025.
New Zealand,23,Ryan Thomas,MF,PEC Zwolle,Eredivisie,2025,2026-06-12,203357,36,28,27,2168,1,1,squad,rotation,51,60,transfermarkt_performance_game,https://tmapi.transfermarkt.technology/player/203357/performance-game,36 club match rows from Transfermarkt performance-game API for season 2025.
New Zealand,24,Callan Elliot,DF,Auckland FC,NZL,2025,2026-06-12,482204,44,27,20,1744,0,1,rotation,rotation,42,47,transfermarkt_performance_game,https://tmapi.transfermarkt.technology/player/482204/performance-game,44 club match rows from Transfermarkt performance-game API for season 2025.
New Zealand,25,Lachlan Bayliss,MF,Newcastle Jets,A-League,2025,2026-06-12,1109358,28,27,19,1835,5,3,squad,rotation,42,49,transfermarkt_performance_game,https://tmapi.transfermarkt.technology/player/1109358/performance-game,28 club match rows from Transfermarkt performance-game API for season 2025.
New Zealand,26,Tommy Smith,DF,Braintree Town,Premier League,2025,2026-06-12,54381,52,21,17,1398,0,1,squad,rotation,39,43,transfermarkt_performance_game,https://tmapi.transfermarkt.technology/player/54381/performance-game,52 club match rows from Transfermarkt performance-game API for season 2025.
Cabo Verde,1,Vozinha,GK,Chaves,Primeira Liga,2025,2026-06-12,242277,36,19,19,1710,0,0,starter,rotation,46,43,transfermarkt_performance_game,https://tmapi.transfermarkt.technology/player/242277/performance-game,36 club match rows from Transfermarkt performance-game API for season 2025.
Cabo Verde,2,Stopira,DF,Torreense,Primeira Liga,2025,2026-06-12,80486,44,41,39,3526,4,0,starter,starter,75,85,transfermarkt_performance_game,https://tmapi.transfermarkt.technology/player/80486/performance-game,44 club match rows from Transfermarkt performance-game API for season 2025.
Cabo Verde,3,Diney,DF,Al Bataeh,UAE,2025,2026-06-12,349570,29,26,26,2370,2,0,starter,rotation,58,62,transfermarkt_performance_game,https://tmapi.transfermarkt.technology/player/349570/performance-game,29 club match rows from Transfermarkt performance-game API for season 2025.
Cabo Verde,4,Roberto Lopes,DF,Shamrock Rovers,IRL,2025,2026-06-12,166158,37,26,26,2249,3,0,starter,rotation,57,61,transfermarkt_performance_game,https://tmapi.transfermarkt.technology/player/166158/performance-game,37 club match rows from Transfermarkt performance-game API for season 2025.
Cabo Verde,5,Logan Costa,DF,Villarreal,La Liga,2025,2026-06-12,484988,49,2,0,28,0,0,starter,reserve,27,8,transfermarkt_performance_game,https://tmapi.transfermarkt.technology/player/484988/performance-game,49 club match rows from Transfermarkt performance-game API for season 2025.
Cabo Verde,6,Kevin Pina,MF,Krasnodar,RUS,2025,2026-06-12,1495068,0,0,0,0,0,0,starter,rotation,47,47,transfermarkt_performance_game,https://tmapi.transfermarkt.technology/player/1495068/performance-game,0 club match rows from Transfermarkt performance-game API for season 2025.
Cabo Verde,7,Jovane Cabral,MF,Estrela Amadora,Primeira Liga,2025,2026-06-12,448466,35,27,17,1679,7,1,starter,rotation,47,48,transfermarkt_performance_game,https://tmapi.transfermarkt.technology/player/448466/performance-game,35 club match rows from Transfermarkt performance-game API for season 2025.
Cabo Verde,8,João Paulo,MF,FCSB,ROU,2025,2026-06-12,623965,46,38,32,2923,3,3,starter,starter,69,77,transfermarkt_performance_game,https://tmapi.transfermarkt.technology/player/623965/performance-game,46 club match rows from Transfermarkt performance-game API for season 2025.
Cabo Verde,9,Gilson Benchimol,FW,Akron Tolyatti,RUS,2025,2026-06-12,820252,38,26,17,1479,12,1,starter,rotation,45,45,transfermarkt_performance_game,https://tmapi.transfermarkt.technology/player/820252/performance-game,38 club match rows from Transfermarkt performance-game API for season 2025.
Cabo Verde,10,Jamiro Monteiro,MF,PEC Zwolle,Eredivisie,2025,2026-06-12,272930,36,23,19,1456,2,3,starter,rotation,46,45,transfermarkt_performance_game,https://tmapi.transfermarkt.technology/player/272930/performance-game,36 club match rows from Transfermarkt performance-game API for season 2025.
Cabo Verde,11,Garry Rodrigues,MF,Apollon Limassol,CYP,2025,2026-06-12,170895,42,36,28,2292,6,8,rotation,rotation,60,68,transfermarkt_performance_game,https://tmapi.transfermarkt.technology/player/170895/performance-game,42 club match rows from Transfermarkt performance-game API for season 2025.
Cabo Verde,12,Márcio Rosa,GK,Montana,BUL,2025,2026-06-12,398048,39,20,20,1800,0,0,reserve,reserve,33,40,transfermarkt_performance_game,https://tmapi.transfermarkt.technology/player/398048/performance-game,39 club match rows from Transfermarkt performance-game API for season 2025.
Cabo Verde,13,Sidny Lopes Cabral,DF,Benfica,Primeira Liga,2025,2026-06-12,611855,41,28,19,1833,6,6,rotation,rotation,51,57,transfermarkt_performance_game,https://tmapi.transfermarkt.technology/player/611855/performance-game,41 club match rows from Transfermarkt performance-game API for season 2025.
Cabo Verde,14,Deroy Duarte,MF,Ludogorets Razgrad,BUL,2025,2026-06-12,432852,61,56,45,4010,3,3,rotation,starter,68,81,transfermarkt_performance_game,https://tmapi.transfermarkt.technology/player/432852/performance-game,61 club match rows from Transfermarkt performance-game API for season 2025.
Cabo Verde,15,Laros Duarte,MF,Puskás Akadémia,HUN,2025,2026-06-12,258513,36,33,31,2709,0,6,rotation,rotation,60,71,transfermarkt_performance_game,https://tmapi.transfermarkt.technology/player/258513/performance-game,36 club match rows from Transfermarkt performance-game API for season 2025.
Cabo Verde,16,Yannick Semedo,MF,Farense,Primeira Liga,2025,2026-06-12,620307,40,31,25,2148,0,3,rotation,rotation,50,58,transfermarkt_performance_game,https://tmapi.transfermarkt.technology/player/620307/performance-game,40 club match rows from Transfermarkt performance-game API for season 2025.
Cabo Verde,17,Willy Semedo,MF,Omonia,CYP,2025,2026-06-12,531450,52,43,39,3288,22,11,squad,starter,70,86,transfermarkt_performance_game,https://tmapi.transfermarkt.technology/player/531450/performance-game,52 club match rows from Transfermarkt performance-game API for season 2025.
Cabo Verde,18,Telmo Arcanjo,MF,Vitória de Guimarães,Primeira Liga,2025,2026-06-12,791528,40,34,14,1451,2,0,squad,rotation,39,43,transfermarkt_performance_game,https://tmapi.transfermarkt.technology/player/791528/performance-game,40 club match rows from Transfermarkt performance-game API for season 2025.
Cabo Verde,19,Dailon Livramento,FW,Casa Pia,Primeira Liga,2025,2026-06-12,676411,38,29,12,1174,0,1,starter,reserve,37,35,transfermarkt_performance_game,https://tmapi.transfermarkt.technology/player/676411/performance-game,38 club match rows from Transfermarkt performance-game API for season 2025.
Cabo Verde,20,Ryan Mendes,FW,Iğdır,TUR,2025,2026-06-12,111627,44,37,26,2309,5,2,starter,rotation,64,66,transfermarkt_performance_game,https://tmapi.transfermarkt.technology/player/111627/performance-game,44 club match rows from Transfermarkt performance-game API for season 2025.
Cabo Verde,21,Nuno da Costa,MF,İstanbul Başakşehir,TUR,2025,2026-06-12,306166,44,35,14,1383,6,3,squad,reserve,36,42,transfermarkt_performance_game,https://tmapi.transfermarkt.technology/player/306166/performance-game,44 club match rows from Transfermarkt performance-game API for season 2025.
Cabo Verde,22,Steven Moreira,DF,Columbus Crew,MLS,2025,2026-06-12,203517,18,15,14,1211,0,0,rotation,reserve,32,32,transfermarkt_performance_game,https://tmapi.transfermarkt.technology/player/203517/performance-game,18 club match rows from Transfermarkt performance-game API for season 2025.
Cabo Verde,23,CJ dos Santos,GK,San Diego FC,MLS,2025,2026-06-12,532096,19,2,2,180,0,0,reserve,reserve,7,4,transfermarkt_performance_game,https://tmapi.transfermarkt.technology/player/532096/performance-game,19 club match rows from Transfermarkt performance-game API for season 2025.
Cabo Verde,24,Wagner Pina,DF,Trabzonspor,TUR,2025,2026-06-12,1072017,43,40,35,3132,0,9,rotation,starter,78,88,transfermarkt_performance_game,https://tmapi.transfermarkt.technology/player/1072017/performance-game,43 club match rows from Transfermarkt performance-game API for season 2025.
Cabo Verde,25,Kelvin Pires,DF,SJK,FIN,2025,2026-06-12,662119,21,12,11,960,1,0,rotation,reserve,26,25,transfermarkt_performance_game,https://tmapi.transfermarkt.technology/player/662119/performance-game,21 club match rows from Transfermarkt performance-game API for season 2025.
Cabo Verde,26,Hélio Varela,MF,Maccabi Tel Aviv,ISR,2025,2026-06-12,840836,53,45,32,2834,6,3,squad,rotation,64,78,transfermarkt_performance_game,https://tmapi.transfermarkt.technology/player/840836/performance-game,53 club match rows from Transfermarkt performance-game API for season 2025.
Saudi Arabia,1,Nawaf Al-Aqidi,GK,Al-Nassr,Saudi Pro League,2025,2026-06-12,886183,49,12,12,1050,0,1,starter,reserve,31,26,transfermarkt_performance_game,https://tmapi.transfermarkt.technology/player/886183/performance-game,49 club match rows from Transfermarkt performance-game API for season 2025.
Saudi Arabia,2,Ali Majrashi,DF,Al-Ahli,Saudi Pro League,2025,2026-06-12,672391,53,43,38,3208,1,5,starter,starter,73,83,transfermarkt_performance_game,https://tmapi.transfermarkt.technology/player/672391/performance-game,53 club match rows from Transfermarkt performance-game API for season 2025.
Saudi Arabia,3,Ali Lajami,DF,Al-Hilal,Saudi Pro League,2025,2026-06-12,264909,48,38,11,1184,0,0,starter,reserve,38,35,transfermarkt_performance_game,https://tmapi.transfermarkt.technology/player/264909/performance-game,48 club match rows from Transfermarkt performance-game API for season 2025.
Saudi Arabia,4,Abdulelah Al-Amri,DF,Al-Nassr,Saudi Pro League,2025,2026-06-12,509894,49,36,30,2730,4,3,starter,starter,70,77,transfermarkt_performance_game,https://tmapi.transfermarkt.technology/player/509894/performance-game,49 club match rows from Transfermarkt performance-game API for season 2025.
Saudi Arabia,5,Hassan Al-Tambakti,DF,Al-Hilal,Saudi Pro League,2025,2026-06-12,,0,0,0,0,0,0,starter,rotation,52,52,no_transfermarkt_player_match,,"No matched Transfermarkt player URL; role score uses squad role, market value, caps and availability only."
Saudi Arabia,6,Nasser Al-Dawsari,MF,Al-Hilal,Saudi Pro League,2025,2026-06-12,509911,48,37,21,2077,1,2,starter,rotation,55,57,transfermarkt_performance_game,https://tmapi.transfermarkt.technology/player/509911/performance-game,48 club match rows from Transfermarkt performance-game API for season 2025.
Saudi Arabia,7,Musab Al-Juwayr,MF,Al-Qadsiah,Saudi Pro League,2025,2026-06-12,901181,38,35,31,2728,7,12,starter,starter,76,80,transfermarkt_performance_game,https://tmapi.transfermarkt.technology/player/901181/performance-game,38 club match rows from Transfermarkt performance-game API for season 2025.
Saudi Arabia,8,Ayman Yahya,FW,Al-Nassr,Saudi Pro League,2025,2026-06-12,735815,49,39,22,1951,3,2,starter,rotation,53,56,transfermarkt_performance_game,https://tmapi.transfermarkt.technology/player/735815/performance-game,49 club match rows from Transfermarkt performance-game API for season 2025.
Saudi Arabia,9,Firas Al-Buraikan,FW,Al-Ahli,Saudi Pro League,2025,2026-06-12,631922,53,51,24,2576,8,1,starter,starter,71,73,transfermarkt_performance_game,https://tmapi.transfermarkt.technology/player/631922/performance-game,53 club match rows from Transfermarkt performance-game API for season 2025.
Saudi Arabia,10,Salem Al-Dawsari,FW,Al-Hilal,Saudi Pro League,2025,2026-06-12,195332,48,35,28,2447,10,10,starter,starter,69,73,transfermarkt_performance_game,https://tmapi.transfermarkt.technology/player/195332/performance-game,48 club match rows from Transfermarkt performance-game API for season 2025.
Saudi Arabia,11,Saleh Al-Shehri,FW,Al-Ittihad,Saudi Pro League,2025,2026-06-12,242267,49,25,6,650,4,2,starter,reserve,32,25,transfermarkt_performance_game,https://tmapi.transfermarkt.technology/player/242267/performance-game,49 club match rows from Transfermarkt performance-game API for season 2025.
Saudi Arabia,12,Saud Abdulhamid,DF,Lens,Ligue 1,2025,2026-06-12,631927,40,31,20,1838,3,8,rotation,rotation,67,66,transfermarkt_performance_game,https://tmapi.transfermarkt.technology/player/631927/performance-game,40 club match rows from Transfermarkt performance-game API for season 2025.
Saudi Arabia,13,Nawaf Boushal,DF,Al-Nassr,Saudi Pro League,2025,2026-06-12,821377,49,46,31,2870,0,8,rotation,starter,69,82,transfermarkt_performance_game,https://tmapi.transfermarkt.technology/player/821377/performance-game,49 club match rows from Transfermarkt performance-game API for season 2025.
Saudi Arabia,14,Hassan Kadesh,DF,Al-Ittihad,Saudi Pro League,2025,2026-06-12,260859,49,35,34,2957,1,1,rotation,rotation,63,76,transfermarkt_performance_game,https://tmapi.transfermarkt.technology/player/260859/performance-game,49 club match rows from Transfermarkt performance-game API for season 2025.
Saudi Arabia,15,Abdullah Al-Khaibari,MF,Al-Nassr,Saudi Pro League,2025,2026-06-12,437903,49,45,22,2451,1,1,starter,rotation,60,64,transfermarkt_performance_game,https://tmapi.transfermarkt.technology/player/437903/performance-game,49 club match rows from Transfermarkt performance-game API for season 2025.
Saudi Arabia,16,Ziyad Al-Johani,MF,Al-Ahli,Saudi Pro League,2025,2026-06-12,901079,53,38,25,2182,1,1,starter,rotation,54,59,transfermarkt_performance_game,https://tmapi.transfermarkt.technology/player/901079/performance-game,53 club match rows from Transfermarkt performance-game API for season 2025.
Saudi Arabia,17,Khalid Al-Ghannam,FW,Al-Ettifaq,Saudi Pro League,2025,2026-06-12,631923,35,33,26,2261,13,7,rotation,rotation,57,66,transfermarkt_performance_game,https://tmapi.transfermarkt.technology/player/631923/performance-game,35 club match rows from Transfermarkt performance-game API for season 2025.
Saudi Arabia,18,Alaa Al-Hejji,MF,Neom,Saudi Pro League,2025,2026-06-12,,0,0,0,0,0,0,rotation,reserve,28,28,no_transfermarkt_player_match,,"No matched Transfermarkt player URL; role score uses squad role, market value, caps and availability only."
Saudi Arabia,19,Abdullah Al-Hamdan,FW,Al-Nassr,Saudi Pro League,2025,2026-06-12,68626,48,35,10,935,6,3,rotation,reserve,35,34,transfermarkt_performance_game,https://tmapi.transfermarkt.technology/player/68626/performance-game,48 club match rows from Transfermarkt performance-game API for season 2025.
Saudi Arabia,20,Sultan Mandash,FW,Al-Hilal,Saudi Pro League,2025,2026-06-12,210349,41,35,18,1732,8,6,rotation,rotation,44,51,transfermarkt_performance_game,https://tmapi.transfermarkt.technology/player/210349/performance-game,41 club match rows from Transfermarkt performance-game API for season 2025.
Saudi Arabia,21,Mohammed Al-Owais,GK,Al-Ula,Saudi Pro League,2025,2026-06-12,262845,36,35,35,3210,0,0,reserve,rotation,60,73,transfermarkt_performance_game,https://tmapi.transfermarkt.technology/player/262845/performance-game,36 club match rows from Transfermarkt performance-game API for season 2025.
Saudi Arabia,22,Ahmed Al-Kassar,GK,Al-Qadsiah,Saudi Pro League,2025,2026-06-12,177956,38,3,2,205,0,0,reserve,reserve,8,5,transfermarkt_performance_game,https://tmapi.transfermarkt.technology/player/177956/performance-game,38 club match rows from Transfermarkt performance-game API for season 2025.
Saudi Arabia,23,Mohamed Kanno,MF,Al-Hilal,Saudi Pro League,2025,2026-06-12,308120,48,44,35,3006,5,6,rotation,starter,73,84,transfermarkt_performance_game,https://tmapi.transfermarkt.technology/player/308120/performance-game,48 club match rows from Transfermarkt performance-game API for season 2025.
Saudi Arabia,24,Moteb Al-Harbi,DF,Al-Hilal,Saudi Pro League,2025,2026-06-12,869509,48,39,27,2427,2,2,rotation,rotation,57,67,transfermarkt_performance_game,https://tmapi.transfermarkt.technology/player/869509/performance-game,48 club match rows from Transfermarkt performance-game API for season 2025.
Saudi Arabia,25,Jehad Thakri,DF,Al-Qadsiah,Saudi Pro League,2025,2026-06-12,901334,38,27,18,1653,0,0,squad,rotation,38,43,transfermarkt_performance_game,https://tmapi.transfermarkt.technology/player/901334/performance-game,38 club match rows from Transfermarkt performance-game API for season 2025.
Saudi Arabia,26,Mohammed Abu Al-Shamat,DF,Al-Qadsiah,Saudi Pro League,2025,2026-06-12,1181852,38,34,31,2714,3,8,squad,rotation,63,77,transfermarkt_performance_game,https://tmapi.transfermarkt.technology/player/1181852/performance-game,38 club match rows from Transfermarkt performance-game API for season 2025.
Spain,1,David Raya,GK,Arsenal,Premier League,2025,2026-06-12,262749,63,51,51,4620,0,0,starter,starter,72,84,transfermarkt_performance_game,https://tmapi.transfermarkt.technology/player/262749/performance-game,63 club match rows from Transfermarkt performance-game API for season 2025.
Spain,2,Marc Pubill,DF,Atlético Madrid,La Liga,2025,2026-06-12,844637,61,36,29,2775,1,1,starter,rotation,66,76,transfermarkt_performance_game,https://tmapi.transfermarkt.technology/player/844637/performance-game,61 club match rows from Transfermarkt performance-game API for season 2025.
Spain,3,Álex Grimaldo,DF,Bayer Leverkusen,Bundesliga,2025,2026-06-12,,0,0,0,0,0,0,starter,rotation,44,44,no_transfermarkt_player_match,,"No matched Transfermarkt player URL; role score uses squad role, market value, caps and availability only."
Spain,4,Eric García,DF,Barcelona,La Liga,2025,2026-06-12,466794,57,51,47,3954,1,2,starter,starter,76,87,transfermarkt_performance_game,https://tmapi.transfermarkt.technology/player/466794/performance-game,57 club match rows from Transfermarkt performance-game API for season 2025.
Spain,5,Marcos Llorente,DF,Atlético Madrid,La Liga,2025,2026-06-12,282411,61,49,44,3861,4,6,starter,starter,78,91,transfermarkt_performance_game,https://tmapi.transfermarkt.technology/player/282411/performance-game,61 club match rows from Transfermarkt performance-game API for season 2025.
Spain,6,Mikel Merino,MF,Arsenal,Premier League,2025,2026-06-12,338424,63,34,20,1905,6,3,starter,rotation,56,59,transfermarkt_performance_game,https://tmapi.transfermarkt.technology/player/338424/performance-game,63 club match rows from Transfermarkt performance-game API for season 2025.
Spain,7,Ferran Torres,FW,Barcelona,La Liga,2025,2026-06-12,398184,57,49,31,2692,21,3,starter,starter,79,87,transfermarkt_performance_game,https://tmapi.transfermarkt.technology/player/398184/performance-game,57 club match rows from Transfermarkt performance-game API for season 2025.
Spain,8,Fabián Ruiz,MF,Paris Saint-Germain,Ligue 1,2025,2026-06-12,350219,56,34,24,2122,2,5,starter,rotation,59,63,transfermarkt_performance_game,https://tmapi.transfermarkt.technology/player/350219/performance-game,56 club match rows from Transfermarkt performance-game API for season 2025.
Spain,9,Gavi,MF,Barcelona,La Liga,2025,2026-06-12,646740,57,13,8,700,0,1,starter,reserve,29,22,transfermarkt_performance_game,https://tmapi.transfermarkt.technology/player/646740/performance-game,57 club match rows from Transfermarkt performance-game API for season 2025.
Spain,10,Dani Olmo,FW,Barcelona,La Liga,2025,2026-06-12,293385,57,49,31,2838,8,10,starter,starter,79,88,transfermarkt_performance_game,https://tmapi.transfermarkt.technology/player/293385/performance-game,57 club match rows from Transfermarkt performance-game API for season 2025.
Spain,11,Yéremy Pino,FW,Crystal Palace,Premier League,2025,2026-06-12,568157,57,53,41,3339,5,6,starter,starter,76,88,transfermarkt_performance_game,https://tmapi.transfermarkt.technology/player/568157/performance-game,57 club match rows from Transfermarkt performance-game API for season 2025.
Spain,12,Pedro Porro,DF,Tottenham Hotspur,Premier League,2025,2026-06-12,553875,52,47,45,3923,2,6,rotation,starter,76,92,transfermarkt_performance_game,https://tmapi.transfermarkt.technology/player/553875/performance-game,52 club match rows from Transfermarkt performance-game API for season 2025.
Spain,13,Joan Garcia,GK,Barcelona,La Liga,2025,2026-06-12,561613,57,45,45,4042,0,0,reserve,rotation,66,83,transfermarkt_performance_game,https://tmapi.transfermarkt.technology/player/561613/performance-game,57 club match rows from Transfermarkt performance-game API for season 2025.
Spain,14,Aymeric Laporte,DF,Athletic Bilbao,La Liga,2025,2026-06-12,176553,52,30,28,2434,0,2,rotation,rotation,60,69,transfermarkt_performance_game,https://tmapi.transfermarkt.technology/player/176553/performance-game,52 club match rows from Transfermarkt performance-game API for season 2025.
Spain,15,Álex Baena,MF,Atlético Madrid,La Liga,2025,2026-06-12,548111,61,46,28,2305,2,3,starter,rotation,64,70,transfermarkt_performance_game,https://tmapi.transfermarkt.technology/player/548111/performance-game,61 club match rows from Transfermarkt performance-game API for season 2025.
Spain,16,Rodri,MF,Manchester City,Premier League,2025,2026-06-12,357565,60,33,26,2185,2,0,rotation,rotation,59,65,transfermarkt_performance_game,https://tmapi.transfermarkt.technology/player/357565/performance-game,60 club match rows from Transfermarkt performance-game API for season 2025.
Spain,17,Nico Williams,FW,Athletic Bilbao,La Liga,2025,2026-06-12,709187,52,32,23,2101,6,7,starter,rotation,60,64,transfermarkt_performance_game,https://tmapi.transfermarkt.technology/player/709187/performance-game,52 club match rows from Transfermarkt performance-game API for season 2025.
Spain,18,Martín Zubimendi,MF,Arsenal,Premier League,2025,2026-06-12,423440,63,57,48,4299,6,3,rotation,starter,76,89,transfermarkt_performance_game,https://tmapi.transfermarkt.technology/player/423440/performance-game,63 club match rows from Transfermarkt performance-game API for season 2025.
Spain,19,Lamine Yamal,FW,Barcelona,La Liga,2025,2026-06-12,937958,57,45,42,3702,24,18,rotation,starter,88,97,transfermarkt_performance_game,https://tmapi.transfermarkt.technology/player/937958/performance-game,57 club match rows from Transfermarkt performance-game API for season 2025.
Spain,20,Pedri,MF,Barcelona,La Liga,2025,2026-06-12,683840,57,43,35,3094,2,12,rotation,starter,83,92,transfermarkt_performance_game,https://tmapi.transfermarkt.technology/player/683840/performance-game,57 club match rows from Transfermarkt performance-game API for season 2025.
Spain,21,Mikel Oyarzabal,FW,Real Sociedad,La Liga,2025,2026-06-12,351478,46,40,35,3195,18,4,rotation,starter,77,91,transfermarkt_performance_game,https://tmapi.transfermarkt.technology/player/351478/performance-game,46 club match rows from Transfermarkt performance-game API for season 2025.
Spain,22,Pau Cubarsí,DF,Barcelona,La Liga,2025,2026-06-12,962110,57,48,45,3978,1,0,rotation,starter,73,85,transfermarkt_performance_game,https://tmapi.transfermarkt.technology/player/962110/performance-game,57 club match rows from Transfermarkt performance-game API for season 2025.
Spain,23,Unai Simón,GK,Athletic Bilbao,La Liga,2025,2026-06-12,262396,52,46,46,4140,0,0,reserve,starter,70,85,transfermarkt_performance_game,https://tmapi.transfermarkt.technology/player/262396/performance-game,52 club match rows from Transfermarkt performance-game API for season 2025.
Spain,24,Marc Cucurella,DF,Chelsea,Premier League,2025,2026-06-12,284857,59,50,43,3871,1,4,rotation,starter,75,90,transfermarkt_performance_game,https://tmapi.transfermarkt.technology/player/284857/performance-game,59 club match rows from Transfermarkt performance-game API for season 2025.
Spain,25,Víctor Muñoz,FW,Osasuna,La Liga,2025,2026-06-12,935231,42,36,31,2766,7,5,rotation,rotation,65,79,transfermarkt_performance_game,https://tmapi.transfermarkt.technology/player/935231/performance-game,42 club match rows from Transfermarkt performance-game API for season 2025.
Spain,26,Borja Iglesias,FW,Celta Vigo,La Liga,2025,2026-06-12,278359,55,50,31,2710,18,3,rotation,rotation,67,83,transfermarkt_performance_game,https://tmapi.transfermarkt.technology/player/278359/performance-game,55 club match rows from Transfermarkt performance-game API for season 2025.
Uruguay,1,Sergio Rochet,GK,Internacional,Brasileirao,2025,2026-06-12,264014,31,17,17,1530,0,0,starter,rotation,38,36,transfermarkt_performance_game,https://tmapi.transfermarkt.technology/player/264014/performance-game,31 club match rows from Transfermarkt performance-game API for season 2025.
Uruguay,2,José María Giménez,DF,Atlético Madrid,La Liga,2025,2026-06-12,250845,61,25,16,1521,1,1,starter,rotation,52,48,transfermarkt_performance_game,https://tmapi.transfermarkt.technology/player/250845/performance-game,61 club match rows from Transfermarkt performance-game API for season 2025.
Uruguay,3,Sebastián Cáceres,DF,América,Liga MX,2025,2026-06-12,532389,44,34,33,2874,0,0,starter,rotation,64,73,transfermarkt_performance_game,https://tmapi.transfermarkt.technology/player/532389/performance-game,44 club match rows from Transfermarkt performance-game API for season 2025.
Uruguay,4,Ronald Araújo,DF,Barcelona,La Liga,2025,2026-06-12,480267,57,38,16,1615,4,0,starter,rotation,52,53,transfermarkt_performance_game,https://tmapi.transfermarkt.technology/player/480267/performance-game,57 club match rows from Transfermarkt performance-game API for season 2025.
Uruguay,5,Manuel Ugarte,MF,Manchester United,Premier League,2025,2026-06-12,476701,40,24,10,1005,0,0,starter,rotation,38,32,transfermarkt_performance_game,https://tmapi.transfermarkt.technology/player/476701/performance-game,40 club match rows from Transfermarkt performance-game API for season 2025.
Uruguay,6,Rodrigo Bentancur,MF,Tottenham Hotspur,Premier League,2025,2026-06-12,354362,52,34,31,2549,1,1,starter,starter,71,75,transfermarkt_performance_game,https://tmapi.transfermarkt.technology/player/354362/performance-game,52 club match rows from Transfermarkt performance-game API for season 2025.
Uruguay,7,Nicolás de la Cruz,MF,Flamengo,Brasileirao,2025,2026-06-12,397458,41,22,6,656,1,1,starter,reserve,29,22,transfermarkt_performance_game,https://tmapi.transfermarkt.technology/player/397458/performance-game,41 club match rows from Transfermarkt performance-game API for season 2025.
Uruguay,8,Federico Valverde,MF,Real Madrid,La Liga,2025,2026-06-12,369081,56,49,47,4158,9,13,starter,starter,96,99,transfermarkt_performance_game,https://tmapi.transfermarkt.technology/player/369081/performance-game,56 club match rows from Transfermarkt performance-game API for season 2025.
Uruguay,9,Darwin Núñez,FW,Al-Hilal,Saudi Pro League,2025,2026-06-12,546543,48,24,18,1667,9,5,starter,rotation,50,49,transfermarkt_performance_game,https://tmapi.transfermarkt.technology/player/546543/performance-game,48 club match rows from Transfermarkt performance-game API for season 2025.
Uruguay,10,Giorgian de Arrascaeta,MF,Flamengo,Brasileirao,2025,2026-06-12,248410,41,23,18,1519,9,5,rotation,rotation,48,49,transfermarkt_performance_game,https://tmapi.transfermarkt.technology/player/248410/performance-game,41 club match rows from Transfermarkt performance-game API for season 2025.
Uruguay,11,Facundo Pellistri,FW,Panathinaikos,GRE,2025,2026-06-12,676318,57,18,11,1084,0,2,starter,reserve,35,30,transfermarkt_performance_game,https://tmapi.transfermarkt.technology/player/676318/performance-game,57 club match rows from Transfermarkt performance-game API for season 2025.
Uruguay,12,Santiago Mele,GK,Monterrey,Liga MX,2025,2026-06-12,320739,42,20,20,1790,0,0,reserve,reserve,33,40,transfermarkt_performance_game,https://tmapi.transfermarkt.technology/player/320739/performance-game,42 club match rows from Transfermarkt performance-game API for season 2025.
Uruguay,13,Guillermo Varela,DF,Flamengo,Brasileirao,2025,2026-06-12,188862,41,24,18,1770,0,3,starter,rotation,47,49,transfermarkt_performance_game,https://tmapi.transfermarkt.technology/player/188862/performance-game,41 club match rows from Transfermarkt performance-game API for season 2025.
Uruguay,14,Agustín Canobbio,MF,Fluminense,Brasileirao,2025,2026-06-12,457533,36,26,26,2036,6,1,rotation,rotation,50,58,transfermarkt_performance_game,https://tmapi.transfermarkt.technology/player/457533/performance-game,36 club match rows from Transfermarkt performance-game API for season 2025.
Uruguay,15,Emiliano Martínez,MF,Palmeiras,Brasileirao,2025,2026-06-12,707447,38,17,9,757,0,0,rotation,reserve,24,22,transfermarkt_performance_game,https://tmapi.transfermarkt.technology/player/707447/performance-game,38 club match rows from Transfermarkt performance-game API for season 2025.
Uruguay,16,Mathías Olivera,DF,Napoli,Serie A,2025,2026-06-12,376514,50,33,20,1827,0,2,rotation,rotation,50,55,transfermarkt_performance_game,https://tmapi.transfermarkt.technology/player/376514/performance-game,50 club match rows from Transfermarkt performance-game API for season 2025.
Uruguay,17,Matías Viña,DF,River Plate,Argentine Primera Division,2025,2026-06-12,439072,31,14,10,887,0,0,rotation,reserve,28,26,transfermarkt_performance_game,https://tmapi.transfermarkt.technology/player/439072/performance-game,31 club match rows from Transfermarkt performance-game API for season 2025.
Uruguay,18,Brian Rodríguez,FW,América,Liga MX,2025,2026-06-12,465818,44,42,32,2761,13,8,starter,starter,71,80,transfermarkt_performance_game,https://tmapi.transfermarkt.technology/player/465818/performance-game,44 club match rows from Transfermarkt performance-game API for season 2025.
Uruguay,19,Rodrigo Aguirre,FW,UANL,Liga MX,2025,2026-06-12,189410,47,41,32,2639,9,3,starter,rotation,64,74,transfermarkt_performance_game,https://tmapi.transfermarkt.technology/player/189410/performance-game,47 club match rows from Transfermarkt performance-game API for season 2025.
Uruguay,20,Maximiliano Araújo,MF,Sporting CP,Primeira Liga,2025,2026-06-12,,0,0,0,0,0,0,rotation,reserve,38,38,no_transfermarkt_player_match,,"No matched Transfermarkt player URL; role score uses squad role, market value, caps and availability only."
Uruguay,21,Federico Viñas,FW,Oviedo,La Liga,2025,2026-06-12,578419,39,34,28,2507,9,1,rotation,rotation,59,71,transfermarkt_performance_game,https://tmapi.transfermarkt.technology/player/578419/performance-game,39 club match rows from Transfermarkt performance-game API for season 2025.
Uruguay,22,Joaquín Piquerez,MF,Palmeiras,Brasileirao,2025,2026-06-12,496268,38,16,13,1221,0,2,squad,reserve,32,33,transfermarkt_performance_game,https://tmapi.transfermarkt.technology/player/496268/performance-game,38 club match rows from Transfermarkt performance-game API for season 2025.
Uruguay,23,Fernando Muslera,GK,Estudiantes,Argentine Primera Division,2025,2026-06-12,58088,25,18,18,1575,0,0,reserve,reserve,38,40,transfermarkt_performance_game,https://tmapi.transfermarkt.technology/player/58088/performance-game,25 club match rows from Transfermarkt performance-game API for season 2025.
Uruguay,24,Santiago Bueno,DF,Wolverhampton Wanderers,Premier League,2025,2026-06-12,438001,44,34,33,3003,4,2,rotation,starter,70,86,transfermarkt_performance_game,https://tmapi.transfermarkt.technology/player/438001/performance-game,44 club match rows from Transfermarkt performance-game API for season 2025.
Uruguay,25,Juan Manuel Sanabria,MF,Real Salt Lake,MLS,2025,2026-06-12,446106,36,30,29,2617,2,9,squad,rotation,56,69,transfermarkt_performance_game,https://tmapi.transfermarkt.technology/player/446106/performance-game,36 club match rows from Transfermarkt performance-game API for season 2025.
Uruguay,26,Rodrigo Zalazar,MF,Braga,Primeira Liga,2025,2026-06-12,606752,61,47,39,3303,23,8,squad,starter,73,89,transfermarkt_performance_game,https://tmapi.transfermarkt.technology/player/606752/performance-game,61 club match rows from Transfermarkt performance-game API for season 2025.
France,1,Brice Samba,GK,Rennes,Ligue 1,2025,2026-06-12,191056,37,34,34,3060,0,0,starter,rotation,61,71,transfermarkt_performance_game,https://tmapi.transfermarkt.technology/player/191056/performance-game,37 club match rows from Transfermarkt performance-game API for season 2025.
France,2,Malo Gusto,DF,Chelsea,Premier League,2025,2026-06-12,620322,59,49,38,3305,3,5,starter,starter,79,92,transfermarkt_performance_game,https://tmapi.transfermarkt.technology/player/620322/performance-game,59 club match rows from Transfermarkt performance-game API for season 2025.
France,3,Lucas Digne,DF,Aston Villa,Premier League,2025,2026-06-12,126664,56,44,31,2771,0,7,starter,starter,76,86,transfermarkt_performance_game,https://tmapi.transfermarkt.technology/player/126664/performance-game,56 club match rows from Transfermarkt performance-game API for season 2025.
France,4,Dayot Upamecano,DF,Bayern Munich,Bundesliga,2025,2026-06-12,344695,55,42,39,3341,2,3,starter,starter,80,89,transfermarkt_performance_game,https://tmapi.transfermarkt.technology/player/344695/performance-game,55 club match rows from Transfermarkt performance-game API for season 2025.
France,5,Jules Koundé,DF,Barcelona,La Liga,2025,2026-06-12,411975,57,47,39,3529,3,4,starter,starter,83,93,transfermarkt_performance_game,https://tmapi.transfermarkt.technology/player/411975/performance-game,57 club match rows from Transfermarkt performance-game API for season 2025.
France,6,Manu Koné,MF,Roma,Serie A,2025,2026-06-12,624690,49,37,33,2758,2,3,starter,starter,70,78,transfermarkt_performance_game,https://tmapi.transfermarkt.technology/player/624690/performance-game,49 club match rows from Transfermarkt performance-game API for season 2025.
France,7,Ousmane Dembélé,FW,Paris Saint-Germain,Ligue 1,2025,2026-06-12,288230,56,40,25,2200,20,11,starter,starter,73,75,transfermarkt_performance_game,https://tmapi.transfermarkt.technology/player/288230/performance-game,56 club match rows from Transfermarkt performance-game API for season 2025.
France,8,Aurélien Tchouaméni,MF,Real Madrid,La Liga,2025,2026-06-12,413112,56,49,46,3941,2,2,starter,starter,80,87,transfermarkt_performance_game,https://tmapi.transfermarkt.technology/player/413112/performance-game,56 club match rows from Transfermarkt performance-game API for season 2025.
France,9,Marcus Thuram,FW,Inter Milan,Serie A,2025,2026-06-12,318528,54,44,35,2881,18,9,starter,starter,80,90,transfermarkt_performance_game,https://tmapi.transfermarkt.technology/player/318528/performance-game,54 club match rows from Transfermarkt performance-game API for season 2025.
France,10,Kylian Mbappé,FW,Real Madrid,La Liga,2025,2026-06-12,342229,56,44,40,3621,42,7,starter,starter,97,99,transfermarkt_performance_game,https://tmapi.transfermarkt.technology/player/342229/performance-game,56 club match rows from Transfermarkt performance-game API for season 2025.
France,11,Michael Olise,FW,Bayern Munich,Bundesliga,2025,2026-06-12,566723,55,52,42,4015,22,31,starter,starter,87,95,transfermarkt_performance_game,https://tmapi.transfermarkt.technology/player/566723/performance-game,55 club match rows from Transfermarkt performance-game API for season 2025.
France,12,Bradley Barcola,FW,Paris Saint-Germain,Ligue 1,2025,2026-06-12,708265,56,49,35,2971,13,7,rotation,starter,77,90,transfermarkt_performance_game,https://tmapi.transfermarkt.technology/player/708265/performance-game,56 club match rows from Transfermarkt performance-game API for season 2025.
France,13,N'Golo Kanté,MF,Fenerbahçe,TUR,2025,2026-06-12,225083,49,44,43,3787,4,1,starter,starter,73,81,transfermarkt_performance_game,https://tmapi.transfermarkt.technology/player/225083/performance-game,49 club match rows from Transfermarkt performance-game API for season 2025.
France,14,Adrien Rabiot,MF,Milan,Serie A,2025,2026-06-12,182913,42,33,32,2910,6,5,starter,starter,74,83,transfermarkt_performance_game,https://tmapi.transfermarkt.technology/player/182913/performance-game,42 club match rows from Transfermarkt performance-game API for season 2025.
France,15,Ibrahima Konaté,DF,Liverpool,Premier League,2025,2026-06-12,357119,57,51,49,4280,2,0,rotation,starter,73,87,transfermarkt_performance_game,https://tmapi.transfermarkt.technology/player/357119/performance-game,57 club match rows from Transfermarkt performance-game API for season 2025.
France,16,Mike Maignan,GK,Milan,Serie A,2025,2026-06-12,182906,42,41,41,3656,0,0,reserve,rotation,67,82,transfermarkt_performance_game,https://tmapi.transfermarkt.technology/player/182906/performance-game,42 club match rows from Transfermarkt performance-game API for season 2025.
France,17,William Saliba,DF,Arsenal,Premier League,2025,2026-06-12,495666,63,50,48,4254,1,1,rotation,starter,78,89,transfermarkt_performance_game,https://tmapi.transfermarkt.technology/player/495666/performance-game,63 club match rows from Transfermarkt performance-game API for season 2025.
France,18,Warren Zaïre-Emery,MF,Paris Saint-Germain,Ligue 1,2025,2026-06-12,810092,56,54,47,4224,3,5,rotation,starter,74,86,transfermarkt_performance_game,https://tmapi.transfermarkt.technology/player/810092/performance-game,56 club match rows from Transfermarkt performance-game API for season 2025.
France,19,Théo Hernandez,DF,Al-Hilal,Saudi Pro League,2025,2026-06-12,339808,48,44,42,3807,9,6,rotation,starter,73,86,transfermarkt_performance_game,https://tmapi.transfermarkt.technology/player/339808/performance-game,48 club match rows from Transfermarkt performance-game API for season 2025.
France,20,Désiré Doué,FW,Paris Saint-Germain,Ligue 1,2025,2026-06-12,914562,56,41,29,2558,13,11,rotation,starter,72,81,transfermarkt_performance_game,https://tmapi.transfermarkt.technology/player/914562/performance-game,56 club match rows from Transfermarkt performance-game API for season 2025.
France,21,Lucas Hernandez,DF,Paris Saint-Germain,Ligue 1,2025,2026-06-12,281963,56,36,21,2071,0,3,rotation,rotation,54,61,transfermarkt_performance_game,https://tmapi.transfermarkt.technology/player/281963/performance-game,56 club match rows from Transfermarkt performance-game API for season 2025.
France,22,Jean-Philippe Mateta,FW,Crystal Palace,Premier League,2025,2026-06-12,420002,60,50,39,3400,16,3,rotation,starter,73,90,transfermarkt_performance_game,https://tmapi.transfermarkt.technology/player/420002/performance-game,60 club match rows from Transfermarkt performance-game API for season 2025.
France,23,Robin Risser,GK,Lens,Ligue 1,2025,2026-06-12,743515,40,38,38,3420,0,1,reserve,rotation,63,80,transfermarkt_performance_game,https://tmapi.transfermarkt.technology/player/743515/performance-game,40 club match rows from Transfermarkt performance-game API for season 2025.
France,24,Rayan Cherki,MF,Manchester City,Premier League,2025,2026-06-12,607223,60,52,30,2854,10,15,rotation,starter,76,89,transfermarkt_performance_game,https://tmapi.transfermarkt.technology/player/607223/performance-game,60 club match rows from Transfermarkt performance-game API for season 2025.
France,25,Maghnes Akliouche,MF,Monaco,Ligue 1,2025,2026-06-12,745200,47,43,40,3425,7,11,rotation,starter,73,88,transfermarkt_performance_game,https://tmapi.transfermarkt.technology/player/745200/performance-game,47 club match rows from Transfermarkt performance-game API for season 2025.
France,26,Maxence Lacroix,DF,Crystal Palace,Premier League,2025,2026-06-12,434224,60,55,55,4842,3,3,squad,starter,73,90,transfermarkt_performance_game,https://tmapi.transfermarkt.technology/player/434224/performance-game,60 club match rows from Transfermarkt performance-game API for season 2025.
Iraq,1,Fahad Talib,GK,Al-Talaba,IRQ,2025,2026-06-12,377268,38,28,28,2465,0,0,starter,rotation,53,56,transfermarkt_performance_game,https://tmapi.transfermarkt.technology/player/377268/performance-game,38 club match rows from Transfermarkt performance-game API for season 2025.
Iraq,2,Rebin Sulaka,DF,Port,THA,2025,2026-06-12,217073,37,28,25,2189,0,1,starter,rotation,56,59,transfermarkt_performance_game,https://tmapi.transfermarkt.technology/player/217073/performance-game,37 club match rows from Transfermarkt performance-game API for season 2025.
Iraq,3,Hussein Ali,DF,Pogoń Szczecin,POL,2025,2026-06-12,585325,29,16,6,515,2,0,starter,reserve,26,19,transfermarkt_performance_game,https://tmapi.transfermarkt.technology/player/585325/performance-game,29 club match rows from Transfermarkt performance-game API for season 2025.
Iraq,4,Zaid Tahseen,DF,Pakhtakor,UZB,2025,2026-06-12,931147,15,8,7,623,1,0,starter,reserve,27,19,transfermarkt_performance_game,https://tmapi.transfermarkt.technology/player/931147/performance-game,15 club match rows from Transfermarkt performance-game API for season 2025.
Iraq,5,Akam Hashim,DF,Al-Zawraa,IRQ,2025,2026-06-12,,0,0,0,0,0,0,starter,rotation,43,43,no_transfermarkt_player_match,,"No matched Transfermarkt player URL; role score uses squad role, market value, caps and availability only."
Iraq,6,Manaf Younis,DF,Al-Shorta,IRQ,2025,2026-06-12,945266,46,33,30,2583,1,0,rotation,rotation,59,68,transfermarkt_performance_game,https://tmapi.transfermarkt.technology/player/945266/performance-game,46 club match rows from Transfermarkt performance-game API for season 2025.
Iraq,7,Youssef Amyn,MF,AEK Larnaca,CYP,2025,2026-06-12,684307,51,17,7,710,2,2,starter,reserve,29,23,transfermarkt_performance_game,https://tmapi.transfermarkt.technology/player/684307/performance-game,51 club match rows from Transfermarkt performance-game API for season 2025.
Iraq,8,Ibrahim Bayesh,MF,Al Dhafra,UAE,2025,2026-06-12,560957,33,22,20,1681,1,0,starter,rotation,51,48,transfermarkt_performance_game,https://tmapi.transfermarkt.technology/player/560957/performance-game,33 club match rows from Transfermarkt performance-game API for season 2025.
Iraq,9,Ali Al-Hamadi,FW,Luton Town,Premier League,2025,2026-06-12,610581,55,16,3,542,1,1,starter,reserve,29,19,transfermarkt_performance_game,https://tmapi.transfermarkt.technology/player/610581/performance-game,55 club match rows from Transfermarkt performance-game API for season 2025.
Iraq,10,Mohanad Ali,FW,Dibba,UAE,2025,2026-06-12,589646,30,21,16,1422,7,1,starter,rotation,50,44,transfermarkt_performance_game,https://tmapi.transfermarkt.technology/player/589646/performance-game,30 club match rows from Transfermarkt performance-game API for season 2025.
Iraq,11,Ahmed Qasem,FW,Nashville SC,MLS,2025,2026-06-12,833817,22,20,11,960,2,1,starter,rotation,44,33,transfermarkt_performance_game,https://tmapi.transfermarkt.technology/player/833817/performance-game,22 club match rows from Transfermarkt performance-game API for season 2025.
Iraq,12,Jalal Hassan,GK,Al-Zawraa,IRQ,2025,2026-06-12,206782,46,26,26,2260,0,0,reserve,rotation,50,55,transfermarkt_performance_game,https://tmapi.transfermarkt.technology/player/206782/performance-game,46 club match rows from Transfermarkt performance-game API for season 2025.
Iraq,13,Ali Yousif,FW,Al-Talaba,IRQ,2025,2026-06-12,576265,38,20,7,760,3,1,starter,reserve,27,23,transfermarkt_performance_game,https://tmapi.transfermarkt.technology/player/576265/performance-game,38 club match rows from Transfermarkt performance-game API for season 2025.
Iraq,14,Zidane Iqbal,MF,Utrecht,Eredivisie,2025,2026-06-12,686845,74,18,10,864,0,1,starter,reserve,34,27,transfermarkt_performance_game,https://tmapi.transfermarkt.technology/player/686845/performance-game,74 club match rows from Transfermarkt performance-game API for season 2025.
Iraq,15,Ahmed Maknzi,DF,Al-Karma,IRQ,2025,2026-06-12,881506,39,23,19,1667,5,5,rotation,rotation,45,51,transfermarkt_performance_game,https://tmapi.transfermarkt.technology/player/881506/performance-game,39 club match rows from Transfermarkt performance-game API for season 2025.
Iraq,16,Amir Al-Ammari,MF,Cracovia,POL,2025,2026-06-12,303766,36,34,30,2597,1,4,starter,rotation,67,71,transfermarkt_performance_game,https://tmapi.transfermarkt.technology/player/303766/performance-game,36 club match rows from Transfermarkt performance-game API for season 2025.
Iraq,17,Ali Jasim,FW,Al-Najma,Saudi Pro League,2025,2026-06-12,877672,38,26,20,1753,4,1,rotation,rotation,45,49,transfermarkt_performance_game,https://tmapi.transfermarkt.technology/player/877672/performance-game,38 club match rows from Transfermarkt performance-game API for season 2025.
Iraq,18,Aymen Hussein,FW,Al-Karma,IRQ,2025,2026-06-12,401054,39,18,11,901,9,1,rotation,reserve,37,32,transfermarkt_performance_game,https://tmapi.transfermarkt.technology/player/401054/performance-game,39 club match rows from Transfermarkt performance-game API for season 2025.
Iraq,19,Kevin Yakob,MF,AGF,DEN,2025,2026-06-12,413268,39,33,22,1899,4,3,rotation,rotation,49,54,transfermarkt_performance_game,https://tmapi.transfermarkt.technology/player/413268/performance-game,39 club match rows from Transfermarkt performance-game API for season 2025.
Iraq,20,Aimar Sher,MF,Sarpsborg 08,NOR,2025,2026-06-12,579294,13,11,10,911,1,1,rotation,reserve,30,26,transfermarkt_performance_game,https://tmapi.transfermarkt.technology/player/579294/performance-game,13 club match rows from Transfermarkt performance-game API for season 2025.
Iraq,21,Marko Farji,FW,Venezia,Serie A,2025,2026-06-12,663153,21,3,0,95,0,0,rotation,reserve,16,6,transfermarkt_performance_game,https://tmapi.transfermarkt.technology/player/663153/performance-game,21 club match rows from Transfermarkt performance-game API for season 2025.
Iraq,22,Ahmed Basil,GK,Al-Shorta,IRQ,2025,2026-06-12,560952,46,32,32,2821,0,0,reserve,rotation,52,64,transfermarkt_performance_game,https://tmapi.transfermarkt.technology/player/560952/performance-game,46 club match rows from Transfermarkt performance-game API for season 2025.
Iraq,23,Merchas Doski,DF,Viktoria Plzeň,CZE,2025,2026-06-12,530527,52,42,31,2870,1,4,rotation,starter,72,81,transfermarkt_performance_game,https://tmapi.transfermarkt.technology/player/530527/performance-game,52 club match rows from Transfermarkt performance-game API for season 2025.
Iraq,24,Zaid Ismail,MF,Al-Talaba,IRQ,2025,2026-06-12,1132850,38,30,30,2614,4,3,rotation,rotation,58,68,transfermarkt_performance_game,https://tmapi.transfermarkt.technology/player/1132850/performance-game,38 club match rows from Transfermarkt performance-game API for season 2025.
Iraq,25,Mustafa Saadoon,DF,Al-Shorta,IRQ,2025,2026-06-12,952341,46,33,30,2391,2,3,rotation,rotation,58,68,transfermarkt_performance_game,https://tmapi.transfermarkt.technology/player/952341/performance-game,46 club match rows from Transfermarkt performance-game API for season 2025.
Iraq,26,Frans Putros,DF,Persib,IDN,2025,2026-06-12,166460,43,36,31,2822,2,2,squad,rotation,62,76,transfermarkt_performance_game,https://tmapi.transfermarkt.technology/player/166460/performance-game,43 club match rows from Transfermarkt performance-game API for season 2025.
Norway,1,Ørjan Nyland,GK,Sevilla,La Liga,2025,2026-06-12,73517,41,7,7,630,0,0,starter,reserve,28,18,transfermarkt_performance_game,https://tmapi.transfermarkt.technology/player/73517/performance-game,41 club match rows from Transfermarkt performance-game API for season 2025.
Norway,2,Morten Thorsby,MF,Cremonese,Serie A,2025,2026-06-12,226524,41,25,16,1398,3,2,starter,rotation,42,42,transfermarkt_performance_game,https://tmapi.transfermarkt.technology/player/226524/performance-game,41 club match rows from Transfermarkt performance-game API for season 2025.
Norway,3,Kristoffer Ajer,DF,Brentford,Premier League,2025,2026-06-12,328658,45,31,24,2138,0,2,starter,rotation,59,63,transfermarkt_performance_game,https://tmapi.transfermarkt.technology/player/328658/performance-game,45 club match rows from Transfermarkt performance-game API for season 2025.
Norway,4,Leo Østigård,DF,Genoa,Serie A,2025,2026-06-12,367284,41,31,30,2644,5,1,starter,starter,69,77,transfermarkt_performance_game,https://tmapi.transfermarkt.technology/player/367284/performance-game,41 club match rows from Transfermarkt performance-game API for season 2025.
Norway,5,David Møller Wolfe,DF,Wolverhampton Wanderers,Premier League,2025,2026-06-12,661427,46,26,14,1320,2,3,starter,rotation,43,43,transfermarkt_performance_game,https://tmapi.transfermarkt.technology/player/661427/performance-game,46 club match rows from Transfermarkt performance-game API for season 2025.
Norway,6,Patrick Berg,MF,Bodø/Glimt,NOR,2025,2026-06-12,308439,30,29,29,2700,1,4,starter,rotation,63,69,transfermarkt_performance_game,https://tmapi.transfermarkt.technology/player/308439/performance-game,30 club match rows from Transfermarkt performance-game API for season 2025.
Norway,7,Alexander Sørloth,FW,Atlético Madrid,La Liga,2025,2026-06-12,238407,61,54,26,2816,20,1,starter,starter,77,85,transfermarkt_performance_game,https://tmapi.transfermarkt.technology/player/238407/performance-game,61 club match rows from Transfermarkt performance-game API for season 2025.
Norway,8,Sander Berge,MF,Fulham,Premier League,2025,2026-06-12,333014,45,39,35,3014,0,1,starter,starter,76,85,transfermarkt_performance_game,https://tmapi.transfermarkt.technology/player/333014/performance-game,45 club match rows from Transfermarkt performance-game API for season 2025.
Norway,9,Erling Haaland,FW,Manchester City,Premier League,2025,2026-06-12,418560,60,52,48,4144,38,9,starter,starter,94,98,transfermarkt_performance_game,https://tmapi.transfermarkt.technology/player/418560/performance-game,60 club match rows from Transfermarkt performance-game API for season 2025.
Norway,10,Martin Ødegaard,MF,Arsenal,Premier League,2025,2026-06-12,316264,63,36,23,1984,1,8,starter,rotation,61,63,transfermarkt_performance_game,https://tmapi.transfermarkt.technology/player/316264/performance-game,63 club match rows from Transfermarkt performance-game API for season 2025.
Norway,11,Jørgen Strand Larsen,FW,Crystal Palace,Premier League,2025,2026-06-12,429983,51,48,32,2961,10,3,starter,starter,77,87,transfermarkt_performance_game,https://tmapi.transfermarkt.technology/player/429983/performance-game,51 club match rows from Transfermarkt performance-game API for season 2025.
Norway,12,Sander Tangvik,GK,Hamburger SV,Bundesliga,2025,2026-06-12,549378,24,8,8,750,0,0,reserve,reserve,16,17,transfermarkt_performance_game,https://tmapi.transfermarkt.technology/player/549378/performance-game,24 club match rows from Transfermarkt performance-game API for season 2025.
Norway,13,Egil Selvik,GK,Watford,Premier League,2025,2026-06-12,380744,48,41,41,3645,0,0,reserve,rotation,63,81,transfermarkt_performance_game,https://tmapi.transfermarkt.technology/player/380744/performance-game,48 club match rows from Transfermarkt performance-game API for season 2025.
Norway,14,Fredrik Aursnes,MF,Benfica,Primeira Liga,2025,2026-06-12,223367,55,49,46,4091,4,8,rotation,starter,70,85,transfermarkt_performance_game,https://tmapi.transfermarkt.technology/player/223367/performance-game,55 club match rows from Transfermarkt performance-game API for season 2025.
Norway,15,Fredrik André Bjørkan,DF,Bodø/Glimt,NOR,2025,2026-06-12,,0,0,0,0,0,0,starter,rotation,44,44,no_transfermarkt_player_match,,"No matched Transfermarkt player URL; role score uses squad role, market value, caps and availability only."
Norway,16,Marcus Holmgren Pedersen,DF,Torino,Serie A,2025,2026-06-12,,0,0,0,0,0,0,rotation,reserve,35,35,no_transfermarkt_player_match,,"No matched Transfermarkt player URL; role score uses squad role, market value, caps and availability only."
Norway,17,Torbjørn Heggem,DF,Bologna,Serie A,2025,2026-06-12,464469,58,39,33,2961,0,0,rotation,rotation,65,79,transfermarkt_performance_game,https://tmapi.transfermarkt.technology/player/464469/performance-game,58 club match rows from Transfermarkt performance-game API for season 2025.
Norway,18,Kristian Thorstvedt,MF,Sassuolo,Serie A,2025,2026-06-12,564785,40,33,27,2479,4,4,rotation,rotation,60,70,transfermarkt_performance_game,https://tmapi.transfermarkt.technology/player/564785/performance-game,40 club match rows from Transfermarkt performance-game API for season 2025.
Norway,19,Thelo Aasgaard,MF,Rangers,SCO,2025,2026-06-12,647384,58,48,28,2502,8,5,rotation,rotation,58,71,transfermarkt_performance_game,https://tmapi.transfermarkt.technology/player/647384/performance-game,58 club match rows from Transfermarkt performance-game API for season 2025.
Norway,20,Antonio Nusa,FW,RB Leipzig,Bundesliga,2025,2026-06-12,894914,38,35,28,2325,5,4,starter,rotation,63,69,transfermarkt_performance_game,https://tmapi.transfermarkt.technology/player/894914/performance-game,38 club match rows from Transfermarkt performance-game API for season 2025.
Norway,21,Andreas Schjelderup,MF,Benfica,Primeira Liga,2025,2026-06-12,670103,55,43,29,2550,10,7,rotation,rotation,64,76,transfermarkt_performance_game,https://tmapi.transfermarkt.technology/player/670103/performance-game,55 club match rows from Transfermarkt performance-game API for season 2025.
Norway,22,Oscar Bobb,MF,Fulham,Premier League,2025,2026-06-12,661207,53,31,17,1485,0,1,squad,rotation,40,45,transfermarkt_performance_game,https://tmapi.transfermarkt.technology/player/661207/performance-game,53 club match rows from Transfermarkt performance-game API for season 2025.
Norway,23,Jens Petter Hauge,MF,Bodø/Glimt,NOR,2025,2026-06-12,422355,30,29,28,2373,8,9,squad,rotation,55,67,transfermarkt_performance_game,https://tmapi.transfermarkt.technology/player/422355/performance-game,30 club match rows from Transfermarkt performance-game API for season 2025.
Norway,24,Sondre Langås,DF,Derby County,Premier League,2025,2026-06-12,737837,50,26,23,2091,3,1,rotation,rotation,50,60,transfermarkt_performance_game,https://tmapi.transfermarkt.technology/player/737837/performance-game,50 club match rows from Transfermarkt performance-game API for season 2025.
Norway,25,Henrik Falchener,DF,Viking,NOR,2025,2026-06-12,743088,17,16,15,1317,2,1,rotation,reserve,33,36,transfermarkt_performance_game,https://tmapi.transfermarkt.technology/player/743088/performance-game,17 club match rows from Transfermarkt performance-game API for season 2025.
Norway,26,Julian Ryerson,FW,Borussia Dortmund,Bundesliga,2025,2026-06-12,370789,47,42,34,3067,0,18,rotation,starter,75,89,transfermarkt_performance_game,https://tmapi.transfermarkt.technology/player/370789/performance-game,47 club match rows from Transfermarkt performance-game API for season 2025.
Senegal,1,Yehvann Diouf,GK,Nice,Ligue 1,2025,2026-06-12,448632,52,38,38,3420,0,0,starter,starter,68,79,transfermarkt_performance_game,https://tmapi.transfermarkt.technology/player/448632/performance-game,52 club match rows from Transfermarkt performance-game API for season 2025.
Senegal,2,Mamadou Sarr,DF,Chelsea,Premier League,2025,2026-06-12,910905,52,24,22,1869,0,0,starter,rotation,53,53,transfermarkt_performance_game,https://tmapi.transfermarkt.technology/player/910905/performance-game,52 club match rows from Transfermarkt performance-game API for season 2025.
Senegal,3,Kalidou Koulibaly,DF,Al-Hilal,Saudi Pro League,2025,2026-06-12,93128,48,26,26,2336,2,2,starter,rotation,63,65,transfermarkt_performance_game,https://tmapi.transfermarkt.technology/player/93128/performance-game,48 club match rows from Transfermarkt performance-game API for season 2025.
Senegal,4,Abdoulaye Seck,DF,Maccabi Haifa,ISR,2025,2026-06-12,265383,44,32,30,2713,3,2,starter,rotation,64,73,transfermarkt_performance_game,https://tmapi.transfermarkt.technology/player/265383/performance-game,44 club match rows from Transfermarkt performance-game API for season 2025.
Senegal,5,Idrissa Gueye,MF,Everton,Premier League,2025,2026-06-12,126665,41,25,25,2102,2,3,starter,rotation,60,62,transfermarkt_performance_game,https://tmapi.transfermarkt.technology/player/126665/performance-game,41 club match rows from Transfermarkt performance-game API for season 2025.
Senegal,6,Pathé Ciss,MF,Rayo Vallecano,La Liga,2025,2026-06-12,525578,57,43,33,3119,2,3,starter,starter,72,84,transfermarkt_performance_game,https://tmapi.transfermarkt.technology/player/525578/performance-game,57 club match rows from Transfermarkt performance-game API for season 2025.
Senegal,7,Assane Diao,FW,Como,Serie A,2025,2026-06-12,1061282,44,20,13,1157,2,1,starter,rotation,42,36,transfermarkt_performance_game,https://tmapi.transfermarkt.technology/player/1061282/performance-game,44 club match rows from Transfermarkt performance-game API for season 2025.
Senegal,8,Lamine Camara,MF,Monaco,Ligue 1,2025,2026-06-12,918969,47,31,29,2457,3,4,starter,starter,72,73,transfermarkt_performance_game,https://tmapi.transfermarkt.technology/player/918969/performance-game,47 club match rows from Transfermarkt performance-game API for season 2025.
Senegal,9,Bamba Dieng,FW,Lorient,Ligue 1,2025,2026-06-12,822458,39,26,19,1473,16,1,starter,rotation,50,50,transfermarkt_performance_game,https://tmapi.transfermarkt.technology/player/822458/performance-game,39 club match rows from Transfermarkt performance-game API for season 2025.
Senegal,10,Sadio Mané,FW,Al-Nassr,Saudi Pro League,2025,2026-06-12,200512,49,36,31,2717,14,9,starter,starter,74,80,transfermarkt_performance_game,https://tmapi.transfermarkt.technology/player/200512/performance-game,49 club match rows from Transfermarkt performance-game API for season 2025.
Senegal,11,Nicolas Jackson,FW,Bayern Munich,Bundesliga,2025,2026-06-12,776890,54,34,15,1320,11,4,starter,rotation,56,51,transfermarkt_performance_game,https://tmapi.transfermarkt.technology/player/776890/performance-game,54 club match rows from Transfermarkt performance-game API for season 2025.
Senegal,12,Cherif Ndiaye,FW,Samsunspor,TUR,2025,2026-06-12,480705,58,37,26,2284,13,5,rotation,rotation,57,67,transfermarkt_performance_game,https://tmapi.transfermarkt.technology/player/480705/performance-game,58 club match rows from Transfermarkt performance-game API for season 2025.
Senegal,13,Iliman Ndiaye,FW,Everton,Premier League,2025,2026-06-12,623570,41,34,32,2833,6,3,rotation,starter,81,86,transfermarkt_performance_game,https://tmapi.transfermarkt.technology/player/623570/performance-game,41 club match rows from Transfermarkt performance-game API for season 2025.
Senegal,14,Ismail Jakobs,DF,Galatasaray,TUR,2025,2026-06-12,375137,53,39,26,2275,0,1,starter,rotation,58,63,transfermarkt_performance_game,https://tmapi.transfermarkt.technology/player/375137/performance-game,53 club match rows from Transfermarkt performance-game API for season 2025.
Senegal,15,Krépin Diatta,DF,Monaco,Ligue 1,2025,2026-06-12,490426,47,22,12,1235,0,2,rotation,rotation,39,38,transfermarkt_performance_game,https://tmapi.transfermarkt.technology/player/490426/performance-game,47 club match rows from Transfermarkt performance-game API for season 2025.
Senegal,16,Édouard Mendy,GK,Al-Ahli,Saudi Pro League,2025,2026-06-12,442531,53,41,41,3810,0,0,reserve,rotation,64,78,transfermarkt_performance_game,https://tmapi.transfermarkt.technology/player/442531/performance-game,53 club match rows from Transfermarkt performance-game API for season 2025.
Senegal,17,Pape Matar Sarr,MF,Tottenham Hotspur,Premier League,2025,2026-06-12,568693,52,37,22,2212,2,4,starter,rotation,66,67,transfermarkt_performance_game,https://tmapi.transfermarkt.technology/player/568693/performance-game,52 club match rows from Transfermarkt performance-game API for season 2025.
Senegal,18,Ismaïla Sarr,FW,Crystal Palace,Premier League,2025,2026-06-12,410225,60,45,40,3612,21,2,rotation,starter,90,98,transfermarkt_performance_game,https://tmapi.transfermarkt.technology/player/410225/performance-game,60 club match rows from Transfermarkt performance-game API for season 2025.
Senegal,19,Moussa Niakhaté,DF,Lyon,Ligue 1,2025,2026-06-12,291200,48,43,41,3677,1,2,rotation,starter,73,86,transfermarkt_performance_game,https://tmapi.transfermarkt.technology/player/291200/performance-game,48 club match rows from Transfermarkt performance-game API for season 2025.
Senegal,20,Ibrahim Mbaye,FW,Paris Saint-Germain,Ligue 1,2025,2026-06-12,1185888,57,31,12,1242,3,2,rotation,rotation,42,41,transfermarkt_performance_game,https://tmapi.transfermarkt.technology/player/1185888/performance-game,57 club match rows from Transfermarkt performance-game API for season 2025.
Senegal,21,Habib Diarra,MF,Sunderland,Premier League,2025,2026-06-12,876631,42,22,17,1563,3,3,rotation,rotation,49,49,transfermarkt_performance_game,https://tmapi.transfermarkt.technology/player/876631/performance-game,42 club match rows from Transfermarkt performance-game API for season 2025.
Senegal,22,Bara Sapoko Ndiaye,MF,Bayern Munich,Bundesliga,2025,2026-06-12,1497653,30,4,2,142,0,0,rotation,reserve,11,5,transfermarkt_performance_game,https://tmapi.transfermarkt.technology/player/1497653/performance-game,30 club match rows from Transfermarkt performance-game API for season 2025.
Senegal,23,Mory Diaw,GK,Le Havre,Ligue 1,2025,2026-06-12,164904,35,30,30,2655,0,1,reserve,rotation,49,63,transfermarkt_performance_game,https://tmapi.transfermarkt.technology/player/164904/performance-game,35 club match rows from Transfermarkt performance-game API for season 2025.
Senegal,24,Antoine Mendy,DF,Nice,Ligue 1,2025,2026-06-12,891998,52,40,36,3231,2,1,rotation,starter,69,83,transfermarkt_performance_game,https://tmapi.transfermarkt.technology/player/891998/performance-game,52 club match rows from Transfermarkt performance-game API for season 2025.
Senegal,25,El Hadji Malick Diouf,DF,West Ham United,Premier League,2025,2026-06-12,1111589,43,34,32,2906,0,5,rotation,starter,74,85,transfermarkt_performance_game,https://tmapi.transfermarkt.technology/player/1111589/performance-game,43 club match rows from Transfermarkt performance-game API for season 2025.
Senegal,26,Pape Gueye,MF,Villarreal,La Liga,2025,2026-06-12,485963,49,39,34,2834,5,2,rotation,starter,78,86,transfermarkt_performance_game,https://tmapi.transfermarkt.technology/player/485963/performance-game,49 club match rows from Transfermarkt performance-game API for season 2025.
Algeria,1,Melvin Mastil,GK,Stade Nyonnais,SUI,2025,2026-06-12,534398,39,34,34,3120,0,0,starter,rotation,59,68,transfermarkt_performance_game,https://tmapi.transfermarkt.technology/player/534398/performance-game,39 club match rows from Transfermarkt performance-game API for season 2025.
Algeria,2,Aïssa Mandi,DF,Lille,Ligue 1,2025,2026-06-12,80293,48,40,36,3278,1,0,starter,starter,77,84,transfermarkt_performance_game,https://tmapi.transfermarkt.technology/player/80293/performance-game,48 club match rows from Transfermarkt performance-game API for season 2025.
Algeria,3,Achref Abada,DF,USM Alger,ALG,2025,2026-06-12,949929,46,24,21,1901,0,0,starter,rotation,45,48,transfermarkt_performance_game,https://tmapi.transfermarkt.technology/player/949929/performance-game,46 club match rows from Transfermarkt performance-game API for season 2025.
Algeria,4,Mohamed Amine Tougai,DF,Espérance de Tunis,TUN,2025,2026-06-12,592396,49,22,22,1859,4,0,starter,rotation,49,52,transfermarkt_performance_game,https://tmapi.transfermarkt.technology/player/592396/performance-game,49 club match rows from Transfermarkt performance-game API for season 2025.
Algeria,5,Zineddine Belaïd,DF,JS Kabylie,ALG,2025,2026-06-12,625142,46,33,33,2912,1,0,starter,rotation,64,74,transfermarkt_performance_game,https://tmapi.transfermarkt.technology/player/625142/performance-game,46 club match rows from Transfermarkt performance-game API for season 2025.
Algeria,6,Ramiz Zerrouki,MF,Twente,Eredivisie,2025,2026-06-12,416660,38,35,35,2936,3,5,starter,starter,74,82,transfermarkt_performance_game,https://tmapi.transfermarkt.technology/player/416660/performance-game,38 club match rows from Transfermarkt performance-game API for season 2025.
Algeria,7,Riyad Mahrez,FW,Al-Ahli,Saudi Pro League,2025,2026-06-12,171424,53,44,44,3811,8,15,starter,starter,80,88,transfermarkt_performance_game,https://tmapi.transfermarkt.technology/player/171424/performance-game,53 club match rows from Transfermarkt performance-game API for season 2025.
Algeria,8,Houssem Aouar,MF,Al-Ittihad,Saudi Pro League,2025,2026-06-12,395693,49,35,33,2861,15,4,starter,starter,70,80,transfermarkt_performance_game,https://tmapi.transfermarkt.technology/player/395693/performance-game,49 club match rows from Transfermarkt performance-game API for season 2025.
Algeria,9,Amine Gouiri,FW,Marseille,Ligue 1,2025,2026-06-12,418659,47,28,20,1705,11,5,starter,rotation,58,57,transfermarkt_performance_game,https://tmapi.transfermarkt.technology/player/418659/performance-game,47 club match rows from Transfermarkt performance-game API for season 2025.
Algeria,10,Farès Chaïbi,MF,Eintracht Frankfurt,Bundesliga,2025,2026-06-12,855015,44,38,28,2506,3,10,starter,starter,69,76,transfermarkt_performance_game,https://tmapi.transfermarkt.technology/player/855015/performance-game,44 club match rows from Transfermarkt performance-game API for season 2025.
Algeria,11,Anis Hadj Moussa,FW,Feyenoord,Eredivisie,2025,2026-06-12,917911,45,40,39,3354,14,7,starter,starter,80,89,transfermarkt_performance_game,https://tmapi.transfermarkt.technology/player/917911/performance-game,45 club match rows from Transfermarkt performance-game API for season 2025.
Algeria,12,Nadhir Benbouali,FW,Győri ETO,HUN,2025,2026-06-12,840254,44,41,37,3242,19,6,starter,starter,70,84,transfermarkt_performance_game,https://tmapi.transfermarkt.technology/player/840254/performance-game,44 club match rows from Transfermarkt performance-game API for season 2025.
Algeria,13,Jaouen Hadjam,DF,Young Boys,SUI,2025,2026-06-12,750903,50,30,24,2092,2,4,rotation,rotation,53,61,transfermarkt_performance_game,https://tmapi.transfermarkt.technology/player/750903/performance-game,50 club match rows from Transfermarkt performance-game API for season 2025.
Algeria,14,Hicham Boudaoui,MF,Nice,Ligue 1,2025,2026-06-12,560593,52,32,23,2080,1,2,starter,rotation,57,60,transfermarkt_performance_game,https://tmapi.transfermarkt.technology/player/560593/performance-game,52 club match rows from Transfermarkt performance-game API for season 2025.
Algeria,15,Rayan Aït-Nouri,DF,Manchester City,Premier League,2025,2026-06-12,578391,60,28,20,1605,0,5,rotation,rotation,59,58,transfermarkt_performance_game,https://tmapi.transfermarkt.technology/player/578391/performance-game,60 club match rows from Transfermarkt performance-game API for season 2025.
Algeria,16,Oussama Benbot,GK,USM Alger,ALG,2025,2026-06-12,,0,0,0,0,0,0,reserve,reserve,15,15,no_transfermarkt_player_match,,"No matched Transfermarkt player URL; role score uses squad role, market value, caps and availability only."
Algeria,17,Rafik Belghali,DF,Hellas Verona,Serie A,2025,2026-06-12,864306,43,29,25,2168,2,0,rotation,rotation,53,61,transfermarkt_performance_game,https://tmapi.transfermarkt.technology/player/864306/performance-game,43 club match rows from Transfermarkt performance-game API for season 2025.
Algeria,18,Mohamed Amoura,FW,VfL Wolfsburg,Bundesliga,2025,2026-06-12,746910,38,33,24,2058,8,4,rotation,rotation,61,66,transfermarkt_performance_game,https://tmapi.transfermarkt.technology/player/746910/performance-game,38 club match rows from Transfermarkt performance-game API for season 2025.
Algeria,19,Nabil Bentaleb,MF,Lille,Ligue 1,2025,2026-06-12,245537,48,37,22,2006,2,2,rotation,rotation,54,60,transfermarkt_performance_game,https://tmapi.transfermarkt.technology/player/245537/performance-game,48 club match rows from Transfermarkt performance-game API for season 2025.
Algeria,20,Adil Boulbina,FW,Al-Duhail,Qatar Stars League,2025,2026-06-12,748443,45,32,27,2394,13,7,rotation,rotation,56,66,transfermarkt_performance_game,https://tmapi.transfermarkt.technology/player/748443/performance-game,45 club match rows from Transfermarkt performance-game API for season 2025.
Algeria,21,Ramy Bensebaini,DF,Borussia Dortmund,Bundesliga,2025,2026-06-12,284732,47,32,25,2396,7,3,rotation,rotation,67,75,transfermarkt_performance_game,https://tmapi.transfermarkt.technology/player/284732/performance-game,47 club match rows from Transfermarkt performance-game API for season 2025.
Algeria,22,Ibrahim Maza,MF,Bayer Leverkusen,Bundesliga,2025,2026-06-12,905011,51,44,32,2944,5,7,rotation,starter,82,90,transfermarkt_performance_game,https://tmapi.transfermarkt.technology/player/905011/performance-game,51 club match rows from Transfermarkt performance-game API for season 2025.
Algeria,23,Luca Zidane,GK,Granada,La Liga,2025,2026-06-12,283489,45,27,27,2430,0,0,reserve,rotation,45,57,transfermarkt_performance_game,https://tmapi.transfermarkt.technology/player/283489/performance-game,45 club match rows from Transfermarkt performance-game API for season 2025.
Algeria,24,Yacine Titraoui,MF,Charleroi,BEL,2025,2026-06-12,,0,0,0,0,0,0,rotation,reserve,27,27,no_transfermarkt_player_match,,"No matched Transfermarkt player URL; role score uses squad role, market value, caps and availability only."
Algeria,25,Farès Ghedjemis,FW,Frosinone,Serie A,2025,2026-06-12,888738,40,38,37,3099,15,3,rotation,starter,71,87,transfermarkt_performance_game,https://tmapi.transfermarkt.technology/player/888738/performance-game,40 club match rows from Transfermarkt performance-game API for season 2025.
Algeria,26,Samir Chergui,DF,Paris FC,Ligue 1,2025,2026-06-12,668167,37,15,13,1155,1,0,squad,reserve,29,32,transfermarkt_performance_game,https://tmapi.transfermarkt.technology/player/668167/performance-game,37 club match rows from Transfermarkt performance-game API for season 2025.
Argentina,1,Juan Musso,GK,Atlético Madrid,La Liga,2025,2026-06-12,242359,61,18,18,1650,0,0,starter,rotation,38,39,transfermarkt_performance_game,https://tmapi.transfermarkt.technology/player/242359/performance-game,61 club match rows from Transfermarkt performance-game API for season 2025.
Argentina,2,Marcos Senesi,DF,Bournemouth,Premier League,2025,2026-06-12,469781,40,39,37,3365,0,5,starter,starter,75,87,transfermarkt_performance_game,https://tmapi.transfermarkt.technology/player/469781/performance-game,40 club match rows from Transfermarkt performance-game API for season 2025.
Argentina,3,Nicolás Tagliafico,DF,Lyon,Ligue 1,2025,2026-06-12,131225,48,30,23,2019,0,3,starter,rotation,59,61,transfermarkt_performance_game,https://tmapi.transfermarkt.technology/player/131225/performance-game,48 club match rows from Transfermarkt performance-game API for season 2025.
Argentina,4,Gonzalo Montiel,DF,River Plate,Argentine Primera Division,2025,2026-06-12,402733,27,19,18,1650,4,1,starter,rotation,48,48,transfermarkt_performance_game,https://tmapi.transfermarkt.technology/player/402733/performance-game,27 club match rows from Transfermarkt performance-game API for season 2025.
Argentina,5,Leandro Paredes,MF,Boca Juniors,Argentine Primera Division,2025,2026-06-12,166237,24,21,17,1634,3,4,starter,rotation,49,47,transfermarkt_performance_game,https://tmapi.transfermarkt.technology/player/166237/performance-game,24 club match rows from Transfermarkt performance-game API for season 2025.
Argentina,6,Lisandro Martínez,DF,Manchester United,Premier League,2025,2026-06-12,480762,40,19,14,1310,0,0,starter,rotation,44,39,transfermarkt_performance_game,https://tmapi.transfermarkt.technology/player/480762/performance-game,40 club match rows from Transfermarkt performance-game API for season 2025.
Argentina,7,Rodrigo De Paul,MF,Inter Miami CF,MLS,2025,2026-06-12,255901,23,15,15,1350,4,4,starter,rotation,46,41,transfermarkt_performance_game,https://tmapi.transfermarkt.technology/player/255901/performance-game,23 club match rows from Transfermarkt performance-game API for season 2025.
Argentina,8,Valentín Barco,MF,Strasbourg,Ligue 1,2025,2026-06-12,849410,53,43,36,3359,3,9,starter,starter,76,87,transfermarkt_performance_game,https://tmapi.transfermarkt.technology/player/849410/performance-game,53 club match rows from Transfermarkt performance-game API for season 2025.
Argentina,9,Julián Alvarez,FW,Atlético Madrid,La Liga,2025,2026-06-12,576024,61,49,42,3549,20,9,starter,starter,93,98,transfermarkt_performance_game,https://tmapi.transfermarkt.technology/player/576024/performance-game,61 club match rows from Transfermarkt performance-game API for season 2025.
Argentina,10,Lionel Messi,FW,Inter Miami CF,MLS,2025,2026-06-12,28003,17,16,16,1423,13,7,starter,rotation,51,47,transfermarkt_performance_game,https://tmapi.transfermarkt.technology/player/28003/performance-game,17 club match rows from Transfermarkt performance-game API for season 2025.
Argentina,11,Giovani Lo Celso,MF,Real Betis,La Liga,2025,2026-06-12,348795,55,32,20,1777,3,3,starter,rotation,55,55,transfermarkt_performance_game,https://tmapi.transfermarkt.technology/player/348795/performance-game,55 club match rows from Transfermarkt performance-game API for season 2025.
Argentina,12,Gerónimo Rulli,GK,Marseille,Ligue 1,2025,2026-06-12,229604,47,39,39,3510,0,0,reserve,rotation,62,79,transfermarkt_performance_game,https://tmapi.transfermarkt.technology/player/229604/performance-game,47 club match rows from Transfermarkt performance-game API for season 2025.
Argentina,13,Cristian Romero,DF,Tottenham Hotspur,Premier League,2025,2026-06-12,355915,52,32,31,2657,6,4,rotation,starter,75,84,transfermarkt_performance_game,https://tmapi.transfermarkt.technology/player/355915/performance-game,52 club match rows from Transfermarkt performance-game API for season 2025.
Argentina,14,Exequiel Palacios,MF,Bayer Leverkusen,Bundesliga,2025,2026-06-12,401578,51,25,18,1580,0,1,rotation,rotation,45,47,transfermarkt_performance_game,https://tmapi.transfermarkt.technology/player/401578/performance-game,51 club match rows from Transfermarkt performance-game API for season 2025.
Argentina,15,Nicolás González,MF,Atlético Madrid,La Liga,2025,2026-06-12,1504914,0,0,0,0,0,0,rotation,rotation,42,42,transfermarkt_performance_game,https://tmapi.transfermarkt.technology/player/1504914/performance-game,0 club match rows from Transfermarkt performance-game API for season 2025.
Argentina,16,Thiago Almada,FW,Atlético Madrid,La Liga,2025,2026-06-12,576028,61,40,18,1704,4,2,starter,rotation,51,53,transfermarkt_performance_game,https://tmapi.transfermarkt.technology/player/576028/performance-game,61 club match rows from Transfermarkt performance-game API for season 2025.
Argentina,17,Giuliano Simeone,FW,Atlético Madrid,La Liga,2025,2026-06-12,742201,61,53,46,3803,7,8,starter,starter,79,90,transfermarkt_performance_game,https://tmapi.transfermarkt.technology/player/742201/performance-game,61 club match rows from Transfermarkt performance-game API for season 2025.
Argentina,18,Nico Paz,FW,Como,Serie A,2025,2026-06-12,948294,44,40,37,3291,13,8,rotation,starter,82,92,transfermarkt_performance_game,https://tmapi.transfermarkt.technology/player/948294/performance-game,44 club match rows from Transfermarkt performance-game API for season 2025.
Argentina,19,Nicolás Otamendi,DF,Benfica,Primeira Liga,2025,2026-06-12,54781,55,49,49,4314,3,4,rotation,starter,77,90,transfermarkt_performance_game,https://tmapi.transfermarkt.technology/player/54781/performance-game,55 club match rows from Transfermarkt performance-game API for season 2025.
Argentina,20,Alexis Mac Allister,MF,Liverpool,Premier League,2025,2026-06-12,534033,57,55,44,3885,5,7,rotation,starter,83,93,transfermarkt_performance_game,https://tmapi.transfermarkt.technology/player/534033/performance-game,57 club match rows from Transfermarkt performance-game API for season 2025.
Argentina,21,José Manuel López,FW,Palmeiras,Brasileirao,2025,2026-06-12,844797,38,35,32,2701,14,10,rotation,rotation,67,80,transfermarkt_performance_game,https://tmapi.transfermarkt.technology/player/844797/performance-game,38 club match rows from Transfermarkt performance-game API for season 2025.
Argentina,22,Lautaro Martínez,FW,Inter Milan,Serie A,2025,2026-06-12,406625,54,41,35,2767,22,6,rotation,starter,87,93,transfermarkt_performance_game,https://tmapi.transfermarkt.technology/player/406625/performance-game,54 club match rows from Transfermarkt performance-game API for season 2025.
Argentina,23,Emiliano Martínez,GK,Aston Villa,Premier League,2025,2026-06-12,111873,56,44,43,3870,0,1,reserve,starter,71,86,transfermarkt_performance_game,https://tmapi.transfermarkt.technology/player/111873/performance-game,56 club match rows from Transfermarkt performance-game API for season 2025.
Argentina,24,Enzo Fernández,MF,Chelsea,Premier League,2025,2026-06-12,648195,59,54,49,4379,15,7,rotation,starter,88,97,transfermarkt_performance_game,https://tmapi.transfermarkt.technology/player/648195/performance-game,59 club match rows from Transfermarkt performance-game API for season 2025.
Argentina,25,Facundo Medina,DF,Marseille,Ligue 1,2025,2026-06-12,474800,47,26,24,2015,0,1,rotation,rotation,49,56,transfermarkt_performance_game,https://tmapi.transfermarkt.technology/player/474800/performance-game,47 club match rows from Transfermarkt performance-game API for season 2025.
Argentina,26,Nahuel Molina,DF,Atlético Madrid,La Liga,2025,2026-06-12,424042,61,46,24,2400,2,4,rotation,rotation,66,75,transfermarkt_performance_game,https://tmapi.transfermarkt.technology/player/424042/performance-game,61 club match rows from Transfermarkt performance-game API for season 2025.
Austria,1,Alexander Schlager,GK,Red Bull Salzburg,AUT,2025,2026-06-12,186374,49,47,47,4260,0,0,starter,starter,69,78,transfermarkt_performance_game,https://tmapi.transfermarkt.technology/player/186374/performance-game,49 club match rows from Transfermarkt performance-game API for season 2025.
Austria,2,David Affengruber,DF,Elche,La Liga,2025,2026-06-12,452483,42,39,35,3096,1,2,starter,starter,78,87,transfermarkt_performance_game,https://tmapi.transfermarkt.technology/player/452483/performance-game,42 club match rows from Transfermarkt performance-game API for season 2025.
Austria,3,Kevin Danso,DF,Tottenham Hotspur,Premier League,2025,2026-06-12,263236,52,36,26,2328,0,0,starter,rotation,68,69,transfermarkt_performance_game,https://tmapi.transfermarkt.technology/player/263236/performance-game,52 club match rows from Transfermarkt performance-game API for season 2025.
Austria,4,Xaver Schlager,MF,RB Leipzig,Bundesliga,2025,2026-06-12,223979,38,30,23,2067,3,1,starter,rotation,60,61,transfermarkt_performance_game,https://tmapi.transfermarkt.technology/player/223979/performance-game,38 club match rows from Transfermarkt performance-game API for season 2025.
Austria,5,Stefan Posch,DF,Mainz 05,Bundesliga,2025,2026-06-12,223974,42,35,24,2184,3,0,starter,rotation,62,66,transfermarkt_performance_game,https://tmapi.transfermarkt.technology/player/223974/performance-game,42 club match rows from Transfermarkt performance-game API for season 2025.
Austria,6,Nicolas Seiwald,MF,RB Leipzig,Bundesliga,2025,2026-06-12,404950,38,37,35,3046,0,2,starter,starter,83,86,transfermarkt_performance_game,https://tmapi.transfermarkt.technology/player/404950/performance-game,38 club match rows from Transfermarkt performance-game API for season 2025.
Austria,7,Marko Arnautović,FW,Red Star Belgrade,SRB,2025,2026-06-12,41384,57,32,23,1928,10,9,starter,rotation,60,61,transfermarkt_performance_game,https://tmapi.transfermarkt.technology/player/41384/performance-game,57 club match rows from Transfermarkt performance-game API for season 2025.
Austria,8,David Alaba,DF,Real Madrid,La Liga,2025,2026-06-12,59016,56,16,6,575,0,0,starter,reserve,32,22,transfermarkt_performance_game,https://tmapi.transfermarkt.technology/player/59016/performance-game,56 club match rows from Transfermarkt performance-game API for season 2025.
Austria,9,Marcel Sabitzer,MF,Borussia Dortmund,Bundesliga,2025,2026-06-12,106987,47,34,27,2348,1,4,starter,rotation,68,70,transfermarkt_performance_game,https://tmapi.transfermarkt.technology/player/106987/performance-game,47 club match rows from Transfermarkt performance-game API for season 2025.
Austria,10,Florian Grillitsch,MF,Braga,Primeira Liga,2025,2026-06-12,195736,54,36,25,2189,3,2,starter,rotation,60,64,transfermarkt_performance_game,https://tmapi.transfermarkt.technology/player/195736/performance-game,54 club match rows from Transfermarkt performance-game API for season 2025.
Austria,11,Michael Gregoritsch,FW,FC Augsburg,Bundesliga,2025,2026-06-12,120205,37,31,15,1343,9,4,starter,rotation,49,47,transfermarkt_performance_game,https://tmapi.transfermarkt.technology/player/120205/performance-game,37 club match rows from Transfermarkt performance-game API for season 2025.
Austria,12,Florian Wiegele,GK,Viktoria Plzeň,CZE,2025,2026-06-12,393999,52,31,30,2805,0,0,reserve,rotation,48,61,transfermarkt_performance_game,https://tmapi.transfermarkt.technology/player/393999/performance-game,52 club match rows from Transfermarkt performance-game API for season 2025.
Austria,13,Patrick Pentz,GK,Brøndby,DEN,2025,2026-06-12,223972,41,39,39,3555,0,0,reserve,rotation,60,77,transfermarkt_performance_game,https://tmapi.transfermarkt.technology/player/223972/performance-game,41 club match rows from Transfermarkt performance-game API for season 2025.
Austria,14,Saša Kalajdžić,FW,LASK,AUT,2025,2026-06-12,369567,35,29,19,1739,7,11,starter,rotation,50,53,transfermarkt_performance_game,https://tmapi.transfermarkt.technology/player/369567/performance-game,35 club match rows from Transfermarkt performance-game API for season 2025.
Austria,15,Philipp Lienhart,DF,SC Freiburg,Bundesliga,2025,2026-06-12,225657,54,34,27,2450,2,0,rotation,rotation,63,71,transfermarkt_performance_game,https://tmapi.transfermarkt.technology/player/225657/performance-game,54 club match rows from Transfermarkt performance-game API for season 2025.
Austria,16,Phillipp Mwene,DF,Mainz 05,Bundesliga,2025,2026-06-12,127573,48,39,33,2781,1,5,rotation,starter,69,83,transfermarkt_performance_game,https://tmapi.transfermarkt.technology/player/127573/performance-game,48 club match rows from Transfermarkt performance-game API for season 2025.
Austria,17,Carney Chukwuemeka,MF,Borussia Dortmund,Bundesliga,2025,2026-06-12,659459,47,38,10,1224,3,2,rotation,rotation,43,42,transfermarkt_performance_game,https://tmapi.transfermarkt.technology/player/659459/performance-game,47 club match rows from Transfermarkt performance-game API for season 2025.
Austria,18,Romano Schmid,MF,Werder Bremen,Bundesliga,2025,2026-06-12,346853,35,35,35,3083,4,8,rotation,starter,76,87,transfermarkt_performance_game,https://tmapi.transfermarkt.technology/player/346853/performance-game,35 club match rows from Transfermarkt performance-game API for season 2025.
Austria,19,Dejan Ljubičić,MF,Schalke 04,Bundesliga,2025,2026-06-12,287188,43,37,34,2693,6,6,rotation,rotation,65,79,transfermarkt_performance_game,https://tmapi.transfermarkt.technology/player/287188/performance-game,43 club match rows from Transfermarkt performance-game API for season 2025.
Austria,20,Konrad Laimer,MF,Bayern Munich,Bundesliga,2025,2026-06-12,223967,55,47,37,3297,3,13,rotation,starter,89,95,transfermarkt_performance_game,https://tmapi.transfermarkt.technology/player/223967/performance-game,55 club match rows from Transfermarkt performance-game API for season 2025.
Austria,21,Patrick Wimmer,FW,VfL Wolfsburg,Bundesliga,2025,2026-06-12,533295,38,27,22,1769,4,6,starter,rotation,56,56,transfermarkt_performance_game,https://tmapi.transfermarkt.technology/player/533295/performance-game,38 club match rows from Transfermarkt performance-game API for season 2025.
Austria,22,Alexander Prass,MF,TSG Hoffenheim,Bundesliga,2025,2026-06-12,434116,36,34,13,1417,3,2,squad,rotation,41,44,transfermarkt_performance_game,https://tmapi.transfermarkt.technology/player/434116/performance-game,36 club match rows from Transfermarkt performance-game API for season 2025.
Austria,23,Marco Friedl,DF,Werder Bremen,Bundesliga,2025,2026-06-12,156990,35,31,30,2639,1,0,rotation,rotation,62,72,transfermarkt_performance_game,https://tmapi.transfermarkt.technology/player/156990/performance-game,35 club match rows from Transfermarkt performance-game API for season 2025.
Austria,24,Paul Wanner,MF,PSV Eindhoven,Eredivisie,2025,2026-06-12,900909,46,33,27,2347,5,4,squad,rotation,62,69,transfermarkt_performance_game,https://tmapi.transfermarkt.technology/player/900909/performance-game,46 club match rows from Transfermarkt performance-game API for season 2025.
Austria,25,Michael Svoboda,DF,Venezia,Serie A,2025,2026-06-12,438961,41,30,28,2542,3,2,rotation,rotation,60,72,transfermarkt_performance_game,https://tmapi.transfermarkt.technology/player/438961/performance-game,41 club match rows from Transfermarkt performance-game API for season 2025.
Austria,26,Alessandro Schöpf,MF,Wolfsberger AC,AUT,2025,2026-06-12,118397,41,33,29,2556,5,6,squad,rotation,58,70,transfermarkt_performance_game,https://tmapi.transfermarkt.technology/player/118397/performance-game,41 club match rows from Transfermarkt performance-game API for season 2025.
Jordan,1,Yazeed Abulaila,GK,Al-Hussein,JOR,2025,2026-06-12,261850,34,29,29,2610,0,1,starter,rotation,63,63,transfermarkt_performance_game,https://tmapi.transfermarkt.technology/player/261850/performance-game,34 club match rows from Transfermarkt performance-game API for season 2025.
Jordan,2,Mohammad Abu Hashish,DF,Al-Karma,IRQ,2025,2026-06-12,,0,0,0,0,0,0,starter,starter,83,83,no_transfermarkt_player_match,,"No matched Transfermarkt player URL; role score uses squad role, market value, caps and availability only."
Jordan,3,Abdallah Nasib,DF,Al-Zawraa,IRQ,2025,2026-06-12,882197,47,28,26,2321,1,0,starter,rotation,63,63,transfermarkt_performance_game,https://tmapi.transfermarkt.technology/player/882197/performance-game,47 club match rows from Transfermarkt performance-game API for season 2025.
Jordan,4,Husam Abu Dahab,DF,Al-Faisaly,JOR,2025,2026-06-12,895291,27,15,14,1209,0,0,starter,reserve,37,33,transfermarkt_performance_game,https://tmapi.transfermarkt.technology/player/895291/performance-game,27 club match rows from Transfermarkt performance-game API for season 2025.
Jordan,5,Yazan Al-Arab,DF,FC Seoul,K League 1,2025,2026-06-12,539961,25,17,15,1215,1,1,starter,rotation,53,41,transfermarkt_performance_game,https://tmapi.transfermarkt.technology/player/539961/performance-game,25 club match rows from Transfermarkt performance-game API for season 2025.
Jordan,6,Amer Jamous,MF,Al-Zawraa,IRQ,2025,2026-06-12,744040,43,35,32,2793,5,4,starter,starter,70,76,transfermarkt_performance_game,https://tmapi.transfermarkt.technology/player/744040/performance-game,43 club match rows from Transfermarkt performance-game API for season 2025.
Jordan,7,Mohammad Abu Zrayq,FW,Raja Casablanca,MAR,2025,2026-06-12,,0,0,0,0,0,0,starter,starter,80,80,no_transfermarkt_player_match,,"No matched Transfermarkt player URL; role score uses squad role, market value, caps and availability only."
Jordan,8,Noor Al-Rawabdeh,MF,Selangor,MAS,2025,2026-06-12,561485,51,40,33,2879,2,6,starter,starter,77,81,transfermarkt_performance_game,https://tmapi.transfermarkt.technology/player/561485/performance-game,51 club match rows from Transfermarkt performance-game API for season 2025.
Jordan,9,Ali Olwan,FW,Al-Sailiya,Qatar Stars League,2025,2026-06-12,664057,26,13,13,1031,5,1,starter,rotation,45,34,transfermarkt_performance_game,https://tmapi.transfermarkt.technology/player/664057/performance-game,26 club match rows from Transfermarkt performance-game API for season 2025.
Jordan,10,Musa Al-Taamari,FW,Rennes,Ligue 1,2025,2026-06-12,,0,0,0,0,0,0,starter,starter,90,90,no_transfermarkt_player_match,,"No matched Transfermarkt player URL; role score uses squad role, market value, caps and availability only."
Jordan,11,Odeh Al-Fakhouri,FW,Pyramids,EGY,2025,2026-06-12,,0,0,0,0,0,0,starter,starter,72,72,no_transfermarkt_player_match,,"No matched Transfermarkt player URL; role score uses squad role, market value, caps and availability only."
Jordan,12,Nour Bani Attiah,GK,Al-Faisaly,JOR,2025,2026-06-12,,0,0,0,0,0,0,reserve,rotation,49,49,no_transfermarkt_player_match,,"No matched Transfermarkt player URL; role score uses squad role, market value, caps and availability only."
Jordan,13,Mahmoud Al-Mardi,FW,Al-Hussein,JOR,2025,2026-06-12,401086,33,23,19,1607,3,7,rotation,rotation,51,50,transfermarkt_performance_game,https://tmapi.transfermarkt.technology/player/401086/performance-game,33 club match rows from Transfermarkt performance-game API for season 2025.
Jordan,14,Rajaei Ayed,MF,Al-Hussein,JOR,2025,2026-06-12,261842,34,30,30,2503,1,3,starter,rotation,67,69,transfermarkt_performance_game,https://tmapi.transfermarkt.technology/player/261842/performance-game,34 club match rows from Transfermarkt performance-game API for season 2025.
Jordan,15,Ibrahim Sadeh,MF,Al-Karma,IRQ,2025,2026-06-12,,0,0,0,0,0,0,starter,starter,84,84,no_transfermarkt_player_match,,"No matched Transfermarkt player URL; role score uses squad role, market value, caps and availability only."
Jordan,16,Mo Abualnadi,DF,Selangor,MAS,2025,2026-06-12,,0,0,0,0,0,0,rotation,rotation,63,63,no_transfermarkt_player_match,,"No matched Transfermarkt player URL; role score uses squad role, market value, caps and availability only."
Jordan,17,Salim Obaid,DF,Al-Hussein,JOR,2025,2026-06-12,,0,0,0,0,0,0,rotation,rotation,61,61,no_transfermarkt_player_match,,"No matched Transfermarkt player URL; role score uses squad role, market value, caps and availability only."
Jordan,18,Mohammad Taha,MF,Al-Hussein,JOR,2025,2026-06-12,1078444,0,0,0,0,0,0,rotation,rotation,59,59,transfermarkt_performance_game,https://tmapi.transfermarkt.technology/player/1078444/performance-game,0 club match rows from Transfermarkt performance-game API for season 2025.
Jordan,19,Saed Al-Rosan,DF,Al-Hussein,JOR,2025,2026-06-12,,0,0,0,0,0,0,rotation,rotation,63,63,no_transfermarkt_player_match,,"No matched Transfermarkt player URL; role score uses squad role, market value, caps and availability only."
Jordan,20,Mohannad Abu Taha,MF,Al-Quwa Al-Jawiya,IRQ,2025,2026-06-12,883111,38,31,29,2503,4,8,rotation,rotation,64,71,transfermarkt_performance_game,https://tmapi.transfermarkt.technology/player/883111/performance-game,38 club match rows from Transfermarkt performance-game API for season 2025.
Jordan,21,Nizar Al-Rashdan,MF,Qatar SC,Qatar Stars League,2025,2026-06-12,734751,29,24,23,1962,2,2,rotation,rotation,53,54,transfermarkt_performance_game,https://tmapi.transfermarkt.technology/player/734751/performance-game,29 club match rows from Transfermarkt performance-game API for season 2025.
Jordan,22,Abdallah Al-Fakhouri,GK,Al-Wehdat,JOR,2025,2026-06-12,658805,33,25,25,2117,0,1,reserve,rotation,42,50,transfermarkt_performance_game,https://tmapi.transfermarkt.technology/player/658805/performance-game,33 club match rows from Transfermarkt performance-game API for season 2025.
Jordan,23,Ihsan Haddad,DF,Al-Hussein,JOR,2025,2026-06-12,,0,0,0,0,0,0,rotation,starter,78,78,no_transfermarkt_player_match,,"No matched Transfermarkt player URL; role score uses squad role, market value, caps and availability only."
Jordan,24,Ali Azaizeh,FW,Al-Shabab,Saudi Pro League,2025,2026-06-12,1059056,17,15,8,627,2,1,rotation,reserve,24,21,transfermarkt_performance_game,https://tmapi.transfermarkt.technology/player/1059056/performance-game,17 club match rows from Transfermarkt performance-game API for season 2025.
Jordan,25,Mohammad Al-Dawoud,MF,Al-Wehdat,JOR,2025,2026-06-12,310801,28,19,15,1258,6,1,rotation,reserve,35,36,transfermarkt_performance_game,https://tmapi.transfermarkt.technology/player/310801/performance-game,28 club match rows from Transfermarkt performance-game API for season 2025.
Jordan,26,Anas Badawi,DF,Al-Faisaly,JOR,2025,2026-06-12,1378902,27,16,12,1079,0,1,squad,reserve,28,29,transfermarkt_performance_game,https://tmapi.transfermarkt.technology/player/1378902/performance-game,27 club match rows from Transfermarkt performance-game API for season 2025.
Colombia,1,David Ospina,GK,Atlético Nacional,COL,2025,2026-06-12,73396,26,13,13,1170,0,0,starter,reserve,37,29,transfermarkt_performance_game,https://tmapi.transfermarkt.technology/player/73396/performance-game,26 club match rows from Transfermarkt performance-game API for season 2025.
Colombia,2,Daniel Muñoz,DF,Crystal Palace,Premier League,2025,2026-06-12,493003,60,46,45,3881,5,4,starter,starter,84,94,transfermarkt_performance_game,https://tmapi.transfermarkt.technology/player/493003/performance-game,60 club match rows from Transfermarkt performance-game API for season 2025.
Colombia,3,Jhon Lucumí,DF,Bologna,Serie A,2025,2026-06-12,413565,56,43,40,3567,1,1,starter,starter,77,86,transfermarkt_performance_game,https://tmapi.transfermarkt.technology/player/413565/performance-game,56 club match rows from Transfermarkt performance-game API for season 2025.
Colombia,4,Santiago Arias,DF,Independiente,Argentine Primera Division,2025,2026-06-12,120443,18,14,10,1003,0,2,starter,reserve,36,30,transfermarkt_performance_game,https://tmapi.transfermarkt.technology/player/120443/performance-game,18 club match rows from Transfermarkt performance-game API for season 2025.
Colombia,5,Kevin Castaño,MF,River Plate,Argentine Primera Division,2025,2026-06-12,857948,27,7,3,220,0,0,starter,reserve,18,9,transfermarkt_performance_game,https://tmapi.transfermarkt.technology/player/857948/performance-game,27 club match rows from Transfermarkt performance-game API for season 2025.
Colombia,6,Richard Ríos,MF,Benfica,Primeira Liga,2025,2026-06-12,735573,55,45,41,3637,8,6,starter,starter,79,88,transfermarkt_performance_game,https://tmapi.transfermarkt.technology/player/735573/performance-game,55 club match rows from Transfermarkt performance-game API for season 2025.
Colombia,7,Luis Díaz,FW,Bayern Munich,Bundesliga,2025,2026-06-12,480692,55,51,46,4060,26,23,starter,starter,95,98,transfermarkt_performance_game,https://tmapi.transfermarkt.technology/player/480692/performance-game,55 club match rows from Transfermarkt performance-game API for season 2025.
Colombia,8,Jorge Carrascal,MF,Flamengo,Brasileirao,2025,2026-06-12,354145,44,31,23,1823,3,4,starter,rotation,53,55,transfermarkt_performance_game,https://tmapi.transfermarkt.technology/player/354145/performance-game,44 club match rows from Transfermarkt performance-game API for season 2025.
Colombia,9,Jhon Córdoba,FW,Krasnodar,RUS,2025,2026-06-12,185245,44,41,33,3241,22,10,starter,starter,73,85,transfermarkt_performance_game,https://tmapi.transfermarkt.technology/player/185245/performance-game,44 club match rows from Transfermarkt performance-game API for season 2025.
Colombia,10,James Rodríguez,MF,Minnesota United FC,MLS,2025,2026-06-12,88103,34,22,13,1255,3,4,starter,rotation,44,39,transfermarkt_performance_game,https://tmapi.transfermarkt.technology/player/88103/performance-game,34 club match rows from Transfermarkt performance-game API for season 2025.
Colombia,11,Jhon Arias,MF,Palmeiras,Brasileirao,2025,2026-06-12,588989,58,51,36,3081,8,3,rotation,starter,73,86,transfermarkt_performance_game,https://tmapi.transfermarkt.technology/player/588989/performance-game,58 club match rows from Transfermarkt performance-game API for season 2025.
Colombia,12,Camilo Vargas,GK,Atlas,Liga MX,2025,2026-06-12,74113,36,33,33,2970,0,1,reserve,rotation,55,68,transfermarkt_performance_game,https://tmapi.transfermarkt.technology/player/74113/performance-game,36 club match rows from Transfermarkt performance-game API for season 2025.
Colombia,13,Yerry Mina,DF,Cagliari,Serie A,2025,2026-06-12,289446,41,27,27,2243,2,0,starter,rotation,60,64,transfermarkt_performance_game,https://tmapi.transfermarkt.technology/player/289446/performance-game,41 club match rows from Transfermarkt performance-game API for season 2025.
Colombia,14,Gustavo Puerta,DF,Racing Santander,La Liga,2025,2026-06-12,936981,46,33,30,2715,3,1,rotation,rotation,63,76,transfermarkt_performance_game,https://tmapi.transfermarkt.technology/player/936981/performance-game,46 club match rows from Transfermarkt performance-game API for season 2025.
Colombia,15,Juan Portilla,MF,Athletico Paranaense,Brasileirao,2025,2026-06-12,585747,30,19,14,1021,0,0,rotation,reserve,30,30,transfermarkt_performance_game,https://tmapi.transfermarkt.technology/player/585747/performance-game,30 club match rows from Transfermarkt performance-game API for season 2025.
Colombia,16,Jefferson Lerma,MF,Crystal Palace,Premier League,2025,2026-06-12,262980,60,48,25,2538,0,6,rotation,rotation,66,75,transfermarkt_performance_game,https://tmapi.transfermarkt.technology/player/262980/performance-game,60 club match rows from Transfermarkt performance-game API for season 2025.
Colombia,17,Johan Mojica,DF,Mallorca,La Liga,2025,2026-06-12,262939,41,35,30,2726,0,4,rotation,rotation,66,78,transfermarkt_performance_game,https://tmapi.transfermarkt.technology/player/262939/performance-game,41 club match rows from Transfermarkt performance-game API for season 2025.
Colombia,18,Willer Ditta,DF,Cruz Azul,Liga MX,2025,2026-06-12,609255,51,49,48,4298,0,2,rotation,rotation,65,79,transfermarkt_performance_game,https://tmapi.transfermarkt.technology/player/609255/performance-game,51 club match rows from Transfermarkt performance-game API for season 2025.
Colombia,19,Cucho Hernández,FW,Real Betis,La Liga,2025,2026-06-12,459463,55,40,36,3130,15,3,starter,starter,77,89,transfermarkt_performance_game,https://tmapi.transfermarkt.technology/player/459463/performance-game,55 club match rows from Transfermarkt performance-game API for season 2025.
Colombia,20,Juan Fernando Quintero,MF,River Plate,Argentine Primera Division,2025,2026-06-12,122582,27,19,10,948,4,4,rotation,reserve,32,31,transfermarkt_performance_game,https://tmapi.transfermarkt.technology/player/122582/performance-game,27 club match rows from Transfermarkt performance-game API for season 2025.
Colombia,21,Jaminton Campaz,FW,Rosario Central,Argentine Primera Division,2025,2026-06-12,491553,27,18,13,1155,1,5,starter,reserve,35,33,transfermarkt_performance_game,https://tmapi.transfermarkt.technology/player/491553/performance-game,27 club match rows from Transfermarkt performance-game API for season 2025.
Colombia,22,Deiver Machado,DF,Nantes,Ligue 1,2025,2026-06-12,332560,36,21,17,1309,0,1,rotation,reserve,35,38,transfermarkt_performance_game,https://tmapi.transfermarkt.technology/player/332560/performance-game,36 club match rows from Transfermarkt performance-game API for season 2025.
Colombia,23,Davinson Sánchez,DF,Galatasaray,TUR,2025,2026-06-12,341429,53,45,43,3684,2,0,squad,starter,73,83,transfermarkt_performance_game,https://tmapi.transfermarkt.technology/player/341429/performance-game,53 club match rows from Transfermarkt performance-game API for season 2025.
Colombia,24,Álvaro Montero,GK,Vélez Sarsfield,Argentine Primera Division,2025,2026-06-12,292985,19,17,17,1530,0,0,reserve,reserve,30,35,transfermarkt_performance_game,https://tmapi.transfermarkt.technology/player/292985/performance-game,19 club match rows from Transfermarkt performance-game API for season 2025.
Colombia,25,Luis Suárez,FW,Sporting CP,Primeira Liga,2025,2026-06-12,424784,56,53,47,4373,38,9,rotation,starter,76,90,transfermarkt_performance_game,https://tmapi.transfermarkt.technology/player/424784/performance-game,56 club match rows from Transfermarkt performance-game API for season 2025.
Colombia,26,Andrés Gómez,FW,Vasco da Gama,Brasileirao,2025,2026-06-12,957461,35,29,25,2277,4,3,rotation,rotation,53,62,transfermarkt_performance_game,https://tmapi.transfermarkt.technology/player/957461/performance-game,35 club match rows from Transfermarkt performance-game API for season 2025.
Congo DR,1,Lionel Mpasi,GK,Le Havre,Ligue 1,2025,2026-06-12,164915,35,4,3,315,0,0,starter,reserve,18,9,transfermarkt_performance_game,https://tmapi.transfermarkt.technology/player/164915/performance-game,35 club match rows from Transfermarkt performance-game API for season 2025.
Congo DR,2,Aaron Wan-Bissaka,DF,West Ham United,Premier League,2025,2026-06-12,477758,43,27,24,2204,0,3,starter,rotation,61,64,transfermarkt_performance_game,https://tmapi.transfermarkt.technology/player/477758/performance-game,43 club match rows from Transfermarkt performance-game API for season 2025.
Congo DR,3,Steve Kapuadi,DF,Widzew Łódź,POL,2025,2026-06-12,679709,51,42,40,3749,1,0,starter,rotation,67,78,transfermarkt_performance_game,https://tmapi.transfermarkt.technology/player/679709/performance-game,51 club match rows from Transfermarkt performance-game API for season 2025.
Congo DR,4,Axel Tuanzebe,DF,Burnley,Premier League,2025,2026-06-12,342046,42,16,15,1337,1,0,starter,rotation,39,38,transfermarkt_performance_game,https://tmapi.transfermarkt.technology/player/342046/performance-game,42 club match rows from Transfermarkt performance-game API for season 2025.
Congo DR,5,Dylan Batubinsika,DF,AEL,GRE,2025,2026-06-12,289432,46,21,21,1862,1,0,starter,rotation,45,48,transfermarkt_performance_game,https://tmapi.transfermarkt.technology/player/289432/performance-game,46 club match rows from Transfermarkt performance-game API for season 2025.
Congo DR,6,Ngal'ayel Mukau,MF,Lille,Ligue 1,2025,2026-06-12,1016015,48,42,28,2283,2,0,starter,rotation,64,68,transfermarkt_performance_game,https://tmapi.transfermarkt.technology/player/1016015/performance-game,48 club match rows from Transfermarkt performance-game API for season 2025.
Congo DR,7,Nathanaël Mbuku,MF,Montpellier,Ligue 1,2025,2026-06-12,557614,39,32,27,2294,4,6,starter,rotation,59,66,transfermarkt_performance_game,https://tmapi.transfermarkt.technology/player/557614/performance-game,39 club match rows from Transfermarkt performance-game API for season 2025.
Congo DR,8,Samuel Moutoussamy,MF,Atromitos,GRE,2025,2026-06-12,353403,43,35,30,2657,3,0,starter,rotation,65,71,transfermarkt_performance_game,https://tmapi.transfermarkt.technology/player/353403/performance-game,43 club match rows from Transfermarkt performance-game API for season 2025.
Congo DR,9,Brian Cipenga,FW,Castellón,La Liga,2025,2026-06-12,700565,45,30,24,2250,6,9,starter,rotation,58,65,transfermarkt_performance_game,https://tmapi.transfermarkt.technology/player/700565/performance-game,45 club match rows from Transfermarkt performance-game API for season 2025.
Congo DR,10,Théo Bongonda,MF,Spartak Moscow,RUS,2025,2026-06-12,280701,43,6,1,110,0,0,starter,reserve,17,6,transfermarkt_performance_game,https://tmapi.transfermarkt.technology/player/280701/performance-game,43 club match rows from Transfermarkt performance-game API for season 2025.
Congo DR,11,Gaël Kakuta,FW,AEL,GRE,2025,2026-06-12,74297,42,32,24,2087,9,5,starter,rotation,55,60,transfermarkt_performance_game,https://tmapi.transfermarkt.technology/player/74297/performance-game,42 club match rows from Transfermarkt performance-game API for season 2025.
Congo DR,12,Joris Kayembe,DF,Genk,BEL,2025,2026-06-12,129586,57,39,32,2890,0,1,rotation,rotation,63,75,transfermarkt_performance_game,https://tmapi.transfermarkt.technology/player/129586/performance-game,57 club match rows from Transfermarkt performance-game API for season 2025.
Congo DR,13,Meschak Elia,FW,Alanyaspor,TUR,2025,2026-06-12,,0,0,0,0,0,0,starter,rotation,53,53,no_transfermarkt_player_match,,"No matched Transfermarkt player URL; role score uses squad role, market value, caps and availability only."
Congo DR,14,Noah Sadiki,MF,Sunderland,Premier League,2025,2026-06-12,727089,42,35,34,3042,0,1,rotation,starter,80,87,transfermarkt_performance_game,https://tmapi.transfermarkt.technology/player/727089/performance-game,42 club match rows from Transfermarkt performance-game API for season 2025.
Congo DR,15,Aaron Tshibola,MF,Kilmarnock,SCO,2025,2026-06-12,243633,39,29,19,1631,0,0,rotation,rotation,39,44,transfermarkt_performance_game,https://tmapi.transfermarkt.technology/player/243633/performance-game,39 club match rows from Transfermarkt performance-game API for season 2025.
Congo DR,16,Timothy Fayulu,GK,Noah,ARM,2025,2026-06-12,541420,43,10,10,900,0,0,reserve,reserve,18,20,transfermarkt_performance_game,https://tmapi.transfermarkt.technology/player/541420/performance-game,43 club match rows from Transfermarkt performance-game API for season 2025.
Congo DR,17,Cédric Bakambu,FW,Real Betis,La Liga,2025,2026-06-12,127048,55,27,13,1175,4,3,starter,rotation,44,40,transfermarkt_performance_game,https://tmapi.transfermarkt.technology/player/127048/performance-game,55 club match rows from Transfermarkt performance-game API for season 2025.
Congo DR,18,Charles Pickel,MF,Espanyol,La Liga,2025,2026-06-12,243879,40,26,6,856,1,0,rotation,reserve,29,27,transfermarkt_performance_game,https://tmapi.transfermarkt.technology/player/243879/performance-game,40 club match rows from Transfermarkt performance-game API for season 2025.
Congo DR,19,Fiston Mayele,FW,Pyramids,EGY,2025,2026-06-12,727157,55,43,36,3114,14,2,rotation,starter,70,84,transfermarkt_performance_game,https://tmapi.transfermarkt.technology/player/727157/performance-game,55 club match rows from Transfermarkt performance-game API for season 2025.
Congo DR,20,Yoane Wissa,FW,Newcastle United,Premier League,2025,2026-06-12,388165,59,28,8,904,3,2,rotation,rotation,41,35,transfermarkt_performance_game,https://tmapi.transfermarkt.technology/player/388165/performance-game,59 club match rows from Transfermarkt performance-game API for season 2025.
Congo DR,21,Matthieu Epolo,GK,Standard Liège,BEL,2025,2026-06-12,680218,42,31,31,2790,0,0,reserve,rotation,51,63,transfermarkt_performance_game,https://tmapi.transfermarkt.technology/player/680218/performance-game,42 club match rows from Transfermarkt performance-game API for season 2025.
Congo DR,22,Chancel Mbemba,DF,Lille,Ligue 1,2025,2026-06-12,203348,45,21,16,1657,0,1,rotation,rotation,46,47,transfermarkt_performance_game,https://tmapi.transfermarkt.technology/player/203348/performance-game,45 club match rows from Transfermarkt performance-game API for season 2025.
Congo DR,23,Simon Banza,FW,Al Jazira,UAE,2025,2026-06-12,344869,42,20,16,1421,9,1,rotation,rotation,40,42,transfermarkt_performance_game,https://tmapi.transfermarkt.technology/player/344869/performance-game,42 club match rows from Transfermarkt performance-game API for season 2025.
Congo DR,24,Gédéon Kalulu,DF,Aris Limassol,CYP,2025,2026-06-12,395685,39,19,15,1377,0,1,rotation,reserve,35,37,transfermarkt_performance_game,https://tmapi.transfermarkt.technology/player/395685/performance-game,39 club match rows from Transfermarkt performance-game API for season 2025.
Congo DR,25,Edo Kayembe,MF,Watford,Premier League,2025,2026-06-12,486477,48,38,29,2587,4,1,rotation,rotation,64,75,transfermarkt_performance_game,https://tmapi.transfermarkt.technology/player/486477/performance-game,48 club match rows from Transfermarkt performance-game API for season 2025.
Congo DR,26,Arthur Masuaku,DF,Lens,Ligue 1,2025,2026-06-12,181380,44,10,6,481,0,0,rotation,reserve,22,16,transfermarkt_performance_game,https://tmapi.transfermarkt.technology/player/181380/performance-game,44 club match rows from Transfermarkt performance-game API for season 2025.
Portugal,1,Diogo Costa,GK,Porto,Primeira Liga,2025,2026-06-12,357153,53,49,49,4347,0,0,starter,starter,75,83,transfermarkt_performance_game,https://tmapi.transfermarkt.technology/player/357153/performance-game,53 club match rows from Transfermarkt performance-game API for season 2025.
Portugal,2,Nélson Semedo,DF,Fenerbahçe,TUR,2025,2026-06-12,231572,55,40,37,3023,1,3,starter,starter,72,82,transfermarkt_performance_game,https://tmapi.transfermarkt.technology/player/231572/performance-game,55 club match rows from Transfermarkt performance-game API for season 2025.
Portugal,3,Rúben Dias,DF,Manchester City,Premier League,2025,2026-06-12,258004,60,33,30,2646,2,0,starter,starter,75,78,transfermarkt_performance_game,https://tmapi.transfermarkt.technology/player/258004/performance-game,60 club match rows from Transfermarkt performance-game API for season 2025.
Portugal,4,Tomás Araújo,DF,Benfica,Primeira Liga,2025,2026-06-12,504087,56,39,32,2795,1,2,starter,starter,68,78,transfermarkt_performance_game,https://tmapi.transfermarkt.technology/player/504087/performance-game,56 club match rows from Transfermarkt performance-game API for season 2025.
Portugal,5,Diogo Dalot,DF,Manchester United,Premier League,2025,2026-06-12,357147,40,36,31,2796,1,3,starter,starter,73,81,transfermarkt_performance_game,https://tmapi.transfermarkt.technology/player/357147/performance-game,40 club match rows from Transfermarkt performance-game API for season 2025.
Portugal,6,Matheus Nunes,MF,Manchester City,Premier League,2025,2026-06-12,601883,60,49,45,4015,1,9,starter,starter,79,89,transfermarkt_performance_game,https://tmapi.transfermarkt.technology/player/601883/performance-game,60 club match rows from Transfermarkt performance-game API for season 2025.
Portugal,7,Cristiano Ronaldo,FW,Al-Nassr,Saudi Pro League,2025,2026-06-12,8198,49,37,37,3164,30,5,starter,starter,79,86,transfermarkt_performance_game,https://tmapi.transfermarkt.technology/player/8198/performance-game,49 club match rows from Transfermarkt performance-game API for season 2025.
Portugal,8,Bruno Fernandes,MF,Manchester United,Premier League,2025,2026-06-12,240306,40,37,36,3203,9,22,starter,starter,85,93,transfermarkt_performance_game,https://tmapi.transfermarkt.technology/player/240306/performance-game,40 club match rows from Transfermarkt performance-game API for season 2025.
Portugal,9,Gonçalo Ramos,FW,Paris Saint-Germain,Ligue 1,2025,2026-06-12,550550,56,45,15,1704,12,2,starter,rotation,54,56,transfermarkt_performance_game,https://tmapi.transfermarkt.technology/player/550550/performance-game,56 club match rows from Transfermarkt performance-game API for season 2025.
Portugal,10,Bernardo Silva,MF,Manchester City,Premier League,2025,2026-06-12,241641,60,53,45,3854,3,5,starter,starter,82,90,transfermarkt_performance_game,https://tmapi.transfermarkt.technology/player/241641/performance-game,60 club match rows from Transfermarkt performance-game API for season 2025.
Portugal,11,João Félix,FW,Al-Nassr,Saudi Pro League,2025,2026-06-12,462250,49,47,43,3781,26,19,starter,starter,78,87,transfermarkt_performance_game,https://tmapi.transfermarkt.technology/player/462250/performance-game,49 club match rows from Transfermarkt performance-game API for season 2025.
Portugal,12,José Sá,GK,Wolverhampton Wanderers,Premier League,2025,2026-06-12,249994,44,24,24,2160,0,0,reserve,rotation,41,51,transfermarkt_performance_game,https://tmapi.transfermarkt.technology/player/249994/performance-game,44 club match rows from Transfermarkt performance-game API for season 2025.
Portugal,13,Renato Veiga,DF,Villarreal,La Liga,2025,2026-06-12,805714,49,42,36,3352,1,0,rotation,starter,69,83,transfermarkt_performance_game,https://tmapi.transfermarkt.technology/player/805714/performance-game,49 club match rows from Transfermarkt performance-game API for season 2025.
Portugal,14,Gonçalo Inácio,DF,Sporting CP,Primeira Liga,2025,2026-06-12,549006,56,46,46,4007,3,3,rotation,starter,74,88,transfermarkt_performance_game,https://tmapi.transfermarkt.technology/player/549006/performance-game,56 club match rows from Transfermarkt performance-game API for season 2025.
Portugal,15,João Neves,MF,Paris Saint-Germain,Ligue 1,2025,2026-06-12,670681,56,38,28,2701,7,4,starter,starter,79,81,transfermarkt_performance_game,https://tmapi.transfermarkt.technology/player/670681/performance-game,56 club match rows from Transfermarkt performance-game API for season 2025.
Portugal,16,Francisco Trincão,FW,Sporting CP,Primeira Liga,2025,2026-06-12,412669,56,54,51,4603,13,18,starter,starter,78,90,transfermarkt_performance_game,https://tmapi.transfermarkt.technology/player/412669/performance-game,56 club match rows from Transfermarkt performance-game API for season 2025.
Portugal,17,Rafael Leão,FW,Milan,Serie A,2025,2026-06-12,357164,42,31,25,1968,10,3,rotation,rotation,59,64,transfermarkt_performance_game,https://tmapi.transfermarkt.technology/player/357164/performance-game,42 club match rows from Transfermarkt performance-game API for season 2025.
Portugal,18,Pedro Neto,FW,Chelsea,Premier League,2025,2026-06-12,487465,59,52,43,3767,10,10,rotation,starter,79,93,transfermarkt_performance_game,https://tmapi.transfermarkt.technology/player/487465/performance-game,59 club match rows from Transfermarkt performance-game API for season 2025.
Portugal,19,Gonçalo Guedes,FW,Real Sociedad,La Liga,2025,2026-06-12,225122,46,39,27,2329,9,8,rotation,rotation,62,73,transfermarkt_performance_game,https://tmapi.transfermarkt.technology/player/225122/performance-game,46 club match rows from Transfermarkt performance-game API for season 2025.
Portugal,20,João Cancelo,DF,Barcelona,La Liga,2025,2026-06-12,182712,52,29,23,1901,3,6,rotation,rotation,58,64,transfermarkt_performance_game,https://tmapi.transfermarkt.technology/player/182712/performance-game,52 club match rows from Transfermarkt performance-game API for season 2025.
Portugal,21,Rúben Neves,MF,Al-Hilal,Saudi Pro League,2025,2026-06-12,225161,48,43,41,3718,12,10,rotation,starter,76,87,transfermarkt_performance_game,https://tmapi.transfermarkt.technology/player/225161/performance-game,48 club match rows from Transfermarkt performance-game API for season 2025.
Portugal,22,Rui Silva,GK,Sporting CP,Primeira Liga,2025,2026-06-12,234811,56,48,48,4380,0,0,reserve,rotation,62,80,transfermarkt_performance_game,https://tmapi.transfermarkt.technology/player/234811/performance-game,56 club match rows from Transfermarkt performance-game API for season 2025.
Portugal,23,Vitinha,MF,Paris Saint-Germain,Ligue 1,2025,2026-06-12,487469,56,50,45,4056,7,10,rotation,starter,87,94,transfermarkt_performance_game,https://tmapi.transfermarkt.technology/player/487469/performance-game,56 club match rows from Transfermarkt performance-game API for season 2025.
Portugal,24,Samú Costa,DF,Mallorca,La Liga,2025,2026-06-12,657430,41,36,32,2810,7,2,rotation,starter,68,84,transfermarkt_performance_game,https://tmapi.transfermarkt.technology/player/657430/performance-game,41 club match rows from Transfermarkt performance-game API for season 2025.
Portugal,25,Nuno Mendes,DF,Paris Saint-Germain,Ligue 1,2025,2026-06-12,616341,56,41,33,2979,6,7,squad,starter,79,92,transfermarkt_performance_game,https://tmapi.transfermarkt.technology/player/616341/performance-game,56 club match rows from Transfermarkt performance-game API for season 2025.
Portugal,26,Francisco Conceição,FW,Juventus,Serie A,2025,2026-06-12,487474,50,42,33,2694,4,5,rotation,rotation,67,80,transfermarkt_performance_game,https://tmapi.transfermarkt.technology/player/487474/performance-game,50 club match rows from Transfermarkt performance-game API for season 2025.
Uzbekistan,1,Utkir Yusupov,GK,Navbahor Namangan,UZB,2025,2026-06-12,311958,31,11,11,990,0,0,starter,reserve,30,24,transfermarkt_performance_game,https://tmapi.transfermarkt.technology/player/311958/performance-game,31 club match rows from Transfermarkt performance-game API for season 2025.
Uzbekistan,2,Abdukodir Khusanov,DF,Manchester City,Premier League,2025,2026-06-12,763079,60,37,31,2817,0,0,starter,starter,81,82,transfermarkt_performance_game,https://tmapi.transfermarkt.technology/player/763079/performance-game,60 club match rows from Transfermarkt performance-game API for season 2025.
Uzbekistan,3,Khojiakbar Alijonov,DF,Pakhtakor,UZB,2025,2026-06-12,,0,0,0,0,0,0,starter,rotation,46,46,no_transfermarkt_player_match,,"No matched Transfermarkt player URL; role score uses squad role, market value, caps and availability only."
Uzbekistan,4,Farrukh Sayfiev,DF,Neftchi Fergana,UZB,2025,2026-06-12,212499,15,11,8,752,0,2,starter,reserve,29,23,transfermarkt_performance_game,https://tmapi.transfermarkt.technology/player/212499/performance-game,15 club match rows from Transfermarkt performance-game API for season 2025.
Uzbekistan,5,Rustam Ashurmatov,DF,Esteghlal,IRN,2025,2026-06-12,288883,33,22,21,1928,1,0,starter,rotation,49,50,transfermarkt_performance_game,https://tmapi.transfermarkt.technology/player/288883/performance-game,33 club match rows from Transfermarkt performance-game API for season 2025.
Uzbekistan,6,Akmal Mozgovoy,MF,Pakhtakor,UZB,2025,2026-06-12,562022,33,24,18,1575,0,0,starter,rotation,42,42,transfermarkt_performance_game,https://tmapi.transfermarkt.technology/player/562022/performance-game,33 club match rows from Transfermarkt performance-game API for season 2025.
Uzbekistan,7,Otabek Shukurov,MF,Baniyas,UAE,2025,2026-06-12,294525,23,20,16,1268,0,3,starter,rotation,43,39,transfermarkt_performance_game,https://tmapi.transfermarkt.technology/player/294525/performance-game,23 club match rows from Transfermarkt performance-game API for season 2025.
Uzbekistan,8,Jamshid Iskanderov,MF,Neftchi Fergana,UZB,2025,2026-06-12,260857,15,12,11,915,2,6,starter,reserve,33,28,transfermarkt_performance_game,https://tmapi.transfermarkt.technology/player/260857/performance-game,15 club match rows from Transfermarkt performance-game API for season 2025.
Uzbekistan,9,Odiljon Hamrobekov,MF,Tractor,IRN,2025,2026-06-12,,0,0,0,0,0,0,starter,rotation,54,54,no_transfermarkt_player_match,,"No matched Transfermarkt player URL; role score uses squad role, market value, caps and availability only."
Uzbekistan,10,Jaloliddin Masharipov,MF,Esteghlal,IRN,2025,2026-06-12,274536,33,2,0,32,0,0,rotation,reserve,15,4,transfermarkt_performance_game,https://tmapi.transfermarkt.technology/player/274536/performance-game,33 club match rows from Transfermarkt performance-game API for season 2025.
Uzbekistan,11,Oston Urunov,MF,Persepolis,IRN,2025,2026-06-12,492556,23,21,13,1191,3,2,rotation,reserve,35,35,transfermarkt_performance_game,https://tmapi.transfermarkt.technology/player/492556/performance-game,23 club match rows from Transfermarkt performance-game API for season 2025.
Uzbekistan,12,Abduvohid Nematov,GK,Nasaf,UZB,2025,2026-06-12,,0,0,0,0,0,0,reserve,reserve,16,16,no_transfermarkt_player_match,,"No matched Transfermarkt player URL; role score uses squad role, market value, caps and availability only."
Uzbekistan,13,Sherzod Nasrullaev,DF,Nasaf,UZB,2025,2026-06-12,608537,21,17,17,1507,0,1,rotation,reserve,37,40,transfermarkt_performance_game,https://tmapi.transfermarkt.technology/player/608537/performance-game,21 club match rows from Transfermarkt performance-game API for season 2025.
Uzbekistan,14,Eldor Shomurodov,FW,İstanbul Başakşehir,TUR,2025,2026-06-12,358166,44,44,41,3540,23,6,starter,starter,79,88,transfermarkt_performance_game,https://tmapi.transfermarkt.technology/player/358166/performance-game,44 club match rows from Transfermarkt performance-game API for season 2025.
Uzbekistan,15,Umar Eshmurodov,DF,Nasaf,UZB,2025,2026-06-12,493725,22,16,16,1422,0,2,rotation,reserve,36,38,transfermarkt_performance_game,https://tmapi.transfermarkt.technology/player/493725/performance-game,22 club match rows from Transfermarkt performance-game API for season 2025.
Uzbekistan,16,Botirali Ergashev,GK,Neftchi Fergana,UZB,2025,2026-06-12,312690,15,12,12,1080,0,0,reserve,reserve,21,24,transfermarkt_performance_game,https://tmapi.transfermarkt.technology/player/312690/performance-game,15 club match rows from Transfermarkt performance-game API for season 2025.
Uzbekistan,17,Dostonbek Khamdamov,MF,Pakhtakor,UZB,2025,2026-06-12,294502,15,12,7,633,6,3,rotation,reserve,24,21,transfermarkt_performance_game,https://tmapi.transfermarkt.technology/player/294502/performance-game,15 club match rows from Transfermarkt performance-game API for season 2025.
Uzbekistan,18,Abdulla Abdullaev,DF,Dibba,UAE,2025,2026-06-12,570272,30,10,9,840,0,0,rotation,reserve,23,21,transfermarkt_performance_game,https://tmapi.transfermarkt.technology/player/570272/performance-game,30 club match rows from Transfermarkt performance-game API for season 2025.
Uzbekistan,19,Azizjon Ganiev,MF,Al Bataeh,UAE,2025,2026-06-12,,0,0,0,0,0,0,rotation,reserve,29,29,no_transfermarkt_player_match,,"No matched Transfermarkt player URL; role score uses squad role, market value, caps and availability only."
Uzbekistan,20,Azizbek Amonov,FW,Dinamo Samarqand,UZB,2025,2026-06-12,,0,0,0,0,0,0,starter,rotation,39,39,no_transfermarkt_player_match,,"No matched Transfermarkt player URL; role score uses squad role, market value, caps and availability only."
Uzbekistan,21,Igor Sergeev,FW,Persepolis,IRN,2025,2026-06-12,185372,7,6,4,450,3,0,starter,reserve,27,16,transfermarkt_performance_game,https://tmapi.transfermarkt.technology/player/185372/performance-game,7 club match rows from Transfermarkt performance-game API for season 2025.
Uzbekistan,22,Abbosbek Fayzullaev,MF,İstanbul Başakşehir,TUR,2025,2026-06-12,754037,46,27,17,1397,4,7,squad,rotation,40,44,transfermarkt_performance_game,https://tmapi.transfermarkt.technology/player/754037/performance-game,46 club match rows from Transfermarkt performance-game API for season 2025.
Uzbekistan,23,Sherzod Esanov,MF,Bukhara,UZB,2025,2026-06-12,989068,15,10,9,759,5,0,squad,reserve,20,21,transfermarkt_performance_game,https://tmapi.transfermarkt.technology/player/989068/performance-game,15 club match rows from Transfermarkt performance-game API for season 2025.
Uzbekistan,24,Bekhruz Karimov,DF,Surkhon Termiz,UZB,2025,2026-06-12,1106187,14,7,6,561,0,0,rotation,reserve,17,14,transfermarkt_performance_game,https://tmapi.transfermarkt.technology/player/1106187/performance-game,14 club match rows from Transfermarkt performance-game API for season 2025.
Uzbekistan,25,Avazbek Ulmasaliev,DF,AGMK,UZB,2025,2026-06-12,538764,11,11,11,959,1,1,squad,reserve,24,26,transfermarkt_performance_game,https://tmapi.transfermarkt.technology/player/538764/performance-game,11 club match rows from Transfermarkt performance-game API for season 2025.
Uzbekistan,26,Jakhongir Urozov,DF,Dinamo Samarqand,UZB,2025,2026-06-12,989069,14,11,11,990,0,0,squad,reserve,23,25,transfermarkt_performance_game,https://tmapi.transfermarkt.technology/player/989069/performance-game,14 club match rows from Transfermarkt performance-game API for season 2025.
Croatia,1,Dominik Livaković,GK,Dinamo Zagreb,CRO,2025,2026-06-12,205927,50,19,19,1740,0,0,starter,rotation,45,42,transfermarkt_performance_game,https://tmapi.transfermarkt.technology/player/205927/performance-game,50 club match rows from Transfermarkt performance-game API for season 2025.
Croatia,2,Josip Stanišić,DF,Bayern Munich,Bundesliga,2025,2026-06-12,483046,55,43,35,3153,3,7,starter,starter,85,93,transfermarkt_performance_game,https://tmapi.transfermarkt.technology/player/483046/performance-game,55 club match rows from Transfermarkt performance-game API for season 2025.
Croatia,3,Marin Pongračić,DF,Fiorentina,Serie A,2025,2026-06-12,282144,53,48,42,3801,1,0,starter,starter,72,83,transfermarkt_performance_game,https://tmapi.transfermarkt.technology/player/282144/performance-game,53 club match rows from Transfermarkt performance-game API for season 2025.
Croatia,4,Joško Gvardiol,DF,Manchester City,Premier League,2025,2026-06-12,475959,60,25,21,1866,2,5,starter,starter,70,65,transfermarkt_performance_game,https://tmapi.transfermarkt.technology/player/475959/performance-game,60 club match rows from Transfermarkt performance-game API for season 2025.
Croatia,5,Duje Ćaleta-Car,DF,Real Sociedad,La Liga,2025,2026-06-12,238266,46,32,29,2629,1,0,starter,rotation,65,72,transfermarkt_performance_game,https://tmapi.transfermarkt.technology/player/238266/performance-game,46 club match rows from Transfermarkt performance-game API for season 2025.
Croatia,6,Josip Šutalo,DF,Ajax,Eredivisie,2025,2026-06-12,371001,46,31,24,2288,0,0,rotation,rotation,54,61,transfermarkt_performance_game,https://tmapi.transfermarkt.technology/player/371001/performance-game,46 club match rows from Transfermarkt performance-game API for season 2025.
Croatia,7,Nikola Moro,MF,Bologna,Serie A,2025,2026-06-12,316934,56,44,29,2728,2,1,starter,rotation,66,76,transfermarkt_performance_game,https://tmapi.transfermarkt.technology/player/316934/performance-game,56 club match rows from Transfermarkt performance-game API for season 2025.
Croatia,8,Mateo Kovačić,MF,Manchester City,Premier League,2025,2026-06-12,51471,60,9,2,242,0,1,starter,reserve,26,13,transfermarkt_performance_game,https://tmapi.transfermarkt.technology/player/51471/performance-game,60 club match rows from Transfermarkt performance-game API for season 2025.
Croatia,9,Andrej Kramarić,FW,TSG Hoffenheim,Bundesliga,2025,2026-06-12,46580,36,36,28,2422,15,8,starter,starter,72,78,transfermarkt_performance_game,https://tmapi.transfermarkt.technology/player/46580/performance-game,36 club match rows from Transfermarkt performance-game API for season 2025.
Croatia,10,Luka Modrić,MF,Milan,Serie A,2025,2026-06-12,27992,42,37,32,2864,2,3,starter,starter,75,82,transfermarkt_performance_game,https://tmapi.transfermarkt.technology/player/27992/performance-game,42 club match rows from Transfermarkt performance-game API for season 2025.
Croatia,11,Ante Budimir,FW,Osasuna,La Liga,2025,2026-06-12,46413,41,40,35,3013,19,0,starter,starter,77,89,transfermarkt_performance_game,https://tmapi.transfermarkt.technology/player/46413/performance-game,41 club match rows from Transfermarkt performance-game API for season 2025.
Croatia,12,Ivor Pandur,GK,Hull City,Premier League,2025,2026-06-12,371013,52,48,48,4320,0,0,reserve,rotation,63,82,transfermarkt_performance_game,https://tmapi.transfermarkt.technology/player/371013/performance-game,52 club match rows from Transfermarkt performance-game API for season 2025.
Croatia,13,Nikola Vlašić,MF,Torino,Serie A,2025,2026-06-12,293200,42,41,39,3350,9,5,starter,starter,79,89,transfermarkt_performance_game,https://tmapi.transfermarkt.technology/player/293200/performance-game,42 club match rows from Transfermarkt performance-game API for season 2025.
Croatia,14,Ivan Perišić,FW,PSV Eindhoven,Eredivisie,2025,2026-06-12,42460,47,43,37,3060,10,16,starter,starter,81,91,transfermarkt_performance_game,https://tmapi.transfermarkt.technology/player/42460/performance-game,47 club match rows from Transfermarkt performance-game API for season 2025.
Croatia,15,Mario Pašalić,MF,Atalanta,Serie A,2025,2026-06-12,205938,54,46,29,2771,10,7,rotation,starter,74,85,transfermarkt_performance_game,https://tmapi.transfermarkt.technology/player/205938/performance-game,54 club match rows from Transfermarkt performance-game API for season 2025.
Croatia,16,Martin Baturina,MF,Como,Serie A,2025,2026-06-12,580451,44,34,20,1835,8,4,rotation,rotation,54,59,transfermarkt_performance_game,https://tmapi.transfermarkt.technology/player/580451/performance-game,44 club match rows from Transfermarkt performance-game API for season 2025.
Croatia,17,Petar Sučić,MF,Inter Milan,Serie A,2025,2026-06-12,668207,54,50,28,2549,4,4,rotation,starter,69,77,transfermarkt_performance_game,https://tmapi.transfermarkt.technology/player/668207/performance-game,54 club match rows from Transfermarkt performance-game API for season 2025.
Croatia,18,Kristijan Jakić,DF,FC Augsburg,Bundesliga,2025,2026-06-12,374954,36,28,20,1834,2,1,rotation,rotation,47,53,transfermarkt_performance_game,https://tmapi.transfermarkt.technology/player/374954/performance-game,36 club match rows from Transfermarkt performance-game API for season 2025.
Croatia,19,Toni Fruk,MF,Rijeka,CRO,2025,2026-06-12,432758,57,50,46,3736,19,3,rotation,starter,70,85,transfermarkt_performance_game,https://tmapi.transfermarkt.technology/player/432758/performance-game,57 club match rows from Transfermarkt performance-game API for season 2025.
Croatia,20,Igor Matanović,FW,SC Freiburg,Bundesliga,2025,2026-06-12,605268,54,50,25,2636,15,4,starter,starter,70,79,transfermarkt_performance_game,https://tmapi.transfermarkt.technology/player/605268/performance-game,54 club match rows from Transfermarkt performance-game API for season 2025.
Croatia,21,Luka Sučić,MF,Real Sociedad,La Liga,2025,2026-06-12,502722,46,28,13,1351,4,3,squad,reserve,38,42,transfermarkt_performance_game,https://tmapi.transfermarkt.technology/player/502722/performance-game,46 club match rows from Transfermarkt performance-game API for season 2025.
Croatia,22,Luka Vušković,DF,Hamburger SV,Bundesliga,2025,2026-06-12,892160,38,30,29,2652,6,1,rotation,starter,73,81,transfermarkt_performance_game,https://tmapi.transfermarkt.technology/player/892160/performance-game,38 club match rows from Transfermarkt performance-game API for season 2025.
Croatia,23,Dominik Kotarski,GK,Copenhagen,DEN,2025,2026-06-12,370997,54,51,51,4620,0,1,reserve,rotation,61,78,transfermarkt_performance_game,https://tmapi.transfermarkt.technology/player/370997/performance-game,54 club match rows from Transfermarkt performance-game API for season 2025.
Croatia,24,Marco Pašalić,FW,Orlando City SC,MLS,2025,2026-06-12,395928,18,11,8,650,2,0,rotation,reserve,22,19,transfermarkt_performance_game,https://tmapi.transfermarkt.technology/player/395928/performance-game,18 club match rows from Transfermarkt performance-game API for season 2025.
Croatia,25,Martin Erlić,DF,Midtjylland,DEN,2025,2026-06-12,357003,51,35,33,2871,6,1,rotation,rotation,65,79,transfermarkt_performance_game,https://tmapi.transfermarkt.technology/player/357003/performance-game,51 club match rows from Transfermarkt performance-game API for season 2025.
Croatia,26,Petar Musa,FW,FC Dallas,MLS,2025,2026-06-12,387110,15,13,12,1044,12,3,rotation,reserve,33,33,transfermarkt_performance_game,https://tmapi.transfermarkt.technology/player/387110/performance-game,15 club match rows from Transfermarkt performance-game API for season 2025.
England,1,Jordan Pickford,GK,Everton,Premier League,2025,2026-06-12,130164,41,39,39,3540,0,0,starter,starter,78,85,transfermarkt_performance_game,https://tmapi.transfermarkt.technology/player/130164/performance-game,41 club match rows from Transfermarkt performance-game API for season 2025.
England,2,Ezri Konsa,DF,Aston Villa,Premier League,2025,2026-06-12,413403,56,48,46,4170,2,1,starter,starter,77,88,transfermarkt_performance_game,https://tmapi.transfermarkt.technology/player/413403/performance-game,56 club match rows from Transfermarkt performance-game API for season 2025.
England,3,Nico O'Reilly,DF,Manchester City,Premier League,2025,2026-06-12,743413,60,53,44,4044,9,6,starter,starter,83,93,transfermarkt_performance_game,https://tmapi.transfermarkt.technology/player/743413/performance-game,60 club match rows from Transfermarkt performance-game API for season 2025.
England,4,Declan Rice,MF,Arsenal,Premier League,2025,2026-06-12,357662,63,55,49,4456,5,11,starter,starter,93,97,transfermarkt_performance_game,https://tmapi.transfermarkt.technology/player/357662/performance-game,63 club match rows from Transfermarkt performance-game API for season 2025.
England,5,John Stones,DF,Manchester City,Premier League,2025,2026-06-12,186590,60,18,13,1144,0,0,starter,rotation,42,36,transfermarkt_performance_game,https://tmapi.transfermarkt.technology/player/186590/performance-game,60 club match rows from Transfermarkt performance-game API for season 2025.
England,6,Marc Guéhi,DF,Manchester City,Premier League,2025,2026-06-12,392757,62,53,50,4522,5,5,starter,starter,85,95,transfermarkt_performance_game,https://tmapi.transfermarkt.technology/player/392757/performance-game,62 club match rows from Transfermarkt performance-game API for season 2025.
England,7,Bukayo Saka,FW,Arsenal,Premier League,2025,2026-06-12,433177,63,49,37,3256,11,9,starter,starter,91,97,transfermarkt_performance_game,https://tmapi.transfermarkt.technology/player/433177/performance-game,63 club match rows from Transfermarkt performance-game API for season 2025.
England,8,Elliot Anderson,MF,Nottingham Forest,Premier League,2025,2026-06-12,567576,56,50,45,4168,4,5,starter,starter,80,89,transfermarkt_performance_game,https://tmapi.transfermarkt.technology/player/567576/performance-game,56 club match rows from Transfermarkt performance-game API for season 2025.
England,9,Harry Kane,FW,Bayern Munich,Bundesliga,2025,2026-06-12,132098,55,51,44,4050,61,7,starter,starter,88,95,transfermarkt_performance_game,https://tmapi.transfermarkt.technology/player/132098/performance-game,55 club match rows from Transfermarkt performance-game API for season 2025.
England,10,Jude Bellingham,MF,Real Madrid,La Liga,2025,2026-06-12,581678,56,40,30,2718,8,5,starter,starter,85,86,transfermarkt_performance_game,https://tmapi.transfermarkt.technology/player/581678/performance-game,56 club match rows from Transfermarkt performance-game API for season 2025.
England,11,Marcus Rashford,FW,Barcelona,La Liga,2025,2026-06-12,258923,57,49,26,2622,14,14,starter,starter,78,84,transfermarkt_performance_game,https://tmapi.transfermarkt.technology/player/258923/performance-game,57 club match rows from Transfermarkt performance-game API for season 2025.
England,12,Tino Livramento,DF,Newcastle United,Premier League,2025,2026-06-12,503981,58,26,19,1810,0,1,rotation,rotation,48,52,transfermarkt_performance_game,https://tmapi.transfermarkt.technology/player/503981/performance-game,58 club match rows from Transfermarkt performance-game API for season 2025.
England,13,Dean Henderson,GK,Crystal Palace,Premier League,2025,2026-06-12,258919,60,52,52,4680,0,0,reserve,rotation,66,84,transfermarkt_performance_game,https://tmapi.transfermarkt.technology/player/258919/performance-game,60 club match rows from Transfermarkt performance-game API for season 2025.
England,14,Jordan Henderson,MF,Brentford,Premier League,2025,2026-06-12,61651,45,34,24,2086,1,3,starter,rotation,61,63,transfermarkt_performance_game,https://tmapi.transfermarkt.technology/player/61651/performance-game,45 club match rows from Transfermarkt performance-game API for season 2025.
England,15,Dan Burn,DF,Newcastle United,Premier League,2025,2026-06-12,134270,58,44,39,3461,2,6,rotation,starter,72,90,transfermarkt_performance_game,https://tmapi.transfermarkt.technology/player/134270/performance-game,58 club match rows from Transfermarkt performance-game API for season 2025.
England,16,Kobbie Mainoo,MF,Manchester United,Premier League,2025,2026-06-12,820374,40,30,18,1806,1,3,rotation,rotation,52,54,transfermarkt_performance_game,https://tmapi.transfermarkt.technology/player/820374/performance-game,40 club match rows from Transfermarkt performance-game API for season 2025.
England,17,Morgan Rogers,MF,Aston Villa,Premier League,2025,2026-06-12,503743,56,55,51,4564,14,12,rotation,starter,83,95,transfermarkt_performance_game,https://tmapi.transfermarkt.technology/player/503743/performance-game,56 club match rows from Transfermarkt performance-game API for season 2025.
England,18,Anthony Gordon,FW,Newcastle United,Premier League,2025,2026-06-12,503733,58,46,36,2869,17,5,starter,starter,82,92,transfermarkt_performance_game,https://tmapi.transfermarkt.technology/player/503733/performance-game,58 club match rows from Transfermarkt performance-game API for season 2025.
England,19,Ollie Watkins,FW,Aston Villa,Premier League,2025,2026-06-12,324358,56,55,43,3839,21,5,rotation,starter,76,92,transfermarkt_performance_game,https://tmapi.transfermarkt.technology/player/324358/performance-game,56 club match rows from Transfermarkt performance-game API for season 2025.
England,20,Noni Madueke,FW,Arsenal,Premier League,2025,2026-06-12,503987,63,43,27,2257,8,4,rotation,rotation,63,72,transfermarkt_performance_game,https://tmapi.transfermarkt.technology/player/503987/performance-game,63 club match rows from Transfermarkt performance-game API for season 2025.
England,21,Eberechi Eze,MF,Arsenal,Premier League,2025,2026-06-12,479999,65,54,38,3291,10,6,rotation,starter,79,92,transfermarkt_performance_game,https://tmapi.transfermarkt.technology/player/479999/performance-game,65 club match rows from Transfermarkt performance-game API for season 2025.
England,22,Ivan Toney,FW,Al-Ahli,Saudi Pro League,2025,2026-06-12,251664,53,49,46,4250,42,11,rotation,starter,70,85,transfermarkt_performance_game,https://tmapi.transfermarkt.technology/player/251664/performance-game,53 club match rows from Transfermarkt performance-game API for season 2025.
England,23,James Trafford,GK,Manchester City,Premier League,2025,2026-06-12,566799,60,17,17,1530,0,0,reserve,reserve,32,37,transfermarkt_performance_game,https://tmapi.transfermarkt.technology/player/566799/performance-game,60 club match rows from Transfermarkt performance-game API for season 2025.
England,24,Reece James,DF,Chelsea,Premier League,2025,2026-06-12,472423,59,39,29,2667,2,7,rotation,starter,73,84,transfermarkt_performance_game,https://tmapi.transfermarkt.technology/player/472423/performance-game,59 club match rows from Transfermarkt performance-game API for season 2025.
England,25,Djed Spence,DF,Tottenham Hotspur,Premier League,2025,2026-06-12,483348,52,44,34,3024,0,0,rotation,starter,69,83,transfermarkt_performance_game,https://tmapi.transfermarkt.technology/player/483348/performance-game,52 club match rows from Transfermarkt performance-game API for season 2025.
England,26,Jarell Quansah,DF,Bayer Leverkusen,Bundesliga,2025,2026-06-12,632349,51,44,40,3706,5,0,squad,starter,72,88,transfermarkt_performance_game,https://tmapi.transfermarkt.technology/player/632349/performance-game,51 club match rows from Transfermarkt performance-game API for season 2025.
Ghana,1,Lawrence Ati-Zigi,GK,St. Gallen,SUI,2025,2026-06-12,254285,44,37,36,3285,0,0,starter,rotation,65,73,transfermarkt_performance_game,https://tmapi.transfermarkt.technology/player/254285/performance-game,44 club match rows from Transfermarkt performance-game API for season 2025.
Ghana,2,Alidu Seidu,DF,Rennes,Ligue 1,2025,2026-06-12,798404,56,26,18,1549,0,1,starter,rotation,45,45,transfermarkt_performance_game,https://tmapi.transfermarkt.technology/player/798404/performance-game,56 club match rows from Transfermarkt performance-game API for season 2025.
Ghana,3,Caleb Yirenkyi,MF,Nordsjælland,DEN,2025,2026-06-12,1240763,36,34,34,2999,2,6,starter,rotation,68,78,transfermarkt_performance_game,https://tmapi.transfermarkt.technology/player/1240763/performance-game,36 club match rows from Transfermarkt performance-game API for season 2025.
Ghana,4,Jonas Adjetey,DF,VfL Wolfsburg,Bundesliga,2025,2026-06-12,734676,51,27,23,2127,0,0,starter,rotation,52,56,transfermarkt_performance_game,https://tmapi.transfermarkt.technology/player/734676/performance-game,51 club match rows from Transfermarkt performance-game API for season 2025.
Ghana,5,Thomas Partey,MF,Villarreal,La Liga,2025,2026-06-12,230784,49,32,13,1325,0,0,starter,rotation,43,41,transfermarkt_performance_game,https://tmapi.transfermarkt.technology/player/230784/performance-game,49 club match rows from Transfermarkt performance-game API for season 2025.
Ghana,6,Abdul Mumin,DF,Rayo Vallecano,La Liga,2025,2026-06-12,451801,57,3,1,78,0,0,starter,reserve,13,3,transfermarkt_performance_game,https://tmapi.transfermarkt.technology/player/451801/performance-game,57 club match rows from Transfermarkt performance-game API for season 2025.
Ghana,7,Abdul Fatawu,FW,Leicester City,Premier League,2025,2026-06-12,864121,49,44,43,3722,9,8,starter,starter,79,91,transfermarkt_performance_game,https://tmapi.transfermarkt.technology/player/864121/performance-game,49 club match rows from Transfermarkt performance-game API for season 2025.
Ghana,8,Kwasi Sibo,MF,Oviedo,La Liga,2025,2026-06-12,538006,39,27,22,1806,0,0,starter,rotation,47,50,transfermarkt_performance_game,https://tmapi.transfermarkt.technology/player/538006/performance-game,39 club match rows from Transfermarkt performance-game API for season 2025.
Ghana,9,Jordan Ayew,FW,Leicester City,Premier League,2025,2026-06-12,108354,49,45,25,2366,6,3,starter,starter,69,74,transfermarkt_performance_game,https://tmapi.transfermarkt.technology/player/108354/performance-game,49 club match rows from Transfermarkt performance-game API for season 2025.
Ghana,10,Brandon Thomas-Asante,FW,Coventry City,Premier League,2025,2026-06-12,451747,49,34,22,1970,13,4,starter,rotation,57,63,transfermarkt_performance_game,https://tmapi.transfermarkt.technology/player/451747/performance-game,49 club match rows from Transfermarkt performance-game API for season 2025.
Ghana,11,Antoine Semenyo,MF,Manchester City,Premier League,2025,2026-06-12,583255,52,48,44,3870,21,6,starter,starter,92,98,transfermarkt_performance_game,https://tmapi.transfermarkt.technology/player/583255/performance-game,52 club match rows from Transfermarkt performance-game API for season 2025.
Ghana,12,Joseph Anang,GK,St Patrick's Athletic,IRL,2025,2026-06-12,576099,29,25,25,2280,0,0,reserve,rotation,40,50,transfermarkt_performance_game,https://tmapi.transfermarkt.technology/player/576099/performance-game,29 club match rows from Transfermarkt performance-game API for season 2025.
Ghana,13,Christopher Bonsu Baah,FW,Al-Qadsiah,Saudi Pro League,2025,2026-06-12,1119447,38,36,34,2881,3,13,starter,starter,69,79,transfermarkt_performance_game,https://tmapi.transfermarkt.technology/player/1119447/performance-game,38 club match rows from Transfermarkt performance-game API for season 2025.
Ghana,14,Gideon Mensah,DF,Auxerre,Ligue 1,2025,2026-06-12,397171,35,31,27,2424,0,1,starter,rotation,61,66,transfermarkt_performance_game,https://tmapi.transfermarkt.technology/player/397171/performance-game,35 club match rows from Transfermarkt performance-game API for season 2025.
Ghana,15,Elisha Owusu,MF,Auxerre,Ligue 1,2025,2026-06-12,395695,35,29,27,2349,0,0,rotation,rotation,53,63,transfermarkt_performance_game,https://tmapi.transfermarkt.technology/player/395695/performance-game,35 club match rows from Transfermarkt performance-game API for season 2025.
Ghana,16,Benjamin Asare,GK,Hearts of Oak,GHA,2025,2026-06-12,837368,34,19,19,1710,0,0,reserve,reserve,32,38,transfermarkt_performance_game,https://tmapi.transfermarkt.technology/player/837368/performance-game,34 club match rows from Transfermarkt performance-game API for season 2025.
Ghana,17,Abdul Rahman Baba,DF,PAOK,GRE,2025,2026-06-12,224884,55,47,40,3801,3,3,rotation,starter,71,85,transfermarkt_performance_game,https://tmapi.transfermarkt.technology/player/224884/performance-game,55 club match rows from Transfermarkt performance-game API for season 2025.
Ghana,18,Jerome Opoku,DF,İstanbul Başakşehir,TUR,2025,2026-06-12,408563,44,36,34,3056,1,2,rotation,rotation,64,78,transfermarkt_performance_game,https://tmapi.transfermarkt.technology/player/408563/performance-game,44 club match rows from Transfermarkt performance-game API for season 2025.
Ghana,19,Iñaki Williams,FW,Athletic Bilbao,La Liga,2025,2026-06-12,255508,52,39,33,2708,4,6,rotation,rotation,67,80,transfermarkt_performance_game,https://tmapi.transfermarkt.technology/player/255508/performance-game,52 club match rows from Transfermarkt performance-game API for season 2025.
Ghana,20,Augustine Boakye,MF,Saint-Étienne,Ligue 1,2025,2026-06-12,579263,40,36,35,2882,6,9,rotation,rotation,66,82,transfermarkt_performance_game,https://tmapi.transfermarkt.technology/player/579263/performance-game,40 club match rows from Transfermarkt performance-game API for season 2025.
Ghana,21,Kojo Peprah Oppong,DF,Nice,Ligue 1,2025,2026-06-12,1113451,52,43,40,3465,1,0,rotation,rotation,67,82,transfermarkt_performance_game,https://tmapi.transfermarkt.technology/player/1113451/performance-game,52 club match rows from Transfermarkt performance-game API for season 2025.
Ghana,22,Kamaldeen Sulemana,FW,Atalanta,Serie A,2025,2026-06-12,746695,54,37,12,1345,3,2,rotation,rotation,42,43,transfermarkt_performance_game,https://tmapi.transfermarkt.technology/player/746695/performance-game,54 club match rows from Transfermarkt performance-game API for season 2025.
Ghana,23,Derrick Luckassen,DF,Pafos,CYP,2025,2026-06-12,241457,56,47,47,4131,6,0,rotation,rotation,66,83,transfermarkt_performance_game,https://tmapi.transfermarkt.technology/player/241457/performance-game,56 club match rows from Transfermarkt performance-game API for season 2025.
Ghana,24,Ernest Nuamah,FW,Lyon,Ligue 1,2025,2026-06-12,955070,48,3,0,32,0,0,rotation,reserve,11,3,transfermarkt_performance_game,https://tmapi.transfermarkt.technology/player/955070/performance-game,48 club match rows from Transfermarkt performance-game API for season 2025.
Ghana,25,Prince Kwabena Adu,FW,Viktoria Plzeň,CZE,2025,2026-06-12,,0,0,0,0,0,0,rotation,reserve,26,26,no_transfermarkt_player_match,,"No matched Transfermarkt player URL; role score uses squad role, market value, caps and availability only."
Ghana,26,Marvin Senaya,DF,Auxerre,Ligue 1,2025,2026-06-12,830890,35,26,21,1875,1,0,squad,rotation,42,51,transfermarkt_performance_game,https://tmapi.transfermarkt.technology/player/830890/performance-game,35 club match rows from Transfermarkt performance-game API for season 2025.
Panama,1,Luis Mejía,GK,Nacional,URU,2025,2026-06-12,76715,26,18,18,1605,0,1,starter,rotation,49,42,transfermarkt_performance_game,https://tmapi.transfermarkt.technology/player/76715/performance-game,26 club match rows from Transfermarkt performance-game API for season 2025.
Panama,2,César Blackman,DF,Slovan Bratislava,SVK,2025,2026-06-12,440383,48,40,36,3308,3,7,starter,starter,80,88,transfermarkt_performance_game,https://tmapi.transfermarkt.technology/player/440383/performance-game,48 club match rows from Transfermarkt performance-game API for season 2025.
Panama,3,José Córdoba,DF,Norwich City,Premier League,2025,2026-06-12,698415,51,30,26,2431,1,1,starter,starter,75,73,transfermarkt_performance_game,https://tmapi.transfermarkt.technology/player/698415/performance-game,51 club match rows from Transfermarkt performance-game API for season 2025.
Panama,4,Fidel Escobar,DF,Saprissa,CRC,2025,2026-06-12,345716,53,30,28,2517,2,1,starter,rotation,66,69,transfermarkt_performance_game,https://tmapi.transfermarkt.technology/player/345716/performance-game,53 club match rows from Transfermarkt performance-game API for season 2025.
Panama,5,Edgardo Fariña,DF,Pari Nizhny Novgorod,RUS,2025,2026-06-12,923177,35,18,15,1255,0,0,starter,reserve,37,34,transfermarkt_performance_game,https://tmapi.transfermarkt.technology/player/923177/performance-game,35 club match rows from Transfermarkt performance-game API for season 2025.
Panama,6,Cristian Martínez,MF,Ironi Kiryat Shmona,ISR,2025,2026-06-12,419247,35,33,30,2617,4,1,starter,rotation,67,71,transfermarkt_performance_game,https://tmapi.transfermarkt.technology/player/419247/performance-game,35 club match rows from Transfermarkt performance-game API for season 2025.
Panama,7,José Luis Rodríguez,MF,Juárez,Liga MX,2025,2026-06-12,425028,38,37,34,2933,4,8,starter,starter,80,84,transfermarkt_performance_game,https://tmapi.transfermarkt.technology/player/425028/performance-game,38 club match rows from Transfermarkt performance-game API for season 2025.
Panama,8,Adalberto Carrasquilla,MF,UNAM,Liga MX,2025,2026-06-12,375300,43,40,33,2932,2,7,starter,starter,80,83,transfermarkt_performance_game,https://tmapi.transfermarkt.technology/player/375300/performance-game,43 club match rows from Transfermarkt performance-game API for season 2025.
Panama,9,Tomás Rodríguez,FW,Saprissa,CRC,2025,2026-06-12,569205,27,25,20,1603,7,1,starter,rotation,46,47,transfermarkt_performance_game,https://tmapi.transfermarkt.technology/player/569205/performance-game,27 club match rows from Transfermarkt performance-game API for season 2025.
Panama,10,Ismael Díaz,MF,León,Liga MX,2025,2026-06-12,243298,32,27,22,1932,10,6,starter,rotation,60,59,transfermarkt_performance_game,https://tmapi.transfermarkt.technology/player/243298/performance-game,32 club match rows from Transfermarkt performance-game API for season 2025.
Panama,11,Yoel Bárcenas,MF,Mazatlán,Liga MX,2025,2026-06-12,283473,34,30,25,2255,3,1,rotation,rotation,58,62,transfermarkt_performance_game,https://tmapi.transfermarkt.technology/player/283473/performance-game,34 club match rows from Transfermarkt performance-game API for season 2025.
Panama,12,César Samudio,GK,Marathón,HON,2025,2026-06-12,865550,52,30,30,2638,0,0,reserve,rotation,47,59,transfermarkt_performance_game,https://tmapi.transfermarkt.technology/player/865550/performance-game,52 club match rows from Transfermarkt performance-game API for season 2025.
Panama,13,Jiovany Ramos,DF,Puerto Cabello,VEN,2025,2026-06-12,403809,27,17,17,1517,1,0,rotation,reserve,38,40,transfermarkt_performance_game,https://tmapi.transfermarkt.technology/player/403809/performance-game,27 club match rows from Transfermarkt performance-game API for season 2025.
Panama,14,Carlos Harvey,DF,Minnesota United FC,MLS,2025,2026-06-12,628806,18,6,3,262,0,0,rotation,reserve,16,9,transfermarkt_performance_game,https://tmapi.transfermarkt.technology/player/628806/performance-game,18 club match rows from Transfermarkt performance-game API for season 2025.
Panama,15,Eric Davis,DF,Plaza Amador,PAN,2025,2026-06-12,121791,27,22,22,1854,3,8,rotation,rotation,54,58,transfermarkt_performance_game,https://tmapi.transfermarkt.technology/player/121791/performance-game,27 club match rows from Transfermarkt performance-game API for season 2025.
Panama,16,Andrés Andrade,DF,LASK,AUT,2025,2026-06-12,403808,38,36,36,3297,3,3,rotation,starter,76,85,transfermarkt_performance_game,https://tmapi.transfermarkt.technology/player/403808/performance-game,38 club match rows from Transfermarkt performance-game API for season 2025.
Panama,17,José Fajardo,FW,Universidad Católica,ECU,2025,2026-06-12,546803,20,18,13,1157,5,1,starter,rotation,41,35,transfermarkt_performance_game,https://tmapi.transfermarkt.technology/player/546803/performance-game,20 club match rows from Transfermarkt performance-game API for season 2025.
Panama,18,Cecilio Waterman,FW,Universidad de Concepción,CHI,2025,2026-06-12,177064,20,13,13,1145,3,1,starter,reserve,37,32,transfermarkt_performance_game,https://tmapi.transfermarkt.technology/player/177064/performance-game,20 club match rows from Transfermarkt performance-game API for season 2025.
Panama,19,Alberto Quintero,MF,Plaza Amador,PAN,2025,2026-06-12,126019,27,23,22,1842,5,4,rotation,rotation,51,54,transfermarkt_performance_game,https://tmapi.transfermarkt.technology/player/126019/performance-game,27 club match rows from Transfermarkt performance-game API for season 2025.
Panama,20,Aníbal Godoy,MF,San Diego FC,MLS,2025,2026-06-12,161671,19,17,13,1036,0,1,rotation,rotation,43,35,transfermarkt_performance_game,https://tmapi.transfermarkt.technology/player/161671/performance-game,19 club match rows from Transfermarkt performance-game API for season 2025.
Panama,21,César Yanis,MF,Cobresal,CHI,2025,2026-06-12,741098,21,13,11,924,0,3,rotation,reserve,31,28,transfermarkt_performance_game,https://tmapi.transfermarkt.technology/player/741098/performance-game,21 club match rows from Transfermarkt performance-game API for season 2025.
Panama,22,Orlando Mosquera,GK,Al-Fayha,Saudi Pro League,2025,2026-06-12,402979,35,33,33,3000,0,0,reserve,rotation,57,68,transfermarkt_performance_game,https://tmapi.transfermarkt.technology/player/402979/performance-game,35 club match rows from Transfermarkt performance-game API for season 2025.
Panama,23,Michael Amir Murillo,DF,Beşiktaş,TUR,2025,2026-06-12,354482,49,40,30,2706,4,5,squad,starter,76,83,transfermarkt_performance_game,https://tmapi.transfermarkt.technology/player/354482/performance-game,49 club match rows from Transfermarkt performance-game API for season 2025.
Panama,24,Azarias Londoño,FW,Universidad Católica,ECU,2025,2026-06-12,860998,21,10,4,470,1,1,starter,reserve,23,14,transfermarkt_performance_game,https://tmapi.transfermarkt.technology/player/860998/performance-game,21 club match rows from Transfermarkt performance-game API for season 2025.
Panama,25,Roderick Miller,DF,Turan Tovuz,AZE,2025,2026-06-12,157154,39,28,26,2299,0,2,squad,rotation,53,62,transfermarkt_performance_game,https://tmapi.transfermarkt.technology/player/157154/performance-game,39 club match rows from Transfermarkt performance-game API for season 2025.
Panama,26,Jorge Gutiérrez,DF,Deportivo La Guaira,VEN,2025,2026-06-12,443379,25,18,18,1617,0,1,squad,rotation,38,42,transfermarkt_performance_game,https://tmapi.transfermarkt.technology/player/443379/performance-game,25 club match rows from Transfermarkt performance-game API for season 2025.
