team,slot,player,position,age,club,league,market_value_m,caps,goals,injury_status,expected_role,list_status,source_url,snapshot_date
Czechia,1,Matěj Kovář,GK,26,PSV Eindhoven,Eredivisie,,19,0,unknown,starter,official_final,https://en.wikipedia.org/wiki/2026_FIFA_World_Cup_squads#Czech_Republic,2026-06-02
Czechia,2,David Zima,DF,25,Slavia Prague,CZE,,24,1,unknown,starter,official_final,https://en.wikipedia.org/wiki/2026_FIFA_World_Cup_squads#Czech_Republic,2026-06-02
Czechia,3,Tomáš Holeš,DF,33,Slavia Prague,CZE,,40,2,unknown,starter,official_final,https://en.wikipedia.org/wiki/2026_FIFA_World_Cup_squads#Czech_Republic,2026-06-02
Czechia,4,Robin Hranáč,DF,26,TSG Hoffenheim,Bundesliga,,13,1,unknown,starter,official_final,https://en.wikipedia.org/wiki/2026_FIFA_World_Cup_squads#Czech_Republic,2026-06-02
Czechia,5,Vladimír Coufal,DF,33,TSG Hoffenheim,Bundesliga,,61,2,unknown,starter,official_final,https://en.wikipedia.org/wiki/2026_FIFA_World_Cup_squads#Czech_Republic,2026-06-02
Czechia,6,Štěpán Chaloupek,DF,23,Slavia Prague,CZE,,4,0,unknown,rotation,official_final,https://en.wikipedia.org/wiki/2026_FIFA_World_Cup_squads#Czech_Republic,2026-06-02
Czechia,7,Ladislav Krejčí,DF,27,Wolverhampton Wanderers,Premier League,,26,5,unknown,rotation,official_final,https://en.wikipedia.org/wiki/2026_FIFA_World_Cup_squads#Czech_Republic,2026-06-02
Czechia,8,Vladimír Darida,MF,35,Hradec Králové,CZE,,78,8,unknown,starter,official_final,https://en.wikipedia.org/wiki/2026_FIFA_World_Cup_squads#Czech_Republic,2026-06-02
Czechia,9,Adam Hložek,FW,23,TSG Hoffenheim,Bundesliga,,42,5,unknown,starter,official_final,https://en.wikipedia.org/wiki/2026_FIFA_World_Cup_squads#Czech_Republic,2026-06-02
Czechia,10,Patrik Schick,FW,30,Bayer Leverkusen,Bundesliga,,52,25,unknown,starter,official_final,https://en.wikipedia.org/wiki/2026_FIFA_World_Cup_squads#Czech_Republic,2026-06-02
Czechia,11,Jan Kuchta,FW,29,Sparta Prague,CZE,,31,3,unknown,starter,official_final,https://en.wikipedia.org/wiki/2026_FIFA_World_Cup_squads#Czech_Republic,2026-06-02
Czechia,12,Lukáš Červ,MF,25,Viktoria Plzeň,CZE,,16,2,unknown,starter,official_final,https://en.wikipedia.org/wiki/2026_FIFA_World_Cup_squads#Czech_Republic,2026-06-02
Czechia,13,Mojmír Chytil,FW,27,Slavia Prague,CZE,,22,6,unknown,starter,official_final,https://en.wikipedia.org/wiki/2026_FIFA_World_Cup_squads#Czech_Republic,2026-06-02
Czechia,14,David Jurásek,DF,25,Slavia Prague,CZE,,17,1,unknown,rotation,official_final,https://en.wikipedia.org/wiki/2026_FIFA_World_Cup_squads#Czech_Republic,2026-06-02
Czechia,15,Pavel Šulc,FW,25,Lyon,Ligue 1,,20,5,unknown,rotation,official_final,https://en.wikipedia.org/wiki/2026_FIFA_World_Cup_squads#Czech_Republic,2026-06-02
Czechia,16,Jindřich Staněk,GK,30,Slavia Prague,CZE,,14,0,unknown,reserve,official_final,https://en.wikipedia.org/wiki/2026_FIFA_World_Cup_squads#Czech_Republic,2026-06-02
Czechia,17,Lukáš Provod,MF,29,Slavia Prague,CZE,,37,3,unknown,starter,official_final,https://en.wikipedia.org/wiki/2026_FIFA_World_Cup_squads#Czech_Republic,2026-06-02
Czechia,18,Michal Sadílek,MF,27,Slavia Prague,CZE,,34,1,unknown,starter,official_final,https://en.wikipedia.org/wiki/2026_FIFA_World_Cup_squads#Czech_Republic,2026-06-02
Czechia,19,Tomáš Chorý,FW,31,Slavia Prague,CZE,,21,6,unknown,rotation,official_final,https://en.wikipedia.org/wiki/2026_FIFA_World_Cup_squads#Czech_Republic,2026-06-02
Czechia,20,Jaroslav Zelený,DF,33,Sparta Prague,CZE,,22,0,unknown,rotation,official_final,https://en.wikipedia.org/wiki/2026_FIFA_World_Cup_squads#Czech_Republic,2026-06-02
Czechia,21,David Douděra,DF,28,Slavia Prague,CZE,,16,2,unknown,squad,official_final,https://en.wikipedia.org/wiki/2026_FIFA_World_Cup_squads#Czech_Republic,2026-06-02
Czechia,22,Tomáš Souček,MF,31,West Ham United,Premier League,,89,17,unknown,rotation,official_final,https://en.wikipedia.org/wiki/2026_FIFA_World_Cup_squads#Czech_Republic,2026-06-02
Czechia,23,Lukáš Horníček,GK,23,Braga,Primeira Liga,,1,0,unknown,reserve,official_final,https://en.wikipedia.org/wiki/2026_FIFA_World_Cup_squads#Czech_Republic,2026-06-02
Czechia,24,Alexandr Sojka,MF,23,Viktoria Plzeň,CZE,,1,0,unknown,rotation,official_final,https://en.wikipedia.org/wiki/2026_FIFA_World_Cup_squads#Czech_Republic,2026-06-02
Czechia,25,Hugo Sochůrek,MF,18,Sparta Prague,CZE,,1,0,unknown,rotation,official_final,https://en.wikipedia.org/wiki/2026_FIFA_World_Cup_squads#Czech_Republic,2026-06-02
Czechia,26,Denis Višinský,FW,23,Viktoria Plzeň,CZE,,1,0,unknown,rotation,official_final,https://en.wikipedia.org/wiki/2026_FIFA_World_Cup_squads#Czech_Republic,2026-06-02
Mexico,1,Raúl Rangel,GK,26,Guadalajara,Liga MX,,13,0,unknown,starter,official_final,https://en.wikipedia.org/wiki/2026_FIFA_World_Cup_squads#Mexico,2026-06-02
Mexico,2,Jorge Sánchez,DF,28,PAOK,GRE,,58,3,unknown,starter,official_final,https://en.wikipedia.org/wiki/2026_FIFA_World_Cup_squads#Mexico,2026-06-02
Mexico,3,César Montes,DF,29,Lokomotiv Moscow,RUS,,66,4,unknown,starter,official_final,https://en.wikipedia.org/wiki/2026_FIFA_World_Cup_squads#Mexico,2026-06-02
Mexico,4,Edson Álvarez,DF,28,Fenerbahçe,TUR,,97,7,unknown,starter,official_final,https://en.wikipedia.org/wiki/2026_FIFA_World_Cup_squads#Mexico,2026-06-02
Mexico,5,Johan Vásquez,DF,27,Genoa,Serie A,,45,2,unknown,starter,official_final,https://en.wikipedia.org/wiki/2026_FIFA_World_Cup_squads#Mexico,2026-06-02
Mexico,6,Érik Lira,MF,26,Cruz Azul,Liga MX,,24,0,unknown,starter,official_final,https://en.wikipedia.org/wiki/2026_FIFA_World_Cup_squads#Mexico,2026-06-02
Mexico,7,Luis Romo,MF,31,Guadalajara,Liga MX,,62,4,unknown,starter,official_final,https://en.wikipedia.org/wiki/2026_FIFA_World_Cup_squads#Mexico,2026-06-02
Mexico,8,Álvaro Fidalgo,MF,29,Real Betis,La Liga,,3,0,unknown,starter,official_final,https://en.wikipedia.org/wiki/2026_FIFA_World_Cup_squads#Mexico,2026-06-02
Mexico,9,Raúl Jiménez,FW,35,Fulham,Premier League,,123,44,unknown,starter,official_final,https://en.wikipedia.org/wiki/2026_FIFA_World_Cup_squads#Mexico,2026-06-02
Mexico,10,Alexis Vega,FW,28,Toluca,Liga MX,,51,7,unknown,starter,official_final,https://en.wikipedia.org/wiki/2026_FIFA_World_Cup_squads#Mexico,2026-06-02
Mexico,11,Santiago Giménez,FW,25,Milan,Serie A,,47,6,unknown,starter,official_final,https://en.wikipedia.org/wiki/2026_FIFA_World_Cup_squads#Mexico,2026-06-02
Mexico,12,Carlos Acevedo,GK,30,Santos Laguna,Liga MX,,7,0,unknown,reserve,official_final,https://en.wikipedia.org/wiki/2026_FIFA_World_Cup_squads#Mexico,2026-06-02
Mexico,13,Guillermo Ochoa,GK,40,AEL Limassol,CYP,,152,0,unknown,reserve,official_final,https://en.wikipedia.org/wiki/2026_FIFA_World_Cup_squads#Mexico,2026-06-02
Mexico,14,Armando González,FW,23,Guadalajara,Liga MX,,7,1,unknown,starter,official_final,https://en.wikipedia.org/wiki/2026_FIFA_World_Cup_squads#Mexico,2026-06-02
Mexico,15,Israel Reyes,DF,26,América,Liga MX,,33,2,unknown,rotation,official_final,https://en.wikipedia.org/wiki/2026_FIFA_World_Cup_squads#Mexico,2026-06-02
Mexico,16,Julián Quiñones,FW,29,Al-Qadsiah,Saudi Pro League,,21,2,unknown,rotation,official_final,https://en.wikipedia.org/wiki/2026_FIFA_World_Cup_squads#Mexico,2026-06-02
Mexico,17,Orbelín Pineda,MF,30,AEK Athens,GRE,,91,12,unknown,starter,official_final,https://en.wikipedia.org/wiki/2026_FIFA_World_Cup_squads#Mexico,2026-06-02
Mexico,18,Obed Vargas,MF,20,Atlético Madrid,La Liga,,6,0,unknown,rotation,official_final,https://en.wikipedia.org/wiki/2026_FIFA_World_Cup_squads#Mexico,2026-06-02
Mexico,19,Gilberto Mora,MF,17,Tijuana,Liga MX,,7,0,unknown,rotation,official_final,https://en.wikipedia.org/wiki/2026_FIFA_World_Cup_squads#Mexico,2026-06-02
Mexico,20,Mateo Chávez,DF,22,AZ,Eredivisie,,9,0,unknown,rotation,official_final,https://en.wikipedia.org/wiki/2026_FIFA_World_Cup_squads#Mexico,2026-06-02
Mexico,21,César Huerta,FW,25,Anderlecht,BEL,,26,3,unknown,rotation,official_final,https://en.wikipedia.org/wiki/2026_FIFA_World_Cup_squads#Mexico,2026-06-02
Mexico,22,Guillermo Martínez,FW,31,UNAM,Liga MX,,11,3,unknown,rotation,official_final,https://en.wikipedia.org/wiki/2026_FIFA_World_Cup_squads#Mexico,2026-06-02
Mexico,23,Jesús Gallardo,DF,31,Toluca,Liga MX,,120,3,unknown,rotation,official_final,https://en.wikipedia.org/wiki/2026_FIFA_World_Cup_squads#Mexico,2026-06-02
Mexico,24,Luis Chávez,MF,30,Dynamo Moscow,RUS,,44,4,unknown,rotation,official_final,https://en.wikipedia.org/wiki/2026_FIFA_World_Cup_squads#Mexico,2026-06-02
Mexico,25,Roberto Alvarado,FW,27,Guadalajara,Liga MX,,66,5,unknown,rotation,official_final,https://en.wikipedia.org/wiki/2026_FIFA_World_Cup_squads#Mexico,2026-06-02
Mexico,26,Brian Gutiérrez,MF,22,Guadalajara,Liga MX,,6,2,unknown,rotation,official_final,https://en.wikipedia.org/wiki/2026_FIFA_World_Cup_squads#Mexico,2026-06-02
South Africa,1,Ronwen Williams,GK,34,Mamelodi Sundowns,RSA,,62,0,unknown,starter,official_final,https://en.wikipedia.org/wiki/2026_FIFA_World_Cup_squads#South_Africa,2026-06-02
South Africa,2,Thabang Matuludi,DF,27,Polokwane City,RSA,,2,0,unknown,starter,official_final,https://en.wikipedia.org/wiki/2026_FIFA_World_Cup_squads#South_Africa,2026-06-02
South Africa,3,Khulumani Ndamane,DF,22,Mamelodi Sundowns,RSA,,5,0,unknown,starter,official_final,https://en.wikipedia.org/wiki/2026_FIFA_World_Cup_squads#South_Africa,2026-06-02
South Africa,4,Teboho Mokoena,MF,29,Mamelodi Sundowns,RSA,,51,9,unknown,starter,official_final,https://en.wikipedia.org/wiki/2026_FIFA_World_Cup_squads#South_Africa,2026-06-02
South Africa,5,Thalente Mbatha,MF,26,Orlando Pirates,RSA,,14,3,unknown,starter,official_final,https://en.wikipedia.org/wiki/2026_FIFA_World_Cup_squads#South_Africa,2026-06-02
South Africa,6,Aubrey Modiba,DF,30,Mamelodi Sundowns,RSA,,44,3,unknown,starter,official_final,https://en.wikipedia.org/wiki/2026_FIFA_World_Cup_squads#South_Africa,2026-06-02
South Africa,7,Oswin Appollis,FW,24,Orlando Pirates,RSA,,25,8,unknown,starter,official_final,https://en.wikipedia.org/wiki/2026_FIFA_World_Cup_squads#South_Africa,2026-06-02
South Africa,8,Tshepang Moremi,FW,25,Orlando Pirates,RSA,,9,1,unknown,starter,official_final,https://en.wikipedia.org/wiki/2026_FIFA_World_Cup_squads#South_Africa,2026-06-02
South Africa,9,Lyle Foster,FW,25,Burnley,Premier League,,26,10,unknown,starter,official_final,https://en.wikipedia.org/wiki/2026_FIFA_World_Cup_squads#South_Africa,2026-06-02
South Africa,10,Relebohile Mofokeng,FW,21,Orlando Pirates,RSA,,12,0,unknown,starter,official_final,https://en.wikipedia.org/wiki/2026_FIFA_World_Cup_squads#South_Africa,2026-06-02
South Africa,11,Themba Zwane,MF,36,Mamelodi Sundowns,RSA,,53,12,unknown,starter,official_final,https://en.wikipedia.org/wiki/2026_FIFA_World_Cup_squads#South_Africa,2026-06-02
South Africa,12,Thapelo Maseko,FW,22,AEL Limassol,CYP,,9,1,unknown,rotation,official_final,https://en.wikipedia.org/wiki/2026_FIFA_World_Cup_squads#South_Africa,2026-06-02
South Africa,13,Sphephelo Sithole,MF,27,Tondela,Primeira Liga,,27,1,unknown,starter,official_final,https://en.wikipedia.org/wiki/2026_FIFA_World_Cup_squads#South_Africa,2026-06-02
South Africa,14,Mbekezeli Mbokazi,DF,20,Chicago Fire FC,MLS,,10,1,unknown,starter,official_final,https://en.wikipedia.org/wiki/2026_FIFA_World_Cup_squads#South_Africa,2026-06-02
South Africa,15,Iqraam Rayners,FW,30,Mamelodi Sundowns,RSA,,13,4,unknown,rotation,official_final,https://en.wikipedia.org/wiki/2026_FIFA_World_Cup_squads#South_Africa,2026-06-02
South Africa,16,Sipho Chaine,GK,29,Orlando Pirates,RSA,,3,0,unknown,reserve,official_final,https://en.wikipedia.org/wiki/2026_FIFA_World_Cup_squads#South_Africa,2026-06-02
South Africa,17,Evidence Makgopa,FW,26,Orlando Pirates,RSA,,26,6,unknown,rotation,official_final,https://en.wikipedia.org/wiki/2026_FIFA_World_Cup_squads#South_Africa,2026-06-02
South Africa,18,Samukele Kabini,DF,22,Molde,NOR,,5,0,unknown,rotation,official_final,https://en.wikipedia.org/wiki/2026_FIFA_World_Cup_squads#South_Africa,2026-06-02
South Africa,19,Nkosinathi Sibisi,DF,30,Orlando Pirates,RSA,,19,0,unknown,rotation,official_final,https://en.wikipedia.org/wiki/2026_FIFA_World_Cup_squads#South_Africa,2026-06-02
South Africa,20,Khuliso Mudau,DF,31,Mamelodi Sundowns,RSA,,32,1,unknown,rotation,official_final,https://en.wikipedia.org/wiki/2026_FIFA_World_Cup_squads#South_Africa,2026-06-02
South Africa,21,Ime Okon,DF,22,Hannover 96,Bundesliga,,7,1,unknown,rotation,official_final,https://en.wikipedia.org/wiki/2026_FIFA_World_Cup_squads#South_Africa,2026-06-02
South Africa,22,Ricardo Goss,GK,32,Siwelele,RSA,,4,0,unknown,reserve,official_final,https://en.wikipedia.org/wiki/2026_FIFA_World_Cup_squads#South_Africa,2026-06-02
South Africa,23,Jayden Adams,MF,25,Mamelodi Sundowns,RSA,,4,0,unknown,rotation,official_final,https://en.wikipedia.org/wiki/2026_FIFA_World_Cup_squads#South_Africa,2026-06-02
South Africa,24,Olwethu Makhanya,DF,22,Philadelphia Union,MLS,,0,0,unknown,squad,official_final,https://en.wikipedia.org/wiki/2026_FIFA_World_Cup_squads#South_Africa,2026-06-02
South Africa,25,Kamogelo Sebelebele,FW,23,Orlando Pirates,RSA,,2,0,unknown,rotation,official_final,https://en.wikipedia.org/wiki/2026_FIFA_World_Cup_squads#South_Africa,2026-06-02
South Africa,26,Bradley Cross,DF,25,Kaizer Chiefs,RSA,,0,0,unknown,squad,official_final,https://en.wikipedia.org/wiki/2026_FIFA_World_Cup_squads#South_Africa,2026-06-02
Korea Republic,1,Kim Seung-gyu,GK,35,FC Tokyo,J1 League,,86,0,unknown,starter,official_final,https://en.wikipedia.org/wiki/2026_FIFA_World_Cup_squads#South_Korea,2026-06-02
Korea Republic,2,Lee Han-beom,DF,23,Midtjylland,DEN,,7,0,unknown,starter,official_final,https://en.wikipedia.org/wiki/2026_FIFA_World_Cup_squads#South_Korea,2026-06-02
Korea Republic,3,Lee Gi-hyuk,MF,25,Gangwon FC,K League 1,,2,0,unknown,starter,official_final,https://en.wikipedia.org/wiki/2026_FIFA_World_Cup_squads#South_Korea,2026-06-02
Korea Republic,4,Kim Min-jae,DF,29,Bayern Munich,Bundesliga,,78,4,unknown,starter,official_final,https://en.wikipedia.org/wiki/2026_FIFA_World_Cup_squads#South_Korea,2026-06-02
Korea Republic,5,Kim Tae-hyeon,DF,25,Kashima Antlers,J1 League,,7,0,unknown,starter,official_final,https://en.wikipedia.org/wiki/2026_FIFA_World_Cup_squads#South_Korea,2026-06-02
Korea Republic,6,Hwang In-beom,MF,29,Feyenoord,Eredivisie,,72,6,unknown,starter,official_final,https://en.wikipedia.org/wiki/2026_FIFA_World_Cup_squads#South_Korea,2026-06-02
Korea Republic,7,Son Heung-min,FW,33,Los Angeles FC,MLS,,143,56,unknown,starter,official_final,https://en.wikipedia.org/wiki/2026_FIFA_World_Cup_squads#South_Korea,2026-06-02
Korea Republic,8,Paik Seung-ho,MF,29,Birmingham City,Premier League,,26,3,unknown,starter,official_final,https://en.wikipedia.org/wiki/2026_FIFA_World_Cup_squads#South_Korea,2026-06-02
Korea Republic,9,Cho Gue-sung,FW,28,Midtjylland,DEN,,43,12,unknown,starter,official_final,https://en.wikipedia.org/wiki/2026_FIFA_World_Cup_squads#South_Korea,2026-06-02
Korea Republic,10,Lee Jae-sung,MF,33,Mainz 05,Bundesliga,,104,15,unknown,starter,official_final,https://en.wikipedia.org/wiki/2026_FIFA_World_Cup_squads#South_Korea,2026-06-02
Korea Republic,11,Hwang Hee-chan,MF,30,Wolverhampton Wanderers,Premier League,,78,17,unknown,rotation,official_final,https://en.wikipedia.org/wiki/2026_FIFA_World_Cup_squads#South_Korea,2026-06-02
Korea Republic,12,Song Bum-keun,GK,28,Jeonbuk Hyundai Motors,K League 1,,2,0,unknown,reserve,official_final,https://en.wikipedia.org/wiki/2026_FIFA_World_Cup_squads#South_Korea,2026-06-02
Korea Republic,13,Lee Tae-seok,DF,23,Austria Wien,AUT,,14,1,unknown,starter,official_final,https://en.wikipedia.org/wiki/2026_FIFA_World_Cup_squads#South_Korea,2026-06-02
Korea Republic,14,Cho Wi-je,DF,24,Jeonbuk Hyundai Motors,K League 1,,0,0,unknown,rotation,official_final,https://en.wikipedia.org/wiki/2026_FIFA_World_Cup_squads#South_Korea,2026-06-02
Korea Republic,15,Kim Moon-hwan,DF,30,Daejeon Hana Citizen,K League 1,,35,0,unknown,rotation,official_final,https://en.wikipedia.org/wiki/2026_FIFA_World_Cup_squads#South_Korea,2026-06-02
Korea Republic,16,Park Jin-seob,DF,30,Zhejiang,CHN,,13,1,unknown,rotation,official_final,https://en.wikipedia.org/wiki/2026_FIFA_World_Cup_squads#South_Korea,2026-06-02
Korea Republic,17,Bae Jun-ho,MF,22,Stoke City,Premier League,,13,2,unknown,rotation,official_final,https://en.wikipedia.org/wiki/2026_FIFA_World_Cup_squads#South_Korea,2026-06-02
Korea Republic,18,Oh Hyeon-gyu,FW,25,Beşiktaş,TUR,,26,6,unknown,starter,official_final,https://en.wikipedia.org/wiki/2026_FIFA_World_Cup_squads#South_Korea,2026-06-02
Korea Republic,19,Lee Kang-in,MF,25,Paris Saint-Germain,Ligue 1,,46,11,unknown,rotation,official_final,https://en.wikipedia.org/wiki/2026_FIFA_World_Cup_squads#South_Korea,2026-06-02
Korea Republic,20,Yang Hyun-jun,MF,24,Celtic,SCO,,8,0,unknown,rotation,official_final,https://en.wikipedia.org/wiki/2026_FIFA_World_Cup_squads#South_Korea,2026-06-02
Korea Republic,21,Jo Hyeon-woo,GK,34,Ulsan HD,K League 1,,48,0,unknown,reserve,official_final,https://en.wikipedia.org/wiki/2026_FIFA_World_Cup_squads#South_Korea,2026-06-02
Korea Republic,22,Seol Young-woo,DF,27,Red Star Belgrade,SRB,,33,0,unknown,rotation,official_final,https://en.wikipedia.org/wiki/2026_FIFA_World_Cup_squads#South_Korea,2026-06-02
Korea Republic,23,Jens Castrop,DF,22,Borussia Mönchengladbach,Bundesliga,,6,0,unknown,squad,official_final,https://en.wikipedia.org/wiki/2026_FIFA_World_Cup_squads#South_Korea,2026-06-02
Korea Republic,24,Kim Jin-gyu,MF,29,Jeonbuk Hyundai Motors,K League 1,,21,3,unknown,squad,official_final,https://en.wikipedia.org/wiki/2026_FIFA_World_Cup_squads#South_Korea,2026-06-02
Korea Republic,25,Eom Ji-sung,MF,24,Swansea City,WAL,,9,2,unknown,squad,official_final,https://en.wikipedia.org/wiki/2026_FIFA_World_Cup_squads#South_Korea,2026-06-02
Korea Republic,26,Lee Dong-gyeong,MF,28,Ulsan HD,K League 1,,17,3,unknown,squad,official_final,https://en.wikipedia.org/wiki/2026_FIFA_World_Cup_squads#South_Korea,2026-06-02
Bosnia and Herzegovina,1,Nikola Vasilj,GK,30,FC St. Pauli,Bundesliga,,25,0,unknown,starter,official_final,https://en.wikipedia.org/wiki/2026_FIFA_World_Cup_squads#Bosnia_and_Herzegovina,2026-06-02
Bosnia and Herzegovina,2,Nihad Mujakić,DF,28,Gaziantep,TUR,,11,1,unknown,starter,official_final,https://en.wikipedia.org/wiki/2026_FIFA_World_Cup_squads#Bosnia_and_Herzegovina,2026-06-02
Bosnia and Herzegovina,3,Dennis Hadžikadunić,DF,27,Sampdoria,Serie A,,31,0,unknown,starter,official_final,https://en.wikipedia.org/wiki/2026_FIFA_World_Cup_squads#Bosnia_and_Herzegovina,2026-06-02
Bosnia and Herzegovina,4,Tarik Muharemović,DF,23,Sassuolo,Serie A,,13,1,unknown,starter,official_final,https://en.wikipedia.org/wiki/2026_FIFA_World_Cup_squads#Bosnia_and_Herzegovina,2026-06-02
Bosnia and Herzegovina,5,Sead Kolašinac,DF,32,Atalanta,Serie A,,64,0,unknown,starter,official_final,https://en.wikipedia.org/wiki/2026_FIFA_World_Cup_squads#Bosnia_and_Herzegovina,2026-06-02
Bosnia and Herzegovina,6,Benjamin Tahirović,MF,23,Brøndby,DEN,,27,2,unknown,starter,official_final,https://en.wikipedia.org/wiki/2026_FIFA_World_Cup_squads#Bosnia_and_Herzegovina,2026-06-02
Bosnia and Herzegovina,7,Amar Dedić,DF,23,Benfica,Primeira Liga,,27,1,unknown,rotation,official_final,https://en.wikipedia.org/wiki/2026_FIFA_World_Cup_squads#Bosnia_and_Herzegovina,2026-06-02
Bosnia and Herzegovina,8,Armin Gigović,MF,24,Young Boys,SUI,,19,1,unknown,starter,official_final,https://en.wikipedia.org/wiki/2026_FIFA_World_Cup_squads#Bosnia_and_Herzegovina,2026-06-02
Bosnia and Herzegovina,9,Samed Baždar,FW,22,Jagiellonia Białystok,POL,,12,1,unknown,starter,official_final,https://en.wikipedia.org/wiki/2026_FIFA_World_Cup_squads#Bosnia_and_Herzegovina,2026-06-02
Bosnia and Herzegovina,10,Ermedin Demirović,FW,28,VfB Stuttgart,Bundesliga,,39,4,unknown,starter,official_final,https://en.wikipedia.org/wiki/2026_FIFA_World_Cup_squads#Bosnia_and_Herzegovina,2026-06-02
Bosnia and Herzegovina,11,Edin Džeko,FW,40,Schalke 04,Bundesliga,,148,73,unknown,starter,official_final,https://en.wikipedia.org/wiki/2026_FIFA_World_Cup_squads#Bosnia_and_Herzegovina,2026-06-02
Bosnia and Herzegovina,12,Mladen Jurkas,GK,18,Borac Banja Luka,BIH,,0,0,unknown,reserve,official_final,https://en.wikipedia.org/wiki/2026_FIFA_World_Cup_squads#Bosnia_and_Herzegovina,2026-06-02
Bosnia and Herzegovina,13,Ivan Bašić,MF,24,Astana,KAZ,,16,0,unknown,starter,official_final,https://en.wikipedia.org/wiki/2026_FIFA_World_Cup_squads#Bosnia_and_Herzegovina,2026-06-02
Bosnia and Herzegovina,14,Ivan Šunjić,MF,29,Pafos,CYP,,11,0,unknown,starter,official_final,https://en.wikipedia.org/wiki/2026_FIFA_World_Cup_squads#Bosnia_and_Herzegovina,2026-06-02
Bosnia and Herzegovina,15,Amar Memić,MF,25,Viktoria Plzeň,CZE,,12,1,unknown,rotation,official_final,https://en.wikipedia.org/wiki/2026_FIFA_World_Cup_squads#Bosnia_and_Herzegovina,2026-06-02
Bosnia and Herzegovina,16,Amir Hadžiahmetović,MF,29,Hull City,Premier League,,35,0,unknown,rotation,official_final,https://en.wikipedia.org/wiki/2026_FIFA_World_Cup_squads#Bosnia_and_Herzegovina,2026-06-02
Bosnia and Herzegovina,17,Dženis Burnić,MF,28,Karlsruher SC,Bundesliga,,19,0,unknown,rotation,official_final,https://en.wikipedia.org/wiki/2026_FIFA_World_Cup_squads#Bosnia_and_Herzegovina,2026-06-02
Bosnia and Herzegovina,18,Nikola Katić,DF,29,Schalke 04,Bundesliga,,16,1,unknown,rotation,official_final,https://en.wikipedia.org/wiki/2026_FIFA_World_Cup_squads#Bosnia_and_Herzegovina,2026-06-02
Bosnia and Herzegovina,19,Kerim Alajbegović,FW,18,Red Bull Salzburg,AUT,,9,1,unknown,starter,official_final,https://en.wikipedia.org/wiki/2026_FIFA_World_Cup_squads#Bosnia_and_Herzegovina,2026-06-02
Bosnia and Herzegovina,20,Esmir Bajraktarević,FW,21,PSV Eindhoven,Eredivisie,,15,1,unknown,rotation,official_final,https://en.wikipedia.org/wiki/2026_FIFA_World_Cup_squads#Bosnia_and_Herzegovina,2026-06-02
Bosnia and Herzegovina,21,Stjepan Radeljić,DF,28,Rijeka,CRO,,5,0,unknown,rotation,official_final,https://en.wikipedia.org/wiki/2026_FIFA_World_Cup_squads#Bosnia_and_Herzegovina,2026-06-02
Bosnia and Herzegovina,22,Martin Zlomislić,GK,27,Rijeka,CRO,,3,0,unknown,reserve,official_final,https://en.wikipedia.org/wiki/2026_FIFA_World_Cup_squads#Bosnia_and_Herzegovina,2026-06-02
Bosnia and Herzegovina,23,Haris Tabaković,FW,31,Borussia Mönchengladbach,Bundesliga,,10,4,unknown,rotation,official_final,https://en.wikipedia.org/wiki/2026_FIFA_World_Cup_squads#Bosnia_and_Herzegovina,2026-06-02
Bosnia and Herzegovina,24,Nidal Čelik,DF,19,Lens,Ligue 1,,1,0,unknown,rotation,official_final,https://en.wikipedia.org/wiki/2026_FIFA_World_Cup_squads#Bosnia_and_Herzegovina,2026-06-02
Bosnia and Herzegovina,25,Jovo Lukić,FW,27,Universitatea Cluj,ROU,,2,0,unknown,rotation,official_final,https://en.wikipedia.org/wiki/2026_FIFA_World_Cup_squads#Bosnia_and_Herzegovina,2026-06-02
Bosnia and Herzegovina,26,Ermin Mahmić,MF,21,Slovan Liberec,CZE,,1,0,unknown,rotation,official_final,https://en.wikipedia.org/wiki/2026_FIFA_World_Cup_squads#Bosnia_and_Herzegovina,2026-06-02
Canada,1,Dayne St. Clair,GK,29,Inter Miami CF,MLS,,19,0,unknown,starter,official_final,https://en.wikipedia.org/wiki/2026_FIFA_World_Cup_squads#Canada,2026-06-02
Canada,2,Alistair Johnston,DF,27,Celtic,SCO,,56,1,unknown,starter,official_final,https://en.wikipedia.org/wiki/2026_FIFA_World_Cup_squads#Canada,2026-06-02
Canada,3,Alfie Jones,DF,28,Middlesbrough,Premier League,,1,0,unknown,starter,official_final,https://en.wikipedia.org/wiki/2026_FIFA_World_Cup_squads#Canada,2026-06-02
Canada,4,Luc de Fougerolles,DF,20,Dender,BEL,,11,0,unknown,starter,official_final,https://en.wikipedia.org/wiki/2026_FIFA_World_Cup_squads#Canada,2026-06-02
Canada,5,Joel Waterman,DF,30,Chicago Fire FC,MLS,,17,0,unknown,starter,official_final,https://en.wikipedia.org/wiki/2026_FIFA_World_Cup_squads#Canada,2026-06-02
Canada,6,Mathieu Choinière,MF,27,Los Angeles FC,MLS,,22,0,unknown,starter,official_final,https://en.wikipedia.org/wiki/2026_FIFA_World_Cup_squads#Canada,2026-06-02
Canada,7,Stephen Eustáquio,MF,29,Los Angeles FC,MLS,,54,4,unknown,starter,official_final,https://en.wikipedia.org/wiki/2026_FIFA_World_Cup_squads#Canada,2026-06-02
Canada,8,Ismaël Koné,MF,23,Sassuolo,Serie A,,38,4,unknown,starter,official_final,https://en.wikipedia.org/wiki/2026_FIFA_World_Cup_squads#Canada,2026-06-02
Canada,9,Cyle Larin,FW,31,Southampton,Premier League,,88,30,unknown,starter,official_final,https://en.wikipedia.org/wiki/2026_FIFA_World_Cup_squads#Canada,2026-06-02
Canada,10,Jonathan David,FW,26,Juventus,Serie A,,75,39,unknown,starter,official_final,https://en.wikipedia.org/wiki/2026_FIFA_World_Cup_squads#Canada,2026-06-02
Canada,11,Liam Millar,MF,26,Hull City,Premier League,,39,1,unknown,starter,official_final,https://en.wikipedia.org/wiki/2026_FIFA_World_Cup_squads#Canada,2026-06-02
Canada,12,Tani Oluwaseyi,FW,26,Villarreal,La Liga,,22,2,unknown,starter,official_final,https://en.wikipedia.org/wiki/2026_FIFA_World_Cup_squads#Canada,2026-06-02
Canada,13,Derek Cornelius,DF,28,Rangers,SCO,,42,1,unknown,rotation,official_final,https://en.wikipedia.org/wiki/2026_FIFA_World_Cup_squads#Canada,2026-06-02
Canada,14,Jacob Shaffelburg,MF,26,Los Angeles FC,MLS,,31,6,unknown,rotation,official_final,https://en.wikipedia.org/wiki/2026_FIFA_World_Cup_squads#Canada,2026-06-02
Canada,15,Moïse Bombito,DF,26,Nice,Ligue 1,,19,0,unknown,rotation,official_final,https://en.wikipedia.org/wiki/2026_FIFA_World_Cup_squads#Canada,2026-06-02
Canada,16,Maxime Crépeau,GK,32,Orlando City SC,MLS,,30,0,unknown,reserve,official_final,https://en.wikipedia.org/wiki/2026_FIFA_World_Cup_squads#Canada,2026-06-02
Canada,17,Tajon Buchanan,FW,27,Villarreal,La Liga,,58,8,unknown,starter,official_final,https://en.wikipedia.org/wiki/2026_FIFA_World_Cup_squads#Canada,2026-06-02
Canada,18,Owen Goodman,GK,22,Barnsley,Premier League,,0,0,unknown,reserve,official_final,https://en.wikipedia.org/wiki/2026_FIFA_World_Cup_squads#Canada,2026-06-02
Canada,19,Alphonso Davies,DF,25,Bayern Munich,Bundesliga,,58,15,unknown,rotation,official_final,https://en.wikipedia.org/wiki/2026_FIFA_World_Cup_squads#Canada,2026-06-02
Canada,20,Ali Ahmed,FW,25,Norwich City,Premier League,,24,1,unknown,rotation,official_final,https://en.wikipedia.org/wiki/2026_FIFA_World_Cup_squads#Canada,2026-06-02
Canada,21,Jonathan Osorio,MF,33,Toronto FC,MLS,,89,9,unknown,rotation,official_final,https://en.wikipedia.org/wiki/2026_FIFA_World_Cup_squads#Canada,2026-06-02
Canada,22,Richie Laryea,DF,31,Toronto FC,MLS,,73,1,unknown,rotation,official_final,https://en.wikipedia.org/wiki/2026_FIFA_World_Cup_squads#Canada,2026-06-02
Canada,23,Niko Sigur,DF,22,Hajduk Split,CRO,,17,2,unknown,squad,official_final,https://en.wikipedia.org/wiki/2026_FIFA_World_Cup_squads#Canada,2026-06-02
Canada,24,Promise David,FW,24,Union Saint-Gilloise,BEL,,8,3,unknown,rotation,official_final,https://en.wikipedia.org/wiki/2026_FIFA_World_Cup_squads#Canada,2026-06-02
Canada,25,Nathan Saliba,MF,22,Anderlecht,BEL,,13,2,unknown,rotation,official_final,https://en.wikipedia.org/wiki/2026_FIFA_World_Cup_squads#Canada,2026-06-02
Qatar,1,Mahmud Abunada,GK,26,Al-Rayyan,Qatar Stars League,,4,0,unknown,starter,official_final,https://en.wikipedia.org/wiki/2026_FIFA_World_Cup_squads#Qatar,2026-06-02
Qatar,2,Pedro Miguel,DF,35,Al-Sadd,Qatar Stars League,,98,3,unknown,starter,official_final,https://en.wikipedia.org/wiki/2026_FIFA_World_Cup_squads#Qatar,2026-06-02
Qatar,3,Lucas Mendes,DF,35,Al-Wakrah,Qatar Stars League,,25,1,unknown,starter,official_final,https://en.wikipedia.org/wiki/2026_FIFA_World_Cup_squads#Qatar,2026-06-02
Qatar,4,Issa Laye,DF,28,Al-Arabi,Qatar Stars League,,3,0,unknown,starter,official_final,https://en.wikipedia.org/wiki/2026_FIFA_World_Cup_squads#Qatar,2026-06-02
Qatar,5,Jassem Gaber,DF,24,Al-Rayyan,Qatar Stars League,,31,1,unknown,starter,official_final,https://en.wikipedia.org/wiki/2026_FIFA_World_Cup_squads#Qatar,2026-06-02
Qatar,6,Abdulaziz Hatem,MF,36,Al-Rayyan,Qatar Stars League,,117,11,unknown,starter,official_final,https://en.wikipedia.org/wiki/2026_FIFA_World_Cup_squads#Qatar,2026-06-02
Qatar,7,Ahmed Alaaeldin,FW,33,Al-Rayyan,Qatar Stars League,,67,9,unknown,starter,official_final,https://en.wikipedia.org/wiki/2026_FIFA_World_Cup_squads#Qatar,2026-06-02
Qatar,8,Edmilson Junior,FW,31,Al-Duhail,Qatar Stars League,,15,0,unknown,starter,official_final,https://en.wikipedia.org/wiki/2026_FIFA_World_Cup_squads#Qatar,2026-06-02
Qatar,9,Mohammed Muntari,FW,32,Al-Gharafa,Qatar Stars League,,67,16,unknown,starter,official_final,https://en.wikipedia.org/wiki/2026_FIFA_World_Cup_squads#Qatar,2026-06-02
Qatar,10,Hassan Al-Haydos,FW,35,Al-Sadd,Qatar Stars League,,185,41,unknown,starter,official_final,https://en.wikipedia.org/wiki/2026_FIFA_World_Cup_squads#Qatar,2026-06-02
Qatar,11,Akram Afif,FW,29,Al-Sadd,Qatar Stars League,,124,39,unknown,rotation,official_final,https://en.wikipedia.org/wiki/2026_FIFA_World_Cup_squads#Qatar,2026-06-02
Qatar,12,Karim Boudiaf,MF,35,Al-Duhail,Qatar Stars League,,117,5,unknown,starter,official_final,https://en.wikipedia.org/wiki/2026_FIFA_World_Cup_squads#Qatar,2026-06-02
Qatar,13,Ayoub Al-Oui,DF,21,Al-Gharafa,Qatar Stars League,,5,0,unknown,rotation,official_final,https://en.wikipedia.org/wiki/2026_FIFA_World_Cup_squads#Qatar,2026-06-02
Qatar,14,Homam Ahmed,DF,26,Cultural Leonesa,La Liga,,67,3,unknown,rotation,official_final,https://en.wikipedia.org/wiki/2026_FIFA_World_Cup_squads#Qatar,2026-06-02
Qatar,15,Yusuf Abdurisag,FW,26,Al-Wakrah,Qatar Stars League,,38,3,unknown,rotation,official_final,https://en.wikipedia.org/wiki/2026_FIFA_World_Cup_squads#Qatar,2026-06-02
Qatar,16,Boualem Khoukhi,DF,35,Al-Sadd,Qatar Stars League,,115,20,unknown,rotation,official_final,https://en.wikipedia.org/wiki/2026_FIFA_World_Cup_squads#Qatar,2026-06-02
Qatar,17,Ahmed Al-Ganehi,MF,25,Al-Gharafa,Qatar Stars League,,13,1,unknown,starter,official_final,https://en.wikipedia.org/wiki/2026_FIFA_World_Cup_squads#Qatar,2026-06-02
Qatar,18,Sultan Al-Brake,DF,30,Al-Duhail,Qatar Stars League,,16,0,unknown,rotation,official_final,https://en.wikipedia.org/wiki/2026_FIFA_World_Cup_squads#Qatar,2026-06-02
Qatar,19,Almoez Ali,FW,29,Al-Duhail,Qatar Stars League,,115,55,unknown,rotation,official_final,https://en.wikipedia.org/wiki/2026_FIFA_World_Cup_squads#Qatar,2026-06-02
Qatar,20,Ahmed Fathy,MF,33,Al-Arabi,Qatar Stars League,,47,0,unknown,starter,official_final,https://en.wikipedia.org/wiki/2026_FIFA_World_Cup_squads#Qatar,2026-06-02
Qatar,21,Salah Zakaria,GK,27,Al-Duhail,Qatar Stars League,,8,0,unknown,reserve,official_final,https://en.wikipedia.org/wiki/2026_FIFA_World_Cup_squads#Qatar,2026-06-02
Qatar,22,Meshaal Barsham,GK,28,Al-Sadd,Qatar Stars League,,52,0,unknown,reserve,official_final,https://en.wikipedia.org/wiki/2026_FIFA_World_Cup_squads#Qatar,2026-06-02
Qatar,23,Assim Madibo,MF,29,Al-Wakrah,Qatar Stars League,,50,0,unknown,rotation,official_final,https://en.wikipedia.org/wiki/2026_FIFA_World_Cup_squads#Qatar,2026-06-02
Qatar,24,Tahsin Jamshid,FW,19,Al-Duhail,Qatar Stars League,,2,0,unknown,rotation,official_final,https://en.wikipedia.org/wiki/2026_FIFA_World_Cup_squads#Qatar,2026-06-02
Qatar,25,Al-Hashmi Al-Hussain,DF,22,Al-Arabi,Qatar Stars League,,7,0,unknown,squad,official_final,https://en.wikipedia.org/wiki/2026_FIFA_World_Cup_squads#Qatar,2026-06-02
Qatar,26,Mohamed Manai,FW,23,Al-Shamal,Qatar Stars League,,9,0,unknown,squad,official_final,https://en.wikipedia.org/wiki/2026_FIFA_World_Cup_squads#Qatar,2026-06-02
Switzerland,1,Gregor Kobel,GK,28,Borussia Dortmund,Bundesliga,,20,0,unknown,starter,official_final,https://en.wikipedia.org/wiki/2026_FIFA_World_Cup_squads#Switzerland,2026-06-02
Switzerland,2,Miro Muheim,DF,28,Hamburger SV,Bundesliga,,9,0,unknown,starter,official_final,https://en.wikipedia.org/wiki/2026_FIFA_World_Cup_squads#Switzerland,2026-06-02
Switzerland,3,Silvan Widmer,DF,33,Mainz 05,Bundesliga,,59,5,unknown,starter,official_final,https://en.wikipedia.org/wiki/2026_FIFA_World_Cup_squads#Switzerland,2026-06-02
Switzerland,4,Nico Elvedi,DF,29,Borussia Mönchengladbach,Bundesliga,,66,3,unknown,starter,official_final,https://en.wikipedia.org/wiki/2026_FIFA_World_Cup_squads#Switzerland,2026-06-02
Switzerland,5,Manuel Akanji,DF,30,Inter Milan,Serie A,,80,4,unknown,starter,official_final,https://en.wikipedia.org/wiki/2026_FIFA_World_Cup_squads#Switzerland,2026-06-02
Switzerland,6,Denis Zakaria,MF,29,Monaco,Ligue 1,,64,3,unknown,starter,official_final,https://en.wikipedia.org/wiki/2026_FIFA_World_Cup_squads#Switzerland,2026-06-02
Switzerland,7,Breel Embolo,FW,29,Rennes,Ligue 1,,86,24,unknown,starter,official_final,https://en.wikipedia.org/wiki/2026_FIFA_World_Cup_squads#Switzerland,2026-06-02
Switzerland,8,Remo Freuler,MF,34,Bologna,Serie A,,87,11,unknown,starter,official_final,https://en.wikipedia.org/wiki/2026_FIFA_World_Cup_squads#Switzerland,2026-06-02
Switzerland,9,Johan Manzambi,MF,20,SC Freiburg,Bundesliga,,11,3,unknown,starter,official_final,https://en.wikipedia.org/wiki/2026_FIFA_World_Cup_squads#Switzerland,2026-06-02
Switzerland,10,Granit Xhaka,MF,33,Sunderland,Premier League,,145,17,unknown,starter,official_final,https://en.wikipedia.org/wiki/2026_FIFA_World_Cup_squads#Switzerland,2026-06-02
Switzerland,11,Dan Ndoye,FW,25,Nottingham Forest,Premier League,,30,7,unknown,starter,official_final,https://en.wikipedia.org/wiki/2026_FIFA_World_Cup_squads#Switzerland,2026-06-02
Switzerland,12,Yvon Mvogo,GK,32,Lorient,Ligue 1,,13,0,unknown,reserve,official_final,https://en.wikipedia.org/wiki/2026_FIFA_World_Cup_squads#Switzerland,2026-06-02
Switzerland,13,Ricardo Rodriguez,DF,33,Real Betis,La Liga,,137,9,unknown,rotation,official_final,https://en.wikipedia.org/wiki/2026_FIFA_World_Cup_squads#Switzerland,2026-06-02
Switzerland,14,Ardon Jashari,MF,23,Milan,Serie A,,7,0,unknown,rotation,official_final,https://en.wikipedia.org/wiki/2026_FIFA_World_Cup_squads#Switzerland,2026-06-02
Switzerland,15,Djibril Sow,MF,29,Sevilla,La Liga,,51,0,unknown,rotation,official_final,https://en.wikipedia.org/wiki/2026_FIFA_World_Cup_squads#Switzerland,2026-06-02
Switzerland,16,Christian Fassnacht,FW,32,Young Boys,SUI,,22,5,unknown,starter,official_final,https://en.wikipedia.org/wiki/2026_FIFA_World_Cup_squads#Switzerland,2026-06-02
Switzerland,17,Rubén Vargas,FW,27,Sevilla,La Liga,,61,11,unknown,starter,official_final,https://en.wikipedia.org/wiki/2026_FIFA_World_Cup_squads#Switzerland,2026-06-02
Switzerland,18,Eray Cömert,DF,28,Valencia,La Liga,,21,0,unknown,rotation,official_final,https://en.wikipedia.org/wiki/2026_FIFA_World_Cup_squads#Switzerland,2026-06-02
Switzerland,19,Noah Okafor,FW,26,Leeds United,Premier League,,24,2,unknown,rotation,official_final,https://en.wikipedia.org/wiki/2026_FIFA_World_Cup_squads#Switzerland,2026-06-02
Switzerland,20,Michel Aebischer,MF,29,Pisa,Serie A,,39,2,unknown,rotation,official_final,https://en.wikipedia.org/wiki/2026_FIFA_World_Cup_squads#Switzerland,2026-06-02
Switzerland,21,Marvin Keller,GK,23,Young Boys,SUI,,1,0,unknown,reserve,official_final,https://en.wikipedia.org/wiki/2026_FIFA_World_Cup_squads#Switzerland,2026-06-02
Switzerland,22,Fabian Rieder,MF,24,FC Augsburg,Bundesliga,,27,1,unknown,rotation,official_final,https://en.wikipedia.org/wiki/2026_FIFA_World_Cup_squads#Switzerland,2026-06-02
Switzerland,23,Zeki Amdouni,FW,25,Burnley,Premier League,,28,11,unknown,rotation,official_final,https://en.wikipedia.org/wiki/2026_FIFA_World_Cup_squads#Switzerland,2026-06-02
Switzerland,24,Aurèle Amenda,DF,22,Eintracht Frankfurt,Bundesliga,,6,0,unknown,rotation,official_final,https://en.wikipedia.org/wiki/2026_FIFA_World_Cup_squads#Switzerland,2026-06-02
Switzerland,25,Luca Jaquez,DF,23,VfB Stuttgart,Bundesliga,,3,0,unknown,rotation,official_final,https://en.wikipedia.org/wiki/2026_FIFA_World_Cup_squads#Switzerland,2026-06-02
Switzerland,26,Cedric Itten,FW,29,Fortuna Düsseldorf,Bundesliga,,14,5,unknown,rotation,official_final,https://en.wikipedia.org/wiki/2026_FIFA_World_Cup_squads#Switzerland,2026-06-02
Brazil,1,Alisson,GK,33,Liverpool,Premier League,,77,0,unknown,starter,official_final,https://en.wikipedia.org/wiki/2026_FIFA_World_Cup_squads#Brazil,2026-06-02
Brazil,2,Wesley,DF,22,Roma,Serie A,,7,0,unknown,starter,official_final,https://en.wikipedia.org/wiki/2026_FIFA_World_Cup_squads#Brazil,2026-06-02
Brazil,3,Gabriel Magalhães,DF,28,Arsenal,Premier League,,17,1,unknown,starter,official_final,https://en.wikipedia.org/wiki/2026_FIFA_World_Cup_squads#Brazil,2026-06-02
Brazil,4,Marquinhos,DF,32,Paris Saint-Germain,Ligue 1,,104,7,unknown,starter,official_final,https://en.wikipedia.org/wiki/2026_FIFA_World_Cup_squads#Brazil,2026-06-02
Brazil,5,Casemiro,MF,34,Manchester United,Premier League,,85,9,unknown,starter,official_final,https://en.wikipedia.org/wiki/2026_FIFA_World_Cup_squads#Brazil,2026-06-02
Brazil,6,Alex Sandro,DF,35,Flamengo,Brasileirao,,44,2,unknown,starter,official_final,https://en.wikipedia.org/wiki/2026_FIFA_World_Cup_squads#Brazil,2026-06-02
Brazil,7,Vinícius Júnior,FW,25,Real Madrid,La Liga,,48,9,unknown,starter,official_final,https://en.wikipedia.org/wiki/2026_FIFA_World_Cup_squads#Brazil,2026-06-02
Brazil,8,Bruno Guimarães,MF,28,Newcastle United,Premier League,,42,2,unknown,starter,official_final,https://en.wikipedia.org/wiki/2026_FIFA_World_Cup_squads#Brazil,2026-06-02
Brazil,9,Matheus Cunha,FW,27,Manchester United,Premier League,,22,1,unknown,starter,official_final,https://en.wikipedia.org/wiki/2026_FIFA_World_Cup_squads#Brazil,2026-06-02
Brazil,10,Neymar,FW,34,Santos,Brasileirao,,128,79,unknown,starter,official_final,https://en.wikipedia.org/wiki/2026_FIFA_World_Cup_squads#Brazil,2026-06-02
Brazil,11,Raphinha,FW,29,Barcelona,La Liga,,38,11,unknown,starter,official_final,https://en.wikipedia.org/wiki/2026_FIFA_World_Cup_squads#Brazil,2026-06-02
Brazil,12,Weverton,GK,38,Grêmio,Brasileirao,,10,0,unknown,reserve,official_final,https://en.wikipedia.org/wiki/2026_FIFA_World_Cup_squads#Brazil,2026-06-02
Brazil,13,Danilo Luiz,DF,34,Flamengo,Brasileirao,,69,1,unknown,rotation,official_final,https://en.wikipedia.org/wiki/2026_FIFA_World_Cup_squads#Brazil,2026-06-02
Brazil,14,Bremer,DF,29,Juventus,Serie A,,7,1,unknown,rotation,official_final,https://en.wikipedia.org/wiki/2026_FIFA_World_Cup_squads#Brazil,2026-06-02
Brazil,15,Léo Pereira,DF,30,Flamengo,Brasileirao,,3,0,unknown,rotation,official_final,https://en.wikipedia.org/wiki/2026_FIFA_World_Cup_squads#Brazil,2026-06-02
Brazil,16,Douglas Santos,DF,32,Zenit Saint Petersburg,RUS,,6,0,unknown,rotation,official_final,https://en.wikipedia.org/wiki/2026_FIFA_World_Cup_squads#Brazil,2026-06-02
Brazil,17,Fabinho,MF,32,Al-Ittihad,Saudi Pro League,,32,0,unknown,starter,official_final,https://en.wikipedia.org/wiki/2026_FIFA_World_Cup_squads#Brazil,2026-06-02
Brazil,18,Danilo Santos,MF,25,Botafogo,Brasileirao,,3,2,unknown,starter,official_final,https://en.wikipedia.org/wiki/2026_FIFA_World_Cup_squads#Brazil,2026-06-02
Brazil,19,Endrick,FW,19,Lyon,Ligue 1,,16,3,unknown,rotation,official_final,https://en.wikipedia.org/wiki/2026_FIFA_World_Cup_squads#Brazil,2026-06-02
Brazil,20,Lucas Paquetá,MF,28,Flamengo,Brasileirao,,62,13,unknown,rotation,official_final,https://en.wikipedia.org/wiki/2026_FIFA_World_Cup_squads#Brazil,2026-06-02
Brazil,21,Luiz Henrique,FW,25,Zenit Saint Petersburg,RUS,,14,2,unknown,rotation,official_final,https://en.wikipedia.org/wiki/2026_FIFA_World_Cup_squads#Brazil,2026-06-02
Brazil,22,Gabriel Martinelli,FW,24,Arsenal,Premier League,,22,4,unknown,rotation,official_final,https://en.wikipedia.org/wiki/2026_FIFA_World_Cup_squads#Brazil,2026-06-02
Brazil,23,Ederson,GK,32,Fenerbahçe,TUR,,32,0,unknown,reserve,official_final,https://en.wikipedia.org/wiki/2026_FIFA_World_Cup_squads#Brazil,2026-06-02
Brazil,24,Roger Ibañez,DF,27,Al-Ahli,Saudi Pro League,,6,0,unknown,squad,official_final,https://en.wikipedia.org/wiki/2026_FIFA_World_Cup_squads#Brazil,2026-06-02
Brazil,25,Igor Thiago,FW,24,Brentford,Premier League,,3,2,unknown,rotation,official_final,https://en.wikipedia.org/wiki/2026_FIFA_World_Cup_squads#Brazil,2026-06-02
Brazil,26,Rayan,FW,19,Bournemouth,Premier League,,2,1,unknown,squad,official_final,https://en.wikipedia.org/wiki/2026_FIFA_World_Cup_squads#Brazil,2026-06-02
Haiti,1,Johny Placide,GK,38,Bastia,Ligue 1,,79,0,unknown,starter,official_final,https://en.wikipedia.org/wiki/2026_FIFA_World_Cup_squads#Haiti,2026-06-02
Haiti,2,Carlens Arcus,DF,29,Angers,Ligue 1,,51,1,unknown,starter,official_final,https://en.wikipedia.org/wiki/2026_FIFA_World_Cup_squads#Haiti,2026-06-02
Haiti,3,Keeto Thermoncy,DF,20,Young Boys,SUI,,1,0,unknown,starter,official_final,https://en.wikipedia.org/wiki/2026_FIFA_World_Cup_squads#Haiti,2026-06-02
Haiti,4,Ricardo Adé,DF,36,LDU Quito,ECU,,57,2,unknown,starter,official_final,https://en.wikipedia.org/wiki/2026_FIFA_World_Cup_squads#Haiti,2026-06-02
Haiti,5,Hannes Delcroix,DF,27,Lugano,SUI,,5,0,unknown,starter,official_final,https://en.wikipedia.org/wiki/2026_FIFA_World_Cup_squads#Haiti,2026-06-02
Haiti,6,Carl Sainté,MF,23,El Paso Locomotive FC,MLS,,25,0,unknown,starter,official_final,https://en.wikipedia.org/wiki/2026_FIFA_World_Cup_squads#Haiti,2026-06-02
Haiti,7,Derrick Etienne Jr.,FW,29,Toronto FC,MLS,,46,8,unknown,starter,official_final,https://en.wikipedia.org/wiki/2026_FIFA_World_Cup_squads#Haiti,2026-06-02
Haiti,8,Martin Expérience,DF,27,Nancy,Ligue 1,,19,0,unknown,rotation,official_final,https://en.wikipedia.org/wiki/2026_FIFA_World_Cup_squads#Haiti,2026-06-02
Haiti,9,Duckens Nazon,FW,32,Esteghlal,IRN,,76,44,unknown,starter,official_final,https://en.wikipedia.org/wiki/2026_FIFA_World_Cup_squads#Haiti,2026-06-02
Haiti,10,Jean-Ricner Bellegarde,MF,27,Wolverhampton Wanderers,Premier League,,8,0,unknown,starter,official_final,https://en.wikipedia.org/wiki/2026_FIFA_World_Cup_squads#Haiti,2026-06-02
Haiti,11,Louicius Deedson,FW,25,FC Dallas,MLS,,30,10,unknown,starter,official_final,https://en.wikipedia.org/wiki/2026_FIFA_World_Cup_squads#Haiti,2026-06-02
Haiti,12,Alexandre Pierre,GK,25,Sochaux,Ligue 1,,14,0,unknown,reserve,official_final,https://en.wikipedia.org/wiki/2026_FIFA_World_Cup_squads#Haiti,2026-06-02
Haiti,13,Duke Lacroix,DF,32,Colorado Springs Switchbacks FC,MLS,,14,2,unknown,rotation,official_final,https://en.wikipedia.org/wiki/2026_FIFA_World_Cup_squads#Haiti,2026-06-02
Haiti,14,Leverton Pierre,MF,28,Vizela,Primeira Liga,,33,0,unknown,starter,official_final,https://en.wikipedia.org/wiki/2026_FIFA_World_Cup_squads#Haiti,2026-06-02
Haiti,15,Ruben Providence,FW,24,Almere City,Eredivisie,,13,2,unknown,starter,official_final,https://en.wikipedia.org/wiki/2026_FIFA_World_Cup_squads#Haiti,2026-06-02
Haiti,16,Lenny Joseph,FW,25,Ferencváros,HUN,,0,0,unknown,rotation,official_final,https://en.wikipedia.org/wiki/2026_FIFA_World_Cup_squads#Haiti,2026-06-02
Haiti,17,Danley Jean Jacques,MF,26,Philadelphia Union,MLS,,28,6,unknown,starter,official_final,https://en.wikipedia.org/wiki/2026_FIFA_World_Cup_squads#Haiti,2026-06-02
Haiti,18,Wilson Isidor,FW,25,Sunderland,Premier League,,2,1,unknown,rotation,official_final,https://en.wikipedia.org/wiki/2026_FIFA_World_Cup_squads#Haiti,2026-06-02
Haiti,19,Yassin Fortuné,FW,27,Vizela,Primeira Liga,,3,0,unknown,rotation,official_final,https://en.wikipedia.org/wiki/2026_FIFA_World_Cup_squads#Haiti,2026-06-02
Haiti,20,Frantzdy Pierrot,FW,31,Çaykur Rizespor,TUR,,49,33,unknown,rotation,official_final,https://en.wikipedia.org/wiki/2026_FIFA_World_Cup_squads#Haiti,2026-06-02
Haiti,21,Josué Casimir,FW,24,Auxerre,Ligue 1,,5,0,unknown,squad,official_final,https://en.wikipedia.org/wiki/2026_FIFA_World_Cup_squads#Haiti,2026-06-02
Haiti,22,Jean-Kévin Duverne,DF,28,Gent,BEL,,15,1,unknown,rotation,official_final,https://en.wikipedia.org/wiki/2026_FIFA_World_Cup_squads#Haiti,2026-06-02
Haiti,23,Josué Duverger,GK,26,Cosmos Koblenz,Bundesliga,,6,0,unknown,reserve,official_final,https://en.wikipedia.org/wiki/2026_FIFA_World_Cup_squads#Haiti,2026-06-02
Haiti,24,Wilguens Paugain,DF,24,Zulte Waregem,BEL,,6,0,unknown,rotation,official_final,https://en.wikipedia.org/wiki/2026_FIFA_World_Cup_squads#Haiti,2026-06-02
Haiti,25,Dominique Simon,MF,25,Tatran Prešov,SVK,,0,0,unknown,rotation,official_final,https://en.wikipedia.org/wiki/2026_FIFA_World_Cup_squads#Haiti,2026-06-02
Haiti,26,Woodensky Pierre,MF,21,Violette,HAI,,1,0,unknown,rotation,official_final,https://en.wikipedia.org/wiki/2026_FIFA_World_Cup_squads#Haiti,2026-06-02
Morocco,1,Yassine Bounou,GK,35,Al-Hilal,Saudi Pro League,,89,0,unknown,starter,official_final,https://en.wikipedia.org/wiki/2026_FIFA_World_Cup_squads#Morocco,2026-06-02
Morocco,2,Achraf Hakimi,DF,27,Paris Saint-Germain,Ligue 1,,95,11,unknown,starter,official_final,https://en.wikipedia.org/wiki/2026_FIFA_World_Cup_squads#Morocco,2026-06-02
Morocco,3,Noussair Mazraoui,DF,28,Manchester United,Premier League,,43,2,unknown,starter,official_final,https://en.wikipedia.org/wiki/2026_FIFA_World_Cup_squads#Morocco,2026-06-02
Morocco,4,Sofyan Amrabat,MF,29,Real Betis,La Liga,,73,0,unknown,starter,official_final,https://en.wikipedia.org/wiki/2026_FIFA_World_Cup_squads#Morocco,2026-06-02
Morocco,5,Nayef Aguerd,DF,30,Marseille,Ligue 1,,64,2,unknown,starter,official_final,https://en.wikipedia.org/wiki/2026_FIFA_World_Cup_squads#Morocco,2026-06-02
Morocco,6,Ayyoub Bouaddi,MF,18,Lille,Ligue 1,,1,0,unknown,starter,official_final,https://en.wikipedia.org/wiki/2026_FIFA_World_Cup_squads#Morocco,2026-06-02
Morocco,7,Chemsdine Talbi,MF,21,Sunderland,Premier League,,5,0,unknown,starter,official_final,https://en.wikipedia.org/wiki/2026_FIFA_World_Cup_squads#Morocco,2026-06-02
Morocco,8,Azzedine Ounahi,MF,26,Girona,La Liga,,47,9,unknown,starter,official_final,https://en.wikipedia.org/wiki/2026_FIFA_World_Cup_squads#Morocco,2026-06-02
Morocco,9,Soufiane Rahimi,FW,30,Al-Ain,UAE,,35,11,unknown,starter,official_final,https://en.wikipedia.org/wiki/2026_FIFA_World_Cup_squads#Morocco,2026-06-02
Morocco,10,Brahim Díaz,FW,26,Real Madrid,La Liga,,24,13,unknown,starter,official_final,https://en.wikipedia.org/wiki/2026_FIFA_World_Cup_squads#Morocco,2026-06-02
Morocco,11,Ismael Saibari,MF,25,PSV Eindhoven,Eredivisie,,28,7,unknown,rotation,official_final,https://en.wikipedia.org/wiki/2026_FIFA_World_Cup_squads#Morocco,2026-06-02
Morocco,12,Munir Mohamedi,GK,37,RS Berkane,MAR,,51,0,unknown,reserve,official_final,https://en.wikipedia.org/wiki/2026_FIFA_World_Cup_squads#Morocco,2026-06-02
Morocco,13,Zakaria El Ouahdi,DF,24,Genk,BEL,,2,0,unknown,starter,official_final,https://en.wikipedia.org/wiki/2026_FIFA_World_Cup_squads#Morocco,2026-06-02
Morocco,14,Issa Diop,DF,29,Fulham,Premier League,,2,0,unknown,rotation,official_final,https://en.wikipedia.org/wiki/2026_FIFA_World_Cup_squads#Morocco,2026-06-02
Morocco,15,Samir El Mourabet,MF,20,Strasbourg,Ligue 1,,2,0,unknown,rotation,official_final,https://en.wikipedia.org/wiki/2026_FIFA_World_Cup_squads#Morocco,2026-06-02
Morocco,16,Gessime Yassine,MF,20,Strasbourg,Ligue 1,,3,0,unknown,rotation,official_final,https://en.wikipedia.org/wiki/2026_FIFA_World_Cup_squads#Morocco,2026-06-02
Morocco,17,Abde Ezzalzouli,FW,24,Real Betis,La Liga,,35,2,unknown,starter,official_final,https://en.wikipedia.org/wiki/2026_FIFA_World_Cup_squads#Morocco,2026-06-02
Morocco,18,Chadi Riad,DF,22,Crystal Palace,Premier League,,4,1,unknown,rotation,official_final,https://en.wikipedia.org/wiki/2026_FIFA_World_Cup_squads#Morocco,2026-06-02
Morocco,19,Youssef Belammari,DF,27,Al Ahly,EGY,,16,0,unknown,rotation,official_final,https://en.wikipedia.org/wiki/2026_FIFA_World_Cup_squads#Morocco,2026-06-02
Morocco,20,Ayoub El Kaabi,FW,32,Olympiacos,GRE,,57,22,unknown,starter,official_final,https://en.wikipedia.org/wiki/2026_FIFA_World_Cup_squads#Morocco,2026-06-02
Morocco,21,Ayoube Amaimouni,FW,21,Eintracht Frankfurt,Bundesliga,,0,0,unknown,rotation,official_final,https://en.wikipedia.org/wiki/2026_FIFA_World_Cup_squads#Morocco,2026-06-02
Morocco,22,Ahmed Reda Tagnaouti,GK,30,AS FAR,MAR,,3,0,unknown,reserve,official_final,https://en.wikipedia.org/wiki/2026_FIFA_World_Cup_squads#Morocco,2026-06-02
Morocco,23,Bilal El Khannouss,MF,22,VfB Stuttgart,Bundesliga,,35,3,unknown,rotation,official_final,https://en.wikipedia.org/wiki/2026_FIFA_World_Cup_squads#Morocco,2026-06-02
Morocco,24,Neil El Aynaoui,MF,24,Roma,Serie A,,15,2,unknown,squad,official_final,https://en.wikipedia.org/wiki/2026_FIFA_World_Cup_squads#Morocco,2026-06-02
Morocco,25,Redouane Halhal,DF,23,Mechelen,BEL,,1,0,unknown,rotation,official_final,https://en.wikipedia.org/wiki/2026_FIFA_World_Cup_squads#Morocco,2026-06-02
Morocco,26,Anass Salah-Eddine,DF,24,PSV Eindhoven,Eredivisie,,8,0,unknown,squad,official_final,https://en.wikipedia.org/wiki/2026_FIFA_World_Cup_squads#Morocco,2026-06-02
Scotland,1,Angus Gunn,GK,30,Nottingham Forest,Premier League,,21,0,unknown,starter,official_final,https://en.wikipedia.org/wiki/2026_FIFA_World_Cup_squads#Scotland,2026-06-02
Scotland,2,Aaron Hickey,DF,24,Brentford,Premier League,,20,0,unknown,starter,official_final,https://en.wikipedia.org/wiki/2026_FIFA_World_Cup_squads#Scotland,2026-06-02
Scotland,3,Andy Robertson,DF,32,Liverpool,Premier League,,93,4,unknown,starter,official_final,https://en.wikipedia.org/wiki/2026_FIFA_World_Cup_squads#Scotland,2026-06-02
Scotland,4,Scott McTominay,MF,29,Napoli,Serie A,,69,14,unknown,starter,official_final,https://en.wikipedia.org/wiki/2026_FIFA_World_Cup_squads#Scotland,2026-06-02
Scotland,5,Grant Hanley,DF,34,Hibernian,SCO,,67,2,unknown,starter,official_final,https://en.wikipedia.org/wiki/2026_FIFA_World_Cup_squads#Scotland,2026-06-02
Scotland,6,Kieran Tierney,DF,29,Celtic,SCO,,55,2,unknown,starter,official_final,https://en.wikipedia.org/wiki/2026_FIFA_World_Cup_squads#Scotland,2026-06-02
Scotland,7,John McGinn,MF,31,Aston Villa,Premier League,,85,20,unknown,starter,official_final,https://en.wikipedia.org/wiki/2026_FIFA_World_Cup_squads#Scotland,2026-06-02
Scotland,8,Tyler Fletcher,MF,19,Manchester United,Premier League,,1,0,unknown,starter,official_final,https://en.wikipedia.org/wiki/2026_FIFA_World_Cup_squads#Scotland,2026-06-02
Scotland,9,Lyndon Dykes,FW,30,Charlton Athletic,Premier League,,51,10,unknown,starter,official_final,https://en.wikipedia.org/wiki/2026_FIFA_World_Cup_squads#Scotland,2026-06-02
Scotland,10,Ché Adams,FW,29,Torino,Serie A,,46,11,unknown,starter,official_final,https://en.wikipedia.org/wiki/2026_FIFA_World_Cup_squads#Scotland,2026-06-02
Scotland,11,Ryan Christie,MF,31,Bournemouth,Premier League,,67,10,unknown,starter,official_final,https://en.wikipedia.org/wiki/2026_FIFA_World_Cup_squads#Scotland,2026-06-02
Scotland,12,Liam Kelly,GK,30,Rangers,SCO,,3,0,unknown,reserve,official_final,https://en.wikipedia.org/wiki/2026_FIFA_World_Cup_squads#Scotland,2026-06-02
Scotland,13,Jack Hendry,DF,31,Al-Ettifaq,Saudi Pro League,,37,3,unknown,rotation,official_final,https://en.wikipedia.org/wiki/2026_FIFA_World_Cup_squads#Scotland,2026-06-02
Scotland,14,Ross Stewart,FW,29,Southampton,Premier League,,2,0,unknown,starter,official_final,https://en.wikipedia.org/wiki/2026_FIFA_World_Cup_squads#Scotland,2026-06-02
Scotland,15,John Souttar,DF,29,Rangers,SCO,,23,2,unknown,rotation,official_final,https://en.wikipedia.org/wiki/2026_FIFA_World_Cup_squads#Scotland,2026-06-02
Scotland,16,Dominic Hyam,DF,30,Wrexham,WAL,,3,0,unknown,rotation,official_final,https://en.wikipedia.org/wiki/2026_FIFA_World_Cup_squads#Scotland,2026-06-02
Scotland,17,Ben Gannon-Doak,FW,20,Bournemouth,Premier League,,13,1,unknown,starter,official_final,https://en.wikipedia.org/wiki/2026_FIFA_World_Cup_squads#Scotland,2026-06-02
Scotland,18,George Hirst,FW,27,Ipswich Town,Premier League,,9,1,unknown,rotation,official_final,https://en.wikipedia.org/wiki/2026_FIFA_World_Cup_squads#Scotland,2026-06-02
Scotland,19,Lewis Ferguson,MF,26,Bologna,Serie A,,23,1,unknown,rotation,official_final,https://en.wikipedia.org/wiki/2026_FIFA_World_Cup_squads#Scotland,2026-06-02
Scotland,20,Lawrence Shankland,FW,30,Heart of Midlothian,SCO,,19,6,unknown,rotation,official_final,https://en.wikipedia.org/wiki/2026_FIFA_World_Cup_squads#Scotland,2026-06-02
Scotland,21,Craig Gordon,GK,43,Heart of Midlothian,SCO,,84,0,unknown,reserve,official_final,https://en.wikipedia.org/wiki/2026_FIFA_World_Cup_squads#Scotland,2026-06-02
Scotland,22,Nathan Patterson,DF,24,Everton,Premier League,,26,1,unknown,rotation,official_final,https://en.wikipedia.org/wiki/2026_FIFA_World_Cup_squads#Scotland,2026-06-02
Scotland,23,Kenny McLean,MF,34,Norwich City,Premier League,,57,3,unknown,rotation,official_final,https://en.wikipedia.org/wiki/2026_FIFA_World_Cup_squads#Scotland,2026-06-02
Scotland,24,Anthony Ralston,DF,27,Celtic,SCO,,26,1,unknown,squad,official_final,https://en.wikipedia.org/wiki/2026_FIFA_World_Cup_squads#Scotland,2026-06-02
Scotland,25,Findlay Curtis,FW,20,Kilmarnock,SCO,,2,1,unknown,rotation,official_final,https://en.wikipedia.org/wiki/2026_FIFA_World_Cup_squads#Scotland,2026-06-02
Scotland,26,Scott McKenna,DF,29,Dinamo Zagreb,CRO,,50,1,unknown,squad,official_final,https://en.wikipedia.org/wiki/2026_FIFA_World_Cup_squads#Scotland,2026-06-02
Australia,1,Mathew Ryan,GK,34,Levante,La Liga,,104,0,unknown,starter,official_final,https://en.wikipedia.org/wiki/2026_FIFA_World_Cup_squads#Australia,2026-06-02
Australia,2,Miloš Degenek,DF,32,APOEL,CYP,,56,1,unknown,starter,official_final,https://en.wikipedia.org/wiki/2026_FIFA_World_Cup_squads#Australia,2026-06-02
Australia,3,Alessandro Circati,DF,22,Parma,Serie A,,12,1,unknown,starter,official_final,https://en.wikipedia.org/wiki/2026_FIFA_World_Cup_squads#Australia,2026-06-02
Australia,4,Jacob Italiano,DF,24,GAK,AUT,,4,0,unknown,starter,official_final,https://en.wikipedia.org/wiki/2026_FIFA_World_Cup_squads#Australia,2026-06-02
Australia,5,Jordan Bos,DF,23,Feyenoord,Eredivisie,,26,4,unknown,starter,official_final,https://en.wikipedia.org/wiki/2026_FIFA_World_Cup_squads#Australia,2026-06-02
Australia,6,Jason Geria,DF,33,Albirex Niigata,J1 League,,13,0,unknown,rotation,official_final,https://en.wikipedia.org/wiki/2026_FIFA_World_Cup_squads#Australia,2026-06-02
Australia,7,Mathew Leckie,FW,35,Melbourne City,A-League,,79,14,unknown,starter,official_final,https://en.wikipedia.org/wiki/2026_FIFA_World_Cup_squads#Australia,2026-06-02
Australia,8,Connor Metcalfe,MF,26,FC St. Pauli,Bundesliga,,35,1,unknown,starter,official_final,https://en.wikipedia.org/wiki/2026_FIFA_World_Cup_squads#Australia,2026-06-02
Australia,9,Mohamed Touré,FW,22,Norwich City,Premier League,,9,2,unknown,starter,official_final,https://en.wikipedia.org/wiki/2026_FIFA_World_Cup_squads#Australia,2026-06-02
Australia,10,Ajdin Hrustic,FW,29,Heracles Almelo,Eredivisie,,37,4,unknown,starter,official_final,https://en.wikipedia.org/wiki/2026_FIFA_World_Cup_squads#Australia,2026-06-02
Australia,11,Awer Mabil,FW,30,Castellón,La Liga,,38,10,unknown,starter,official_final,https://en.wikipedia.org/wiki/2026_FIFA_World_Cup_squads#Australia,2026-06-02
Australia,12,Paul Izzo,GK,31,Randers,DEN,,4,0,unknown,reserve,official_final,https://en.wikipedia.org/wiki/2026_FIFA_World_Cup_squads#Australia,2026-06-02
Australia,13,Aiden O'Neill,MF,27,New York City FC,MLS,,30,0,unknown,starter,official_final,https://en.wikipedia.org/wiki/2026_FIFA_World_Cup_squads#Australia,2026-06-02
Australia,14,Cammy Devlin,MF,28,Heart of Midlothian,SCO,,4,0,unknown,starter,official_final,https://en.wikipedia.org/wiki/2026_FIFA_World_Cup_squads#Australia,2026-06-02
Australia,15,Kai Trewin,DF,25,New York City FC,MLS,,5,0,unknown,rotation,official_final,https://en.wikipedia.org/wiki/2026_FIFA_World_Cup_squads#Australia,2026-06-02
Australia,16,Aziz Behich,DF,35,Melbourne City,A-League,,83,3,unknown,rotation,official_final,https://en.wikipedia.org/wiki/2026_FIFA_World_Cup_squads#Australia,2026-06-02
Australia,17,Nestory Irankunda,FW,20,Watford,Premier League,,14,5,unknown,rotation,official_final,https://en.wikipedia.org/wiki/2026_FIFA_World_Cup_squads#Australia,2026-06-02
Australia,18,Patrick Beach,GK,22,Melbourne City,A-League,,1,0,unknown,reserve,official_final,https://en.wikipedia.org/wiki/2026_FIFA_World_Cup_squads#Australia,2026-06-02
Australia,19,Harry Souttar,DF,27,Leicester City,Premier League,,37,11,unknown,rotation,official_final,https://en.wikipedia.org/wiki/2026_FIFA_World_Cup_squads#Australia,2026-06-02
Australia,20,Cristian Volpato,FW,22,Sassuolo,Serie A,,0,0,unknown,rotation,official_final,https://en.wikipedia.org/wiki/2026_FIFA_World_Cup_squads#Australia,2026-06-02
Australia,21,Cameron Burgess,DF,30,Swansea City,WAL,,26,0,unknown,squad,official_final,https://en.wikipedia.org/wiki/2026_FIFA_World_Cup_squads#Australia,2026-06-02
Australia,22,Jackson Irvine,MF,33,FC St. Pauli,Bundesliga,,81,14,unknown,starter,official_final,https://en.wikipedia.org/wiki/2026_FIFA_World_Cup_squads#Australia,2026-06-02
Australia,23,Nishan Velupillay,FW,25,Melbourne Victory,A-League,,7,3,unknown,rotation,official_final,https://en.wikipedia.org/wiki/2026_FIFA_World_Cup_squads#Australia,2026-06-02
Australia,24,Paul Okon-Engstler,MF,21,Sydney FC,A-League,,5,0,unknown,rotation,official_final,https://en.wikipedia.org/wiki/2026_FIFA_World_Cup_squads#Australia,2026-06-02
Australia,25,Lucas Herrington,DF,18,Colorado Rapids,MLS,,3,0,unknown,squad,official_final,https://en.wikipedia.org/wiki/2026_FIFA_World_Cup_squads#Australia,2026-06-02
Australia,26,Tete Yengi,FW,25,Machida Zelvia,J1 League,,0,0,unknown,rotation,official_final,https://en.wikipedia.org/wiki/2026_FIFA_World_Cup_squads#Australia,2026-06-02
Paraguay,1,Gatito Fernández,GK,38,Cerro Porteño,PAR,,30,0,unknown,starter,official_final,https://en.wikipedia.org/wiki/2026_FIFA_World_Cup_squads#Paraguay,2026-06-02
Paraguay,2,Gustavo Velázquez,DF,35,Cerro Porteño,PAR,,12,1,unknown,starter,official_final,https://en.wikipedia.org/wiki/2026_FIFA_World_Cup_squads#Paraguay,2026-06-02
Paraguay,3,Omar Alderete,DF,29,Sunderland,Premier League,,35,3,unknown,starter,official_final,https://en.wikipedia.org/wiki/2026_FIFA_World_Cup_squads#Paraguay,2026-06-02
Paraguay,4,Juan José Cáceres,DF,26,Dynamo Moscow,RUS,,16,0,unknown,starter,official_final,https://en.wikipedia.org/wiki/2026_FIFA_World_Cup_squads#Paraguay,2026-06-02
Paraguay,5,Fabián Balbuena,DF,34,Grêmio,Brasileirao,,47,2,unknown,starter,official_final,https://en.wikipedia.org/wiki/2026_FIFA_World_Cup_squads#Paraguay,2026-06-02
Paraguay,6,Júnior Alonso,DF,33,Atlético Mineiro,Brasileirao,,70,3,unknown,rotation,official_final,https://en.wikipedia.org/wiki/2026_FIFA_World_Cup_squads#Paraguay,2026-06-02
Paraguay,7,Ramón Sosa,MF,26,Palmeiras,Brasileirao,,28,1,unknown,starter,official_final,https://en.wikipedia.org/wiki/2026_FIFA_World_Cup_squads#Paraguay,2026-06-02
Paraguay,8,Diego Gómez,MF,23,Brighton & Hove Albion,Premier League,,23,3,unknown,starter,official_final,https://en.wikipedia.org/wiki/2026_FIFA_World_Cup_squads#Paraguay,2026-06-02
Paraguay,9,Antonio Sanabria,FW,30,Cremonese,Serie A,,47,7,unknown,starter,official_final,https://en.wikipedia.org/wiki/2026_FIFA_World_Cup_squads#Paraguay,2026-06-02
Paraguay,10,Miguel Almirón,MF,32,Atlanta United FC,MLS,,75,9,unknown,starter,official_final,https://en.wikipedia.org/wiki/2026_FIFA_World_Cup_squads#Paraguay,2026-06-02
Paraguay,11,Maurício,MF,24,Palmeiras,Brasileirao,,2,0,unknown,starter,official_final,https://en.wikipedia.org/wiki/2026_FIFA_World_Cup_squads#Paraguay,2026-06-02
Paraguay,12,Orlando Gill,GK,26,San Lorenzo,Argentine Primera Division,,5,0,unknown,reserve,official_final,https://en.wikipedia.org/wiki/2026_FIFA_World_Cup_squads#Paraguay,2026-06-02
Paraguay,13,José Canale,DF,29,Lanús,Argentine Primera Division,,1,0,unknown,rotation,official_final,https://en.wikipedia.org/wiki/2026_FIFA_World_Cup_squads#Paraguay,2026-06-02
Paraguay,14,Andrés Cubas,MF,30,Vancouver Whitecaps FC,MLS,,32,0,unknown,rotation,official_final,https://en.wikipedia.org/wiki/2026_FIFA_World_Cup_squads#Paraguay,2026-06-02
Paraguay,15,Gustavo Gómez,DF,33,Palmeiras,Brasileirao,,88,4,unknown,rotation,official_final,https://en.wikipedia.org/wiki/2026_FIFA_World_Cup_squads#Paraguay,2026-06-02
Paraguay,16,Damián Bobadilla,MF,24,São Paulo,Brasileirao,,19,1,unknown,rotation,official_final,https://en.wikipedia.org/wiki/2026_FIFA_World_Cup_squads#Paraguay,2026-06-02
Paraguay,17,Kaku,FW,31,Al-Ain,UAE,,32,5,unknown,starter,official_final,https://en.wikipedia.org/wiki/2026_FIFA_World_Cup_squads#Paraguay,2026-06-02
Paraguay,18,Álex Arce,FW,30,Independiente Rivadavia,Argentine Primera Division,,14,1,unknown,starter,official_final,https://en.wikipedia.org/wiki/2026_FIFA_World_Cup_squads#Paraguay,2026-06-02
Paraguay,19,Julio Enciso,FW,22,Strasbourg,Ligue 1,,31,4,unknown,starter,official_final,https://en.wikipedia.org/wiki/2026_FIFA_World_Cup_squads#Paraguay,2026-06-02
Paraguay,20,Braian Ojeda,MF,25,Orlando City SC,MLS,,16,0,unknown,rotation,official_final,https://en.wikipedia.org/wiki/2026_FIFA_World_Cup_squads#Paraguay,2026-06-02
Paraguay,21,Gabriel Ávalos,FW,35,Independiente,Argentine Primera Division,,22,2,unknown,rotation,official_final,https://en.wikipedia.org/wiki/2026_FIFA_World_Cup_squads#Paraguay,2026-06-02
Paraguay,22,Gastón Olveira,GK,33,Olimpia,PAR,,1,0,unknown,reserve,official_final,https://en.wikipedia.org/wiki/2026_FIFA_World_Cup_squads#Paraguay,2026-06-02
Paraguay,23,Matías Galarza,MF,24,Atlanta United FC,MLS,,14,2,unknown,rotation,official_final,https://en.wikipedia.org/wiki/2026_FIFA_World_Cup_squads#Paraguay,2026-06-02
Paraguay,24,Gustavo Caballero,MF,24,Portsmouth,Premier League,,2,1,unknown,squad,official_final,https://en.wikipedia.org/wiki/2026_FIFA_World_Cup_squads#Paraguay,2026-06-02
Paraguay,25,Isidro Pitta,FW,26,Red Bull Bragantino,Brasileirao,,5,0,unknown,rotation,official_final,https://en.wikipedia.org/wiki/2026_FIFA_World_Cup_squads#Paraguay,2026-06-02
Paraguay,26,Alexandro Maidana,DF,20,Talleres,Argentine Primera Division,,1,0,unknown,rotation,official_final,https://en.wikipedia.org/wiki/2026_FIFA_World_Cup_squads#Paraguay,2026-06-02
Türkiye,1,Mert Günok,GK,37,Fenerbahçe,TUR,,37,0,unknown,starter,official_final,https://en.wikipedia.org/wiki/2026_FIFA_World_Cup_squads#Turkey,2026-06-02
Türkiye,2,Zeki Çelik,DF,29,Roma,Serie A,,59,3,unknown,starter,official_final,https://en.wikipedia.org/wiki/2026_FIFA_World_Cup_squads#Turkey,2026-06-02
Türkiye,3,Merih Demiral,DF,28,Al-Ahli,Saudi Pro League,,61,6,unknown,starter,official_final,https://en.wikipedia.org/wiki/2026_FIFA_World_Cup_squads#Turkey,2026-06-02
Türkiye,4,Çağlar Söyüncü,DF,30,Fenerbahçe,TUR,,59,2,unknown,starter,official_final,https://en.wikipedia.org/wiki/2026_FIFA_World_Cup_squads#Turkey,2026-06-02
Türkiye,5,Salih Özcan,MF,28,Borussia Dortmund,Bundesliga,,28,1,unknown,starter,official_final,https://en.wikipedia.org/wiki/2026_FIFA_World_Cup_squads#Turkey,2026-06-02
Türkiye,6,Orkun Kökçü,MF,25,Beşiktaş,TUR,,48,3,unknown,starter,official_final,https://en.wikipedia.org/wiki/2026_FIFA_World_Cup_squads#Turkey,2026-06-02
Türkiye,7,Kerem Aktürkoğlu,FW,27,Fenerbahçe,TUR,,51,15,unknown,starter,official_final,https://en.wikipedia.org/wiki/2026_FIFA_World_Cup_squads#Turkey,2026-06-02
Türkiye,8,Arda Güler,FW,21,Real Madrid,La Liga,,28,6,unknown,starter,official_final,https://en.wikipedia.org/wiki/2026_FIFA_World_Cup_squads#Turkey,2026-06-02
Türkiye,9,Deniz Gül,FW,21,Porto,Primeira Liga,,6,1,unknown,starter,official_final,https://en.wikipedia.org/wiki/2026_FIFA_World_Cup_squads#Turkey,2026-06-02
Türkiye,10,Hakan Çalhanoğlu,MF,32,Inter Milan,Serie A,,104,22,unknown,starter,official_final,https://en.wikipedia.org/wiki/2026_FIFA_World_Cup_squads#Turkey,2026-06-02
Türkiye,11,Kenan Yıldız,FW,21,Juventus,Serie A,,28,5,unknown,starter,official_final,https://en.wikipedia.org/wiki/2026_FIFA_World_Cup_squads#Turkey,2026-06-02
Türkiye,12,Altay Bayındır,GK,28,Manchester United,Premier League,,11,0,unknown,reserve,official_final,https://en.wikipedia.org/wiki/2026_FIFA_World_Cup_squads#Turkey,2026-06-02
Türkiye,13,Eren Elmalı,DF,25,Galatasaray,TUR,,21,0,unknown,starter,official_final,https://en.wikipedia.org/wiki/2026_FIFA_World_Cup_squads#Turkey,2026-06-02
Türkiye,14,Abdülkerim Bardakcı,DF,31,Galatasaray,TUR,,26,2,unknown,rotation,official_final,https://en.wikipedia.org/wiki/2026_FIFA_World_Cup_squads#Turkey,2026-06-02
Türkiye,15,Ozan Kabak,DF,26,TSG Hoffenheim,Bundesliga,,28,2,unknown,rotation,official_final,https://en.wikipedia.org/wiki/2026_FIFA_World_Cup_squads#Turkey,2026-06-02
Türkiye,16,İsmail Yüksek,MF,27,Fenerbahçe,TUR,,31,1,unknown,starter,official_final,https://en.wikipedia.org/wiki/2026_FIFA_World_Cup_squads#Turkey,2026-06-02
Türkiye,17,İrfan Can Kahveci,FW,30,Kasımpaşa,TUR,,45,6,unknown,rotation,official_final,https://en.wikipedia.org/wiki/2026_FIFA_World_Cup_squads#Turkey,2026-06-02
Türkiye,18,Mert Müldür,DF,27,Fenerbahçe,TUR,,43,3,unknown,rotation,official_final,https://en.wikipedia.org/wiki/2026_FIFA_World_Cup_squads#Turkey,2026-06-02
Türkiye,19,Yunus Akgün,FW,25,Galatasaray,TUR,,17,3,unknown,rotation,official_final,https://en.wikipedia.org/wiki/2026_FIFA_World_Cup_squads#Turkey,2026-06-02
Türkiye,20,Ferdi Kadıoğlu,DF,26,Brighton & Hove Albion,Premier League,,30,2,unknown,rotation,official_final,https://en.wikipedia.org/wiki/2026_FIFA_World_Cup_squads#Turkey,2026-06-02
Türkiye,21,Barış Alper Yılmaz,FW,26,Galatasaray,TUR,,33,2,unknown,rotation,official_final,https://en.wikipedia.org/wiki/2026_FIFA_World_Cup_squads#Turkey,2026-06-02
Türkiye,22,Kaan Ayhan,MF,31,Galatasaray,TUR,,72,5,unknown,rotation,official_final,https://en.wikipedia.org/wiki/2026_FIFA_World_Cup_squads#Turkey,2026-06-02
Türkiye,23,Uğurcan Çakır,GK,30,Galatasaray,TUR,,38,0,unknown,reserve,official_final,https://en.wikipedia.org/wiki/2026_FIFA_World_Cup_squads#Turkey,2026-06-02
Türkiye,24,Oğuz Aydın,FW,25,Fenerbahçe,TUR,,9,0,unknown,rotation,official_final,https://en.wikipedia.org/wiki/2026_FIFA_World_Cup_squads#Turkey,2026-06-02
Türkiye,25,Samet Akaydin,DF,32,Çaykur Rizespor,TUR,,18,1,unknown,squad,official_final,https://en.wikipedia.org/wiki/2026_FIFA_World_Cup_squads#Turkey,2026-06-02
Türkiye,26,Can Uzun,FW,20,Eintracht Frankfurt,Bundesliga,,4,0,unknown,squad,official_final,https://en.wikipedia.org/wiki/2026_FIFA_World_Cup_squads#Turkey,2026-06-02
USA,1,Matt Turner,GK,31,New England Revolution,MLS,,54,0,unknown,starter,official_final,https://en.wikipedia.org/wiki/2026_FIFA_World_Cup_squads#United_States,2026-06-02
USA,2,Sergiño Dest,DF,25,PSV Eindhoven,Eredivisie,,38,3,available,starter,official_final,https://en.wikipedia.org/wiki/2026_FIFA_World_Cup_squads#United_States,2026-06-02
USA,3,Chris Richards,DF,26,Crystal Palace,Premier League,,36,3,unknown,starter,official_final,https://en.wikipedia.org/wiki/2026_FIFA_World_Cup_squads#United_States,2026-06-02
USA,4,Tyler Adams,MF,27,Bournemouth,Premier League,,53,2,available,starter,official_final,https://en.wikipedia.org/wiki/2026_FIFA_World_Cup_squads#United_States,2026-06-02
USA,5,Antonee Robinson,DF,28,Fulham,Premier League,,53,4,unknown,starter,official_final,https://en.wikipedia.org/wiki/2026_FIFA_World_Cup_squads#United_States,2026-06-02
USA,6,Auston Trusty,DF,27,Celtic,SCO,,7,0,unknown,starter,official_final,https://en.wikipedia.org/wiki/2026_FIFA_World_Cup_squads#United_States,2026-06-02
USA,7,Giovanni Reyna,MF,23,Borussia Mönchengladbach,Bundesliga,,37,9,unknown,starter,official_final,https://en.wikipedia.org/wiki/2026_FIFA_World_Cup_squads#United_States,2026-06-02
USA,8,Weston McKennie,MF,27,Juventus,Serie A,,65,12,unknown,starter,official_final,https://en.wikipedia.org/wiki/2026_FIFA_World_Cup_squads#United_States,2026-06-02
USA,9,Ricardo Pepi,FW,23,PSV Eindhoven,Eredivisie,,36,13,unknown,starter,official_final,https://en.wikipedia.org/wiki/2026_FIFA_World_Cup_squads#United_States,2026-06-02
USA,10,Christian Pulisic,FW,27,Milan,Serie A,,85,33,unknown,starter,official_final,https://en.wikipedia.org/wiki/2026_FIFA_World_Cup_squads#United_States,2026-06-02
USA,11,Brenden Aaronson,FW,25,Leeds United,Premier League,,57,9,unknown,starter,official_final,https://en.wikipedia.org/wiki/2026_FIFA_World_Cup_squads#United_States,2026-06-02
USA,12,Miles Robinson,DF,29,FC Cincinnati,MLS,,39,3,unknown,rotation,official_final,https://en.wikipedia.org/wiki/2026_FIFA_World_Cup_squads#United_States,2026-06-02
USA,13,Tim Ream,DF,38,Charlotte FC,MLS,,81,1,unknown,rotation,official_final,https://en.wikipedia.org/wiki/2026_FIFA_World_Cup_squads#United_States,2026-06-02
USA,14,Sebastian Berhalter,MF,25,Vancouver Whitecaps FC,MLS,,12,1,unknown,starter,official_final,https://en.wikipedia.org/wiki/2026_FIFA_World_Cup_squads#United_States,2026-06-02
USA,15,Cristian Roldan,MF,31,Seattle Sounders FC,MLS,,46,0,unknown,rotation,official_final,https://en.wikipedia.org/wiki/2026_FIFA_World_Cup_squads#United_States,2026-06-02
USA,16,Alex Freeman,DF,21,Villarreal,La Liga,,16,2,unknown,rotation,official_final,https://en.wikipedia.org/wiki/2026_FIFA_World_Cup_squads#United_States,2026-06-02
USA,17,Malik Tillman,MF,24,Bayer Leverkusen,Bundesliga,,29,3,unknown,rotation,official_final,https://en.wikipedia.org/wiki/2026_FIFA_World_Cup_squads#United_States,2026-06-02
USA,18,Maximilian Arfsten,DF,25,Columbus Crew,MLS,,19,1,unknown,rotation,official_final,https://en.wikipedia.org/wiki/2026_FIFA_World_Cup_squads#United_States,2026-06-02
USA,19,Haji Wright,FW,28,Coventry City,Premier League,,20,7,unknown,starter,official_final,https://en.wikipedia.org/wiki/2026_FIFA_World_Cup_squads#United_States,2026-06-02
USA,20,Folarin Balogun,FW,24,Monaco,Ligue 1,,26,9,unknown,rotation,official_final,https://en.wikipedia.org/wiki/2026_FIFA_World_Cup_squads#United_States,2026-06-02
USA,21,Timothy Weah,FW,26,Marseille,Ligue 1,,50,7,unknown,rotation,official_final,https://en.wikipedia.org/wiki/2026_FIFA_World_Cup_squads#United_States,2026-06-02
USA,22,Mark McKenzie,DF,27,Toulouse,Ligue 1,,28,0,unknown,squad,official_final,https://en.wikipedia.org/wiki/2026_FIFA_World_Cup_squads#United_States,2026-06-02
USA,23,Joe Scally,DF,23,Borussia Mönchengladbach,Bundesliga,,25,0,unknown,squad,official_final,https://en.wikipedia.org/wiki/2026_FIFA_World_Cup_squads#United_States,2026-06-02
USA,24,Matt Freese,GK,27,New York City FC,MLS,,14,0,unknown,reserve,official_final,https://en.wikipedia.org/wiki/2026_FIFA_World_Cup_squads#United_States,2026-06-02
USA,25,Chris Brady,GK,22,Chicago Fire FC,MLS,,1,0,unknown,reserve,official_final,https://en.wikipedia.org/wiki/2026_FIFA_World_Cup_squads#United_States,2026-06-02
USA,26,Alejandro Zendejas,FW,28,América,Liga MX,,14,2,unknown,rotation,official_final,https://en.wikipedia.org/wiki/2026_FIFA_World_Cup_squads#United_States,2026-06-02
Curacao,1,Eloy Room,GK,37,Miami FC,MLS,,71,0,unknown,starter,official_final,https://en.wikipedia.org/wiki/2026_FIFA_World_Cup_squads#Cura%C3%A7ao,2026-06-02
Curacao,2,Shurandy Sambo,DF,24,Sparta Rotterdam,Eredivisie,,7,0,unknown,starter,official_final,https://en.wikipedia.org/wiki/2026_FIFA_World_Cup_squads#Cura%C3%A7ao,2026-06-02
Curacao,3,Juriën Gaari,DF,32,Abha,Saudi Pro League,,59,1,unknown,starter,official_final,https://en.wikipedia.org/wiki/2026_FIFA_World_Cup_squads#Cura%C3%A7ao,2026-06-02
Curacao,4,Roshon van Eijma,DF,28,RKC Waalwijk,Eredivisie,,27,1,unknown,starter,official_final,https://en.wikipedia.org/wiki/2026_FIFA_World_Cup_squads#Cura%C3%A7ao,2026-06-02
Curacao,5,Sherel Floranus,DF,27,PEC Zwolle,Eredivisie,,27,0,unknown,starter,official_final,https://en.wikipedia.org/wiki/2026_FIFA_World_Cup_squads#Cura%C3%A7ao,2026-06-02
Curacao,6,Godfried Roemeratoe,MF,26,RKC Waalwijk,Eredivisie,,27,1,unknown,starter,official_final,https://en.wikipedia.org/wiki/2026_FIFA_World_Cup_squads#Cura%C3%A7ao,2026-06-02
Curacao,7,Juninho Bacuna,MF,28,Volendam,Eredivisie,,48,14,unknown,starter,official_final,https://en.wikipedia.org/wiki/2026_FIFA_World_Cup_squads#Cura%C3%A7ao,2026-06-02
Curacao,8,Livano Comenencia,MF,22,Zürich,SUI,,19,1,unknown,starter,official_final,https://en.wikipedia.org/wiki/2026_FIFA_World_Cup_squads#Cura%C3%A7ao,2026-06-02
Curacao,9,Jürgen Locadia,FW,32,Miami FC,MLS,,13,1,unknown,starter,official_final,https://en.wikipedia.org/wiki/2026_FIFA_World_Cup_squads#Cura%C3%A7ao,2026-06-02
Curacao,10,Leandro Bacuna,MF,34,Iğdır,TUR,,71,16,unknown,starter,official_final,https://en.wikipedia.org/wiki/2026_FIFA_World_Cup_squads#Cura%C3%A7ao,2026-06-02
Curacao,11,Jeremy Antonisse,FW,24,Kifisia,GRE,,26,3,unknown,starter,official_final,https://en.wikipedia.org/wiki/2026_FIFA_World_Cup_squads#Cura%C3%A7ao,2026-06-02
Curacao,12,Sontje Hansen,FW,24,Middlesbrough,Premier League,,5,1,unknown,starter,official_final,https://en.wikipedia.org/wiki/2026_FIFA_World_Cup_squads#Cura%C3%A7ao,2026-06-02
Curacao,13,Tyrese Noslin,FW,23,Telstar,Eredivisie,,6,1,unknown,starter,official_final,https://en.wikipedia.org/wiki/2026_FIFA_World_Cup_squads#Cura%C3%A7ao,2026-06-02
Curacao,14,Kenji Gorré,FW,31,Maccabi Haifa,ISR,,37,6,unknown,rotation,official_final,https://en.wikipedia.org/wiki/2026_FIFA_World_Cup_squads#Cura%C3%A7ao,2026-06-02
Curacao,15,Ar'jany Martha,MF,22,Rotherham United,Premier League,,8,2,unknown,rotation,official_final,https://en.wikipedia.org/wiki/2026_FIFA_World_Cup_squads#Cura%C3%A7ao,2026-06-02
Curacao,16,Jearl Margaritha,FW,26,Beveren,BEL,,21,5,unknown,rotation,official_final,https://en.wikipedia.org/wiki/2026_FIFA_World_Cup_squads#Cura%C3%A7ao,2026-06-02
Curacao,17,Brandley Kuwas,FW,33,Volendam,Eredivisie,,34,2,unknown,rotation,official_final,https://en.wikipedia.org/wiki/2026_FIFA_World_Cup_squads#Cura%C3%A7ao,2026-06-02
Curacao,18,Armando Obispo,DF,27,PSV Eindhoven,Eredivisie,,5,0,unknown,rotation,official_final,https://en.wikipedia.org/wiki/2026_FIFA_World_Cup_squads#Cura%C3%A7ao,2026-06-02
Curacao,19,Gervane Kastaneer,FW,30,Terengganu,MAS,,28,9,unknown,rotation,official_final,https://en.wikipedia.org/wiki/2026_FIFA_World_Cup_squads#Cura%C3%A7ao,2026-06-02
Curacao,20,Joshua Brenet,DF,32,Kayserispor,TUR,,17,1,unknown,rotation,official_final,https://en.wikipedia.org/wiki/2026_FIFA_World_Cup_squads#Cura%C3%A7ao,2026-06-02
Curacao,21,Tahith Chong,MF,26,Sheffield United,Premier League,,5,3,unknown,rotation,official_final,https://en.wikipedia.org/wiki/2026_FIFA_World_Cup_squads#Cura%C3%A7ao,2026-06-02
Curacao,22,Kevin Felida,MF,26,Den Bosch,Eredivisie,,19,1,unknown,rotation,official_final,https://en.wikipedia.org/wiki/2026_FIFA_World_Cup_squads#Cura%C3%A7ao,2026-06-02
Curacao,23,Riechedly Bazoer,DF,29,Konyaspor,TUR,,4,0,unknown,rotation,official_final,https://en.wikipedia.org/wiki/2026_FIFA_World_Cup_squads#Cura%C3%A7ao,2026-06-02
Curacao,24,Deveron Fonville,DF,23,NEC,Eredivisie,,1,0,unknown,rotation,official_final,https://en.wikipedia.org/wiki/2026_FIFA_World_Cup_squads#Cura%C3%A7ao,2026-06-02
Curacao,25,Tyrick Bodak,GK,24,Telstar,Eredivisie,,4,0,unknown,reserve,official_final,https://en.wikipedia.org/wiki/2026_FIFA_World_Cup_squads#Cura%C3%A7ao,2026-06-02
Curacao,26,Trevor Doornbusch,GK,26,VVV-Venlo,Eredivisie,,7,0,unknown,reserve,official_final,https://en.wikipedia.org/wiki/2026_FIFA_World_Cup_squads#Cura%C3%A7ao,2026-06-02
Ecuador,1,Hernán Galíndez,GK,39,Huracán,Argentine Primera Division,,34,0,unknown,starter,official_final,https://en.wikipedia.org/wiki/2026_FIFA_World_Cup_squads#Ecuador,2026-06-02
Ecuador,2,Félix Torres,DF,29,Internacional,Brasileirao,,48,5,unknown,starter,official_final,https://en.wikipedia.org/wiki/2026_FIFA_World_Cup_squads#Ecuador,2026-06-02
Ecuador,3,Piero Hincapié,DF,24,Arsenal,Premier League,,51,3,unknown,starter,official_final,https://en.wikipedia.org/wiki/2026_FIFA_World_Cup_squads#Ecuador,2026-06-02
Ecuador,4,Joel Ordóñez,DF,22,Club Brugge,BEL,,16,0,unknown,starter,official_final,https://en.wikipedia.org/wiki/2026_FIFA_World_Cup_squads#Ecuador,2026-06-02
Ecuador,5,Jordy Alcívar,MF,26,Independiente del Valle,ECU,,10,1,unknown,starter,official_final,https://en.wikipedia.org/wiki/2026_FIFA_World_Cup_squads#Ecuador,2026-06-02
Ecuador,6,Willian Pacho,DF,24,Paris Saint-Germain,Ligue 1,,34,2,unknown,starter,official_final,https://en.wikipedia.org/wiki/2026_FIFA_World_Cup_squads#Ecuador,2026-06-02
Ecuador,7,Pervis Estupiñán,DF,28,Milan,Serie A,,53,4,unknown,rotation,official_final,https://en.wikipedia.org/wiki/2026_FIFA_World_Cup_squads#Ecuador,2026-06-02
Ecuador,8,Anthony Valencia,MF,22,Antwerp,BEL,,2,1,unknown,starter,official_final,https://en.wikipedia.org/wiki/2026_FIFA_World_Cup_squads#Ecuador,2026-06-02
Ecuador,9,John Yeboah,FW,25,Venezia,Serie A,,22,3,unknown,starter,official_final,https://en.wikipedia.org/wiki/2026_FIFA_World_Cup_squads#Ecuador,2026-06-02
Ecuador,10,Kendry Páez,MF,19,River Plate,Argentine Primera Division,,25,2,unknown,starter,official_final,https://en.wikipedia.org/wiki/2026_FIFA_World_Cup_squads#Ecuador,2026-06-02
Ecuador,11,Kevin Rodríguez,FW,26,Union Saint-Gilloise,BEL,,31,2,unknown,starter,official_final,https://en.wikipedia.org/wiki/2026_FIFA_World_Cup_squads#Ecuador,2026-06-02
Ecuador,12,Moisés Ramírez,GK,25,Kifisia,GRE,,7,0,unknown,reserve,official_final,https://en.wikipedia.org/wiki/2026_FIFA_World_Cup_squads#Ecuador,2026-06-02
Ecuador,13,Enner Valencia,FW,36,Pachuca,Liga MX,,105,49,unknown,starter,official_final,https://en.wikipedia.org/wiki/2026_FIFA_World_Cup_squads#Ecuador,2026-06-02
Ecuador,14,Alan Minda,MF,23,Atlético Mineiro,Brasileirao,,19,2,unknown,starter,official_final,https://en.wikipedia.org/wiki/2026_FIFA_World_Cup_squads#Ecuador,2026-06-02
Ecuador,15,Pedro Vite,MF,24,UNAM,Liga MX,,16,1,unknown,rotation,official_final,https://en.wikipedia.org/wiki/2026_FIFA_World_Cup_squads#Ecuador,2026-06-02
Ecuador,16,Jordy Caicedo,FW,28,Huracán,Argentine Primera Division,,19,3,unknown,starter,official_final,https://en.wikipedia.org/wiki/2026_FIFA_World_Cup_squads#Ecuador,2026-06-02
Ecuador,17,Ángelo Preciado,DF,28,Atlético Mineiro,Brasileirao,,54,0,unknown,rotation,official_final,https://en.wikipedia.org/wiki/2026_FIFA_World_Cup_squads#Ecuador,2026-06-02
Ecuador,18,Denil Castillo,MF,22,Midtjylland,DEN,,5,0,unknown,rotation,official_final,https://en.wikipedia.org/wiki/2026_FIFA_World_Cup_squads#Ecuador,2026-06-02
Ecuador,19,Gonzalo Plata,FW,25,Flamengo,Brasileirao,,49,8,unknown,rotation,official_final,https://en.wikipedia.org/wiki/2026_FIFA_World_Cup_squads#Ecuador,2026-06-02
Ecuador,20,Nilson Angulo,FW,22,Sunderland,Premier League,,13,1,unknown,rotation,official_final,https://en.wikipedia.org/wiki/2026_FIFA_World_Cup_squads#Ecuador,2026-06-02
Ecuador,21,Alan Franco,MF,27,Atlético Mineiro,Brasileirao,,57,1,unknown,rotation,official_final,https://en.wikipedia.org/wiki/2026_FIFA_World_Cup_squads#Ecuador,2026-06-02
Ecuador,22,Gonzalo Valle,GK,30,LDU Quito,ECU,,3,0,unknown,reserve,official_final,https://en.wikipedia.org/wiki/2026_FIFA_World_Cup_squads#Ecuador,2026-06-02
Ecuador,23,Moisés Caicedo,MF,24,Chelsea,Premier League,,60,3,unknown,rotation,official_final,https://en.wikipedia.org/wiki/2026_FIFA_World_Cup_squads#Ecuador,2026-06-02
Ecuador,24,Jeremy Arévalo,FW,21,VfB Stuttgart,Bundesliga,,3,0,unknown,rotation,official_final,https://en.wikipedia.org/wiki/2026_FIFA_World_Cup_squads#Ecuador,2026-06-02
Ecuador,25,Jackson Porozo,DF,25,Tijuana,Liga MX,,9,1,unknown,rotation,official_final,https://en.wikipedia.org/wiki/2026_FIFA_World_Cup_squads#Ecuador,2026-06-02
Ecuador,26,Yaimar Medina,DF,21,Genk,BEL,,5,0,unknown,rotation,official_final,https://en.wikipedia.org/wiki/2026_FIFA_World_Cup_squads#Ecuador,2026-06-02
Germany,1,Manuel Neuer,GK,40,Bayern Munich,Bundesliga,,124,0,unknown,starter,official_final,https://en.wikipedia.org/wiki/2026_FIFA_World_Cup_squads#Germany,2026-06-02
Germany,2,Antonio Rüdiger,DF,33,Real Madrid,La Liga,,82,3,unknown,starter,official_final,https://en.wikipedia.org/wiki/2026_FIFA_World_Cup_squads#Germany,2026-06-02
Germany,3,Waldemar Anton,DF,29,Borussia Dortmund,Bundesliga,,12,0,unknown,starter,official_final,https://en.wikipedia.org/wiki/2026_FIFA_World_Cup_squads#Germany,2026-06-02
Germany,4,Jonathan Tah,DF,30,Bayern Munich,Bundesliga,,46,1,unknown,starter,official_final,https://en.wikipedia.org/wiki/2026_FIFA_World_Cup_squads#Germany,2026-06-02
Germany,5,Aleksandar Pavlović,MF,22,Bayern Munich,Bundesliga,,10,1,unknown,starter,official_final,https://en.wikipedia.org/wiki/2026_FIFA_World_Cup_squads#Germany,2026-06-02
Germany,6,Joshua Kimmich,DF,31,Bayern Munich,Bundesliga,,109,11,unknown,starter,official_final,https://en.wikipedia.org/wiki/2026_FIFA_World_Cup_squads#Germany,2026-06-02
Germany,7,Kai Havertz,FW,27,Arsenal,Premier League,,57,21,unknown,starter,official_final,https://en.wikipedia.org/wiki/2026_FIFA_World_Cup_squads#Germany,2026-06-02
Germany,8,Leon Goretzka,MF,31,Bayern Munich,Bundesliga,,69,15,unknown,starter,official_final,https://en.wikipedia.org/wiki/2026_FIFA_World_Cup_squads#Germany,2026-06-02
Germany,9,Jamie Leweling,MF,25,VfB Stuttgart,Bundesliga,,4,1,unknown,starter,official_final,https://en.wikipedia.org/wiki/2026_FIFA_World_Cup_squads#Germany,2026-06-02
Germany,10,Jamal Musiala,MF,23,Bayern Munich,Bundesliga,,41,9,unknown,starter,official_final,https://en.wikipedia.org/wiki/2026_FIFA_World_Cup_squads#Germany,2026-06-02
Germany,11,Nick Woltemade,FW,24,Newcastle United,Premier League,,11,4,unknown,starter,official_final,https://en.wikipedia.org/wiki/2026_FIFA_World_Cup_squads#Germany,2026-06-02
Germany,12,Oliver Baumann,GK,36,TSG Hoffenheim,Bundesliga,,12,0,unknown,reserve,official_final,https://en.wikipedia.org/wiki/2026_FIFA_World_Cup_squads#Germany,2026-06-02
Germany,13,Pascal Groß,MF,34,Brighton & Hove Albion,Premier League,,18,1,unknown,rotation,official_final,https://en.wikipedia.org/wiki/2026_FIFA_World_Cup_squads#Germany,2026-06-02
Germany,14,Maximilian Beier,FW,23,Borussia Dortmund,Bundesliga,,8,0,unknown,starter,official_final,https://en.wikipedia.org/wiki/2026_FIFA_World_Cup_squads#Germany,2026-06-02
Germany,15,Nico Schlotterbeck,DF,26,Borussia Dortmund,Bundesliga,,26,0,unknown,rotation,official_final,https://en.wikipedia.org/wiki/2026_FIFA_World_Cup_squads#Germany,2026-06-02
Germany,16,Angelo Stiller,MF,25,VfB Stuttgart,Bundesliga,,7,0,unknown,rotation,official_final,https://en.wikipedia.org/wiki/2026_FIFA_World_Cup_squads#Germany,2026-06-02
Germany,17,Florian Wirtz,MF,23,Liverpool,Premier League,,40,11,unknown,rotation,official_final,https://en.wikipedia.org/wiki/2026_FIFA_World_Cup_squads#Germany,2026-06-02
Germany,18,Nathaniel Brown,DF,22,Eintracht Frankfurt,Bundesliga,,4,0,unknown,rotation,official_final,https://en.wikipedia.org/wiki/2026_FIFA_World_Cup_squads#Germany,2026-06-02
Germany,19,Leroy Sané,MF,30,Galatasaray,TUR,,75,16,unknown,rotation,official_final,https://en.wikipedia.org/wiki/2026_FIFA_World_Cup_squads#Germany,2026-06-02
Germany,20,Nadiem Amiri,MF,29,Mainz 05,Bundesliga,,10,1,unknown,squad,official_final,https://en.wikipedia.org/wiki/2026_FIFA_World_Cup_squads#Germany,2026-06-02
Germany,21,Alexander Nübel,GK,29,VfB Stuttgart,Bundesliga,,3,0,unknown,reserve,official_final,https://en.wikipedia.org/wiki/2026_FIFA_World_Cup_squads#Germany,2026-06-02
Germany,22,David Raum,DF,28,RB Leipzig,Bundesliga,,36,1,unknown,rotation,official_final,https://en.wikipedia.org/wiki/2026_FIFA_World_Cup_squads#Germany,2026-06-02
Germany,23,Felix Nmecha,MF,25,Borussia Dortmund,Bundesliga,,7,1,unknown,squad,official_final,https://en.wikipedia.org/wiki/2026_FIFA_World_Cup_squads#Germany,2026-06-02
Germany,24,Malick Thiaw,DF,24,Newcastle United,Premier League,,5,0,unknown,rotation,official_final,https://en.wikipedia.org/wiki/2026_FIFA_World_Cup_squads#Germany,2026-06-02
Germany,25,Lennart Karl,MF,18,Bayern Munich,Bundesliga,,3,0,unknown,squad,official_final,https://en.wikipedia.org/wiki/2026_FIFA_World_Cup_squads#Germany,2026-06-02
Germany,26,Deniz Undav,FW,29,VfB Stuttgart,Bundesliga,,8,6,unknown,starter,official_final,https://en.wikipedia.org/wiki/2026_FIFA_World_Cup_squads#Germany,2026-06-02
Cote d'Ivoire,1,Yahia Fofana,GK,25,Çaykur Rizespor,TUR,,34,0,unknown,starter,official_final,https://en.wikipedia.org/wiki/2026_FIFA_World_Cup_squads#Ivory_Coast,2026-06-02
Cote d'Ivoire,2,Ousmane Diomande,DF,22,Sporting CP,Primeira Liga,,14,1,unknown,starter,official_final,https://en.wikipedia.org/wiki/2026_FIFA_World_Cup_squads#Ivory_Coast,2026-06-02
Cote d'Ivoire,3,Ghislain Konan,DF,30,Gil Vicente,Primeira Liga,,53,0,unknown,starter,official_final,https://en.wikipedia.org/wiki/2026_FIFA_World_Cup_squads#Ivory_Coast,2026-06-02
Cote d'Ivoire,4,Jean Michaël Seri,MF,34,Maribor,SVN,,65,4,unknown,starter,official_final,https://en.wikipedia.org/wiki/2026_FIFA_World_Cup_squads#Ivory_Coast,2026-06-02
Cote d'Ivoire,5,Wilfried Singo,DF,25,Galatasaray,TUR,,33,1,unknown,starter,official_final,https://en.wikipedia.org/wiki/2026_FIFA_World_Cup_squads#Ivory_Coast,2026-06-02
Cote d'Ivoire,6,Seko Fofana,MF,31,Porto,Primeira Liga,,31,7,unknown,starter,official_final,https://en.wikipedia.org/wiki/2026_FIFA_World_Cup_squads#Ivory_Coast,2026-06-02
Cote d'Ivoire,7,Odilon Kossounou,DF,25,Atalanta,Serie A,,35,0,unknown,starter,official_final,https://en.wikipedia.org/wiki/2026_FIFA_World_Cup_squads#Ivory_Coast,2026-06-02
Cote d'Ivoire,8,Franck Kessié,MF,29,Al-Ahli,Saudi Pro League,,102,15,unknown,starter,official_final,https://en.wikipedia.org/wiki/2026_FIFA_World_Cup_squads#Ivory_Coast,2026-06-02
Cote d'Ivoire,9,Ange-Yoan Bonny,FW,22,Inter Milan,Serie A,,0,0,unknown,starter,official_final,https://en.wikipedia.org/wiki/2026_FIFA_World_Cup_squads#Ivory_Coast,2026-06-02
Cote d'Ivoire,10,Simon Adingra,FW,24,Monaco,Ligue 1,,28,5,unknown,starter,official_final,https://en.wikipedia.org/wiki/2026_FIFA_World_Cup_squads#Ivory_Coast,2026-06-02
Cote d'Ivoire,11,Yan Diomande,FW,19,RB Leipzig,Bundesliga,,9,3,unknown,starter,official_final,https://en.wikipedia.org/wiki/2026_FIFA_World_Cup_squads#Ivory_Coast,2026-06-02
Cote d'Ivoire,12,Elye Wahi,FW,23,Nice,Ligue 1,,1,0,unknown,starter,official_final,https://en.wikipedia.org/wiki/2026_FIFA_World_Cup_squads#Ivory_Coast,2026-06-02
Cote d'Ivoire,13,Christopher Opéri,DF,29,İstanbul Başakşehir,TUR,,11,0,unknown,rotation,official_final,https://en.wikipedia.org/wiki/2026_FIFA_World_Cup_squads#Ivory_Coast,2026-06-02
Cote d'Ivoire,14,Oumar Diakité,FW,22,Cercle Brugge,BEL,,28,6,unknown,rotation,official_final,https://en.wikipedia.org/wiki/2026_FIFA_World_Cup_squads#Ivory_Coast,2026-06-02
Cote d'Ivoire,15,Amad Diallo,FW,23,Manchester United,Premier League,,18,5,unknown,rotation,official_final,https://en.wikipedia.org/wiki/2026_FIFA_World_Cup_squads#Ivory_Coast,2026-06-02
Cote d'Ivoire,16,Mohamed Koné,GK,24,Charleroi,BEL,,0,0,unknown,reserve,official_final,https://en.wikipedia.org/wiki/2026_FIFA_World_Cup_squads#Ivory_Coast,2026-06-02
Cote d'Ivoire,17,Guéla Doué,DF,23,Strasbourg,Ligue 1,,19,2,unknown,rotation,official_final,https://en.wikipedia.org/wiki/2026_FIFA_World_Cup_squads#Ivory_Coast,2026-06-02
Cote d'Ivoire,18,Ibrahim Sangaré,MF,28,Nottingham Forest,Premier League,,57,12,unknown,starter,official_final,https://en.wikipedia.org/wiki/2026_FIFA_World_Cup_squads#Ivory_Coast,2026-06-02
Cote d'Ivoire,19,Nicolas Pépé,FW,31,Villarreal,La Liga,,54,12,unknown,rotation,official_final,https://en.wikipedia.org/wiki/2026_FIFA_World_Cup_squads#Ivory_Coast,2026-06-02
Cote d'Ivoire,20,Emmanuel Agbadou,DF,28,Beşiktaş,TUR,,19,2,unknown,rotation,official_final,https://en.wikipedia.org/wiki/2026_FIFA_World_Cup_squads#Ivory_Coast,2026-06-02
Cote d'Ivoire,21,Evan Ndicka,DF,26,Roma,Serie A,,28,0,unknown,rotation,official_final,https://en.wikipedia.org/wiki/2026_FIFA_World_Cup_squads#Ivory_Coast,2026-06-02
Cote d'Ivoire,22,Evann Guessand,FW,24,Crystal Palace,Premier League,,21,4,unknown,rotation,official_final,https://en.wikipedia.org/wiki/2026_FIFA_World_Cup_squads#Ivory_Coast,2026-06-02
Cote d'Ivoire,23,Alban Lafont,GK,27,Panathinaikos,GRE,,4,0,unknown,reserve,official_final,https://en.wikipedia.org/wiki/2026_FIFA_World_Cup_squads#Ivory_Coast,2026-06-02
Cote d'Ivoire,24,Bazoumana Touré,FW,20,TSG Hoffenheim,Bundesliga,,5,2,unknown,squad,official_final,https://en.wikipedia.org/wiki/2026_FIFA_World_Cup_squads#Ivory_Coast,2026-06-02
Cote d'Ivoire,25,Parfait Guiagon,MF,25,Charleroi,BEL,,5,0,unknown,rotation,official_final,https://en.wikipedia.org/wiki/2026_FIFA_World_Cup_squads#Ivory_Coast,2026-06-02
Cote d'Ivoire,26,Christ Inao Oulaï,MF,20,Trabzonspor,TUR,,8,0,unknown,rotation,official_final,https://en.wikipedia.org/wiki/2026_FIFA_World_Cup_squads#Ivory_Coast,2026-06-02
Japan,1,Zion Suzuki,GK,23,Parma,Serie A,,24,0,unknown,starter,official_final,https://en.wikipedia.org/wiki/2026_FIFA_World_Cup_squads#Japan,2026-06-02
Japan,2,Yukinari Sugawara,DF,25,Werder Bremen,Bundesliga,,21,2,unknown,starter,official_final,https://en.wikipedia.org/wiki/2026_FIFA_World_Cup_squads#Japan,2026-06-02
Japan,3,Shōgo Taniguchi,DF,34,Sint-Truiden,BEL,,38,1,unknown,starter,official_final,https://en.wikipedia.org/wiki/2026_FIFA_World_Cup_squads#Japan,2026-06-02
Japan,4,Kō Itakura,DF,29,Ajax,Eredivisie,,40,2,unknown,starter,official_final,https://en.wikipedia.org/wiki/2026_FIFA_World_Cup_squads#Japan,2026-06-02
Japan,5,Yūto Nagatomo,DF,39,FC Tokyo,J1 League,,145,4,unknown,starter,official_final,https://en.wikipedia.org/wiki/2026_FIFA_World_Cup_squads#Japan,2026-06-02
Japan,6,Wataru Endo,MF,33,Liverpool,Premier League,,73,4,unknown,starter,official_final,https://en.wikipedia.org/wiki/2026_FIFA_World_Cup_squads#Japan,2026-06-02
Japan,7,Ao Tanaka,MF,27,Leeds United,Premier League,,38,8,unknown,starter,official_final,https://en.wikipedia.org/wiki/2026_FIFA_World_Cup_squads#Japan,2026-06-02
Japan,8,Takefusa Kubo,MF,25,Real Sociedad,La Liga,,49,7,unknown,starter,official_final,https://en.wikipedia.org/wiki/2026_FIFA_World_Cup_squads#Japan,2026-06-02
Japan,9,Keisuke Gotō,FW,21,Sint-Truiden,BEL,,4,0,unknown,starter,official_final,https://en.wikipedia.org/wiki/2026_FIFA_World_Cup_squads#Japan,2026-06-02
Japan,10,Ritsu Dōan,MF,27,Eintracht Frankfurt,Bundesliga,,65,11,unknown,starter,official_final,https://en.wikipedia.org/wiki/2026_FIFA_World_Cup_squads#Japan,2026-06-02
Japan,11,Daizen Maeda,MF,28,Celtic,SCO,,27,4,unknown,rotation,official_final,https://en.wikipedia.org/wiki/2026_FIFA_World_Cup_squads#Japan,2026-06-02
Japan,12,Keisuke Ōsako,GK,26,Sanfrecce Hiroshima,J1 League,,11,0,unknown,reserve,official_final,https://en.wikipedia.org/wiki/2026_FIFA_World_Cup_squads#Japan,2026-06-02
Japan,13,Keito Nakamura,MF,25,Reims,Ligue 1,,25,10,unknown,rotation,official_final,https://en.wikipedia.org/wiki/2026_FIFA_World_Cup_squads#Japan,2026-06-02
Japan,14,Junya Itō,MF,33,Genk,BEL,,69,15,unknown,rotation,official_final,https://en.wikipedia.org/wiki/2026_FIFA_World_Cup_squads#Japan,2026-06-02
Japan,15,Daichi Kamada,MF,29,Crystal Palace,Premier League,,49,12,unknown,rotation,official_final,https://en.wikipedia.org/wiki/2026_FIFA_World_Cup_squads#Japan,2026-06-02
Japan,16,Tsuyoshi Watanabe,DF,29,Feyenoord,Eredivisie,,11,0,unknown,rotation,official_final,https://en.wikipedia.org/wiki/2026_FIFA_World_Cup_squads#Japan,2026-06-02
Japan,17,Yuito Suzuki,MF,24,SC Freiburg,Bundesliga,,6,0,unknown,squad,official_final,https://en.wikipedia.org/wiki/2026_FIFA_World_Cup_squads#Japan,2026-06-02
Japan,18,Ayase Ueda,FW,27,Feyenoord,Eredivisie,,39,16,unknown,starter,official_final,https://en.wikipedia.org/wiki/2026_FIFA_World_Cup_squads#Japan,2026-06-02
Japan,19,Kōki Ogawa,FW,28,NEC,Eredivisie,,15,11,unknown,starter,official_final,https://en.wikipedia.org/wiki/2026_FIFA_World_Cup_squads#Japan,2026-06-02
Japan,20,Ayumu Seko,DF,26,Le Havre,Ligue 1,,14,0,unknown,rotation,official_final,https://en.wikipedia.org/wiki/2026_FIFA_World_Cup_squads#Japan,2026-06-02
Japan,21,Hiroki Itō,DF,27,Bayern Munich,Bundesliga,,24,1,unknown,rotation,official_final,https://en.wikipedia.org/wiki/2026_FIFA_World_Cup_squads#Japan,2026-06-02
Japan,22,Takehiro Tomiyasu,DF,27,Ajax,Eredivisie,,43,1,unknown,rotation,official_final,https://en.wikipedia.org/wiki/2026_FIFA_World_Cup_squads#Japan,2026-06-02
Japan,23,Tomoki Hayakawa,GK,27,Kashima Antlers,J1 League,,4,0,unknown,reserve,official_final,https://en.wikipedia.org/wiki/2026_FIFA_World_Cup_squads#Japan,2026-06-02
Japan,24,Kaishū Sano,MF,25,Mainz 05,Bundesliga,,13,0,unknown,squad,official_final,https://en.wikipedia.org/wiki/2026_FIFA_World_Cup_squads#Japan,2026-06-02
Japan,25,Junnosuke Suzuki,DF,22,Copenhagen,DEN,,6,0,unknown,squad,official_final,https://en.wikipedia.org/wiki/2026_FIFA_World_Cup_squads#Japan,2026-06-02
Japan,26,Kento Shiogai,FW,21,VfL Wolfsburg,Bundesliga,,2,0,unknown,starter,official_final,https://en.wikipedia.org/wiki/2026_FIFA_World_Cup_squads#Japan,2026-06-02
Netherlands,1,Bart Verbruggen,GK,23,Brighton & Hove Albion,Premier League,,27,0,unknown,starter,official_final,https://en.wikipedia.org/wiki/2026_FIFA_World_Cup_squads#Netherlands,2026-06-02
Netherlands,2,Jurriën Timber,DF,24,Arsenal,Premier League,,23,0,available,starter,official_final,https://en.wikipedia.org/wiki/2026_FIFA_World_Cup_squads#Netherlands,2026-06-02
Netherlands,3,Marten de Roon,MF,35,Atalanta,Serie A,,42,1,unknown,starter,official_final,https://en.wikipedia.org/wiki/2026_FIFA_World_Cup_squads#Netherlands,2026-06-02
Netherlands,4,Virgil van Dijk,DF,34,Liverpool,Premier League,,90,12,unknown,starter,official_final,https://en.wikipedia.org/wiki/2026_FIFA_World_Cup_squads#Netherlands,2026-06-02
Netherlands,5,Nathan Aké,DF,31,Manchester City,Premier League,,58,5,unknown,starter,official_final,https://en.wikipedia.org/wiki/2026_FIFA_World_Cup_squads#Netherlands,2026-06-02
Netherlands,6,Jan Paul van Hecke,DF,26,Brighton & Hove Albion,Premier League,,10,0,unknown,starter,official_final,https://en.wikipedia.org/wiki/2026_FIFA_World_Cup_squads#Netherlands,2026-06-02
Netherlands,7,Justin Kluivert,MF,27,Bournemouth,Premier League,,11,0,unknown,starter,official_final,https://en.wikipedia.org/wiki/2026_FIFA_World_Cup_squads#Netherlands,2026-06-02
Netherlands,8,Ryan Gravenberch,MF,24,Liverpool,Premier League,,25,1,unknown,starter,official_final,https://en.wikipedia.org/wiki/2026_FIFA_World_Cup_squads#Netherlands,2026-06-02
Netherlands,9,Wout Weghorst,FW,33,Ajax,Eredivisie,,51,14,unknown,starter,official_final,https://en.wikipedia.org/wiki/2026_FIFA_World_Cup_squads#Netherlands,2026-06-02
Netherlands,10,Memphis Depay,FW,32,Corinthians,Brasileirao,,108,55,unknown,starter,official_final,https://en.wikipedia.org/wiki/2026_FIFA_World_Cup_squads#Netherlands,2026-06-02
Netherlands,11,Cody Gakpo,FW,27,Liverpool,Premier League,,48,19,unknown,starter,official_final,https://en.wikipedia.org/wiki/2026_FIFA_World_Cup_squads#Netherlands,2026-06-02
Netherlands,12,Mats Wieffer,DF,26,Brighton & Hove Albion,Premier League,,14,1,unknown,rotation,official_final,https://en.wikipedia.org/wiki/2026_FIFA_World_Cup_squads#Netherlands,2026-06-02
Netherlands,13,Robin Roefs,GK,23,Sunderland,Premier League,,0,0,unknown,reserve,official_final,https://en.wikipedia.org/wiki/2026_FIFA_World_Cup_squads#Netherlands,2026-06-02
Netherlands,14,Tijjani Reijnders,MF,27,Manchester City,Premier League,,30,7,unknown,starter,official_final,https://en.wikipedia.org/wiki/2026_FIFA_World_Cup_squads#Netherlands,2026-06-02
Netherlands,15,Micky van de Ven,DF,25,Tottenham Hotspur,Premier League,,19,1,unknown,rotation,official_final,https://en.wikipedia.org/wiki/2026_FIFA_World_Cup_squads#Netherlands,2026-06-02
Netherlands,16,Guus Til,MF,28,PSV Eindhoven,Eredivisie,,6,1,unknown,rotation,official_final,https://en.wikipedia.org/wiki/2026_FIFA_World_Cup_squads#Netherlands,2026-06-02
Netherlands,17,Noa Lang,FW,26,Galatasaray,TUR,,15,3,unknown,starter,official_final,https://en.wikipedia.org/wiki/2026_FIFA_World_Cup_squads#Netherlands,2026-06-02
Netherlands,18,Donyell Malen,FW,27,Roma,Serie A,,51,13,unknown,rotation,official_final,https://en.wikipedia.org/wiki/2026_FIFA_World_Cup_squads#Netherlands,2026-06-02
Netherlands,19,Brian Brobbey,FW,24,Sunderland,Premier League,,10,1,unknown,rotation,official_final,https://en.wikipedia.org/wiki/2026_FIFA_World_Cup_squads#Netherlands,2026-06-02
Netherlands,20,Teun Koopmeiners,MF,28,Juventus,Serie A,,27,3,unknown,rotation,official_final,https://en.wikipedia.org/wiki/2026_FIFA_World_Cup_squads#Netherlands,2026-06-02
Netherlands,21,Frenkie de Jong,MF,29,Barcelona,La Liga,,64,2,unknown,rotation,official_final,https://en.wikipedia.org/wiki/2026_FIFA_World_Cup_squads#Netherlands,2026-06-02
Netherlands,22,Denzel Dumfries,DF,30,Inter Milan,Serie A,,71,11,unknown,rotation,official_final,https://en.wikipedia.org/wiki/2026_FIFA_World_Cup_squads#Netherlands,2026-06-02
Netherlands,23,Mark Flekken,GK,32,Bayer Leverkusen,Bundesliga,,11,0,unknown,reserve,official_final,https://en.wikipedia.org/wiki/2026_FIFA_World_Cup_squads#Netherlands,2026-06-02
Netherlands,24,Crysencio Summerville,FW,24,West Ham United,Premier League,,0,0,unknown,rotation,official_final,https://en.wikipedia.org/wiki/2026_FIFA_World_Cup_squads#Netherlands,2026-06-02
Netherlands,25,Jorrel Hato,DF,20,Chelsea,Premier League,,7,0,unknown,rotation,official_final,https://en.wikipedia.org/wiki/2026_FIFA_World_Cup_squads#Netherlands,2026-06-02
Netherlands,26,Quinten Timber,MF,24,Marseille,Ligue 1,,10,1,unknown,rotation,official_final,https://en.wikipedia.org/wiki/2026_FIFA_World_Cup_squads#Netherlands,2026-06-02
Sweden,1,Jacob Widell Zetterström,GK,27,Derby County,Premier League,,3,0,unknown,starter,official_final,https://en.wikipedia.org/wiki/2026_FIFA_World_Cup_squads#Sweden,2026-06-02
Sweden,2,Gustaf Lagerbielke,DF,26,Braga,Primeira Liga,,10,2,unknown,starter,official_final,https://en.wikipedia.org/wiki/2026_FIFA_World_Cup_squads#Sweden,2026-06-02
Sweden,3,Victor Lindelöf,DF,31,Aston Villa,Premier League,,76,3,unknown,starter,official_final,https://en.wikipedia.org/wiki/2026_FIFA_World_Cup_squads#Sweden,2026-06-02
Sweden,4,Isak Hien,DF,27,Atalanta,Serie A,,28,0,unknown,starter,official_final,https://en.wikipedia.org/wiki/2026_FIFA_World_Cup_squads#Sweden,2026-06-02
Sweden,5,Gabriel Gudmundsson,DF,27,Leeds United,Premier League,,23,0,unknown,starter,official_final,https://en.wikipedia.org/wiki/2026_FIFA_World_Cup_squads#Sweden,2026-06-02
Sweden,6,Herman Johansson,DF,28,FC Dallas,MLS,,3,0,unknown,rotation,official_final,https://en.wikipedia.org/wiki/2026_FIFA_World_Cup_squads#Sweden,2026-06-02
Sweden,7,Lucas Bergvall,MF,20,Tottenham Hotspur,Premier League,,9,0,unknown,starter,official_final,https://en.wikipedia.org/wiki/2026_FIFA_World_Cup_squads#Sweden,2026-06-02
Sweden,8,Daniel Svensson,DF,24,Borussia Dortmund,Bundesliga,,12,0,unknown,rotation,official_final,https://en.wikipedia.org/wiki/2026_FIFA_World_Cup_squads#Sweden,2026-06-02
Sweden,9,Alexander Isak,FW,26,Liverpool,Premier League,,57,17,unknown,starter,official_final,https://en.wikipedia.org/wiki/2026_FIFA_World_Cup_squads#Sweden,2026-06-02
Sweden,10,Benjamin Nygren,MF,24,Celtic,SCO,,10,3,unknown,starter,official_final,https://en.wikipedia.org/wiki/2026_FIFA_World_Cup_squads#Sweden,2026-06-02
Sweden,11,Anthony Elanga,FW,24,Newcastle United,Premier League,,29,6,unknown,starter,official_final,https://en.wikipedia.org/wiki/2026_FIFA_World_Cup_squads#Sweden,2026-06-02
Sweden,12,Viktor Johansson,GK,27,Stoke City,Premier League,,12,0,unknown,reserve,official_final,https://en.wikipedia.org/wiki/2026_FIFA_World_Cup_squads#Sweden,2026-06-02
Sweden,13,Ken Sema,MF,32,Pafos,CYP,,33,5,unknown,starter,official_final,https://en.wikipedia.org/wiki/2026_FIFA_World_Cup_squads#Sweden,2026-06-02
Sweden,14,Hjalmar Ekdal,DF,27,Burnley,Premier League,,12,0,unknown,rotation,official_final,https://en.wikipedia.org/wiki/2026_FIFA_World_Cup_squads#Sweden,2026-06-02
Sweden,15,Carl Starfelt,DF,31,Celta Vigo,La Liga,,17,0,unknown,rotation,official_final,https://en.wikipedia.org/wiki/2026_FIFA_World_Cup_squads#Sweden,2026-06-02
Sweden,16,Jesper Karlström,MF,30,Udinese,Serie A,,24,0,unknown,starter,official_final,https://en.wikipedia.org/wiki/2026_FIFA_World_Cup_squads#Sweden,2026-06-02
Sweden,17,Viktor Gyökeres,FW,28,Arsenal,Premier League,,32,19,unknown,starter,official_final,https://en.wikipedia.org/wiki/2026_FIFA_World_Cup_squads#Sweden,2026-06-02
Sweden,18,Yasin Ayari,MF,22,Brighton & Hove Albion,Premier League,,20,3,unknown,rotation,official_final,https://en.wikipedia.org/wiki/2026_FIFA_World_Cup_squads#Sweden,2026-06-02
Sweden,19,Mattias Svanberg,MF,27,VfL Wolfsburg,Bundesliga,,40,2,unknown,rotation,official_final,https://en.wikipedia.org/wiki/2026_FIFA_World_Cup_squads#Sweden,2026-06-02
Sweden,20,Eric Smith,DF,29,FC St. Pauli,Bundesliga,,1,0,unknown,squad,official_final,https://en.wikipedia.org/wiki/2026_FIFA_World_Cup_squads#Sweden,2026-06-02
Sweden,21,Alexander Bernhardsson,DF,27,Holstein Kiel,Bundesliga,,10,0,unknown,squad,official_final,https://en.wikipedia.org/wiki/2026_FIFA_World_Cup_squads#Sweden,2026-06-02
Sweden,22,Besfort Zeneli,MF,23,Union Saint-Gilloise,BEL,,7,0,unknown,rotation,official_final,https://en.wikipedia.org/wiki/2026_FIFA_World_Cup_squads#Sweden,2026-06-02
Sweden,23,Kristoffer Nordfeldt,GK,36,AIK,SWE,,20,0,unknown,reserve,official_final,https://en.wikipedia.org/wiki/2026_FIFA_World_Cup_squads#Sweden,2026-06-02
Sweden,24,Elliot Stroud,DF,23,Mjällby AIF,SWE,,0,0,unknown,squad,official_final,https://en.wikipedia.org/wiki/2026_FIFA_World_Cup_squads#Sweden,2026-06-02
Sweden,25,Gustaf Nilsson,FW,29,Club Brugge,BEL,,9,3,unknown,starter,official_final,https://en.wikipedia.org/wiki/2026_FIFA_World_Cup_squads#Sweden,2026-06-02
Sweden,26,Taha Ali,FW,27,Malmö FF,SWE,,1,0,unknown,rotation,official_final,https://en.wikipedia.org/wiki/2026_FIFA_World_Cup_squads#Sweden,2026-06-02
Tunisia,1,Mouhib Chamakh,GK,24,Club Africain,TUN,,1,0,unknown,starter,official_final,https://en.wikipedia.org/wiki/2026_FIFA_World_Cup_squads#Tunisia,2026-06-02
Tunisia,2,Ali Abdi,DF,32,Nice,Ligue 1,,45,7,unknown,starter,official_final,https://en.wikipedia.org/wiki/2026_FIFA_World_Cup_squads#Tunisia,2026-06-02
Tunisia,3,Montassar Talbi,DF,28,Lorient,Ligue 1,,62,4,unknown,starter,official_final,https://en.wikipedia.org/wiki/2026_FIFA_World_Cup_squads#Tunisia,2026-06-02
Tunisia,4,Omar Rekik,DF,24,Maribor,SVN,,4,0,unknown,starter,official_final,https://en.wikipedia.org/wiki/2026_FIFA_World_Cup_squads#Tunisia,2026-06-02
Tunisia,5,Adem Arous,DF,21,Kasımpaşa,TUR,,1,0,unknown,starter,official_final,https://en.wikipedia.org/wiki/2026_FIFA_World_Cup_squads#Tunisia,2026-06-02
Tunisia,6,Dylan Bronn,DF,30,Servette,SUI,,52,2,unknown,rotation,official_final,https://en.wikipedia.org/wiki/2026_FIFA_World_Cup_squads#Tunisia,2026-06-02
Tunisia,7,Elias Achouri,FW,27,Copenhagen,DEN,,29,4,unknown,starter,official_final,https://en.wikipedia.org/wiki/2026_FIFA_World_Cup_squads#Tunisia,2026-06-02
Tunisia,8,Elias Saad,FW,26,Hannover 96,Bundesliga,,14,4,unknown,starter,official_final,https://en.wikipedia.org/wiki/2026_FIFA_World_Cup_squads#Tunisia,2026-06-02
Tunisia,9,Hazem Mastouri,FW,28,Dynamo Makhachkala,RUS,,18,4,unknown,starter,official_final,https://en.wikipedia.org/wiki/2026_FIFA_World_Cup_squads#Tunisia,2026-06-02
Tunisia,10,Hannibal Mejbri,MF,23,Burnley,Premier League,,44,1,unknown,starter,official_final,https://en.wikipedia.org/wiki/2026_FIFA_World_Cup_squads#Tunisia,2026-06-02
Tunisia,11,Ismaël Gharbi,MF,22,FC Augsburg,Bundesliga,,15,2,unknown,starter,official_final,https://en.wikipedia.org/wiki/2026_FIFA_World_Cup_squads#Tunisia,2026-06-02
Tunisia,12,Mortadha Ben Ouanes,DF,31,Kasımpaşa,TUR,,17,0,unknown,rotation,official_final,https://en.wikipedia.org/wiki/2026_FIFA_World_Cup_squads#Tunisia,2026-06-02
Tunisia,13,Rani Khedira,MF,32,Union Berlin,Bundesliga,,2,0,unknown,starter,official_final,https://en.wikipedia.org/wiki/2026_FIFA_World_Cup_squads#Tunisia,2026-06-02
Tunisia,14,Khalil Ayari,MF,21,Paris Saint-Germain,Ligue 1,,2,0,unknown,starter,official_final,https://en.wikipedia.org/wiki/2026_FIFA_World_Cup_squads#Tunisia,2026-06-02
Tunisia,15,Hadj Mahmoud,MF,26,Lugano,SUI,,7,0,unknown,rotation,official_final,https://en.wikipedia.org/wiki/2026_FIFA_World_Cup_squads#Tunisia,2026-06-02
Tunisia,16,Aymen Dahmen,GK,29,CS Sfaxien,TUN,,37,0,unknown,reserve,official_final,https://en.wikipedia.org/wiki/2026_FIFA_World_Cup_squads#Tunisia,2026-06-02
Tunisia,17,Ellyes Skhiri,MF,31,Eintracht Frankfurt,Bundesliga,,81,4,unknown,rotation,official_final,https://en.wikipedia.org/wiki/2026_FIFA_World_Cup_squads#Tunisia,2026-06-02
Tunisia,18,Rayan Elloumi,FW,18,Vancouver Whitecaps FC,MLS,,2,0,unknown,starter,official_final,https://en.wikipedia.org/wiki/2026_FIFA_World_Cup_squads#Tunisia,2026-06-02
Tunisia,19,Firas Chaouat,FW,30,Club Africain,TUN,,28,6,unknown,rotation,official_final,https://en.wikipedia.org/wiki/2026_FIFA_World_Cup_squads#Tunisia,2026-06-02
Tunisia,20,Yan Valery,DF,27,Young Boys,SUI,,21,0,unknown,rotation,official_final,https://en.wikipedia.org/wiki/2026_FIFA_World_Cup_squads#Tunisia,2026-06-02
Tunisia,21,Mohamed Amine Ben Hamida,DF,30,Espérance de Tunis,TUN,,12,0,unknown,rotation,official_final,https://en.wikipedia.org/wiki/2026_FIFA_World_Cup_squads#Tunisia,2026-06-02
Tunisia,22,Sabri Ben Hessen,GK,29,Étoile du Sahel,TUN,,2,0,unknown,reserve,official_final,https://en.wikipedia.org/wiki/2026_FIFA_World_Cup_squads#Tunisia,2026-06-02
Tunisia,23,Moutaz Neffati,DF,21,IFK Norrköping,SWE,,5,0,unknown,squad,official_final,https://en.wikipedia.org/wiki/2026_FIFA_World_Cup_squads#Tunisia,2026-06-02
Tunisia,24,Raed Chikhaoui,DF,22,US Monastir,TUN,,0,0,unknown,squad,official_final,https://en.wikipedia.org/wiki/2026_FIFA_World_Cup_squads#Tunisia,2026-06-02
Tunisia,25,Anis Ben Slimane,MF,25,Norwich City,Premier League,,39,4,unknown,rotation,official_final,https://en.wikipedia.org/wiki/2026_FIFA_World_Cup_squads#Tunisia,2026-06-02
Tunisia,26,Sebastian Tounekti,MF,23,Celtic,SCO,,10,1,unknown,rotation,official_final,https://en.wikipedia.org/wiki/2026_FIFA_World_Cup_squads#Tunisia,2026-06-02
Belgium,1,Thibaut Courtois,GK,34,Real Madrid,La Liga,,107,0,unknown,starter,official_final,https://en.wikipedia.org/wiki/2026_FIFA_World_Cup_squads#Belgium,2026-06-02
Belgium,2,Zeno Debast,DF,22,Sporting CP,Primeira Liga,,26,1,unknown,starter,official_final,https://en.wikipedia.org/wiki/2026_FIFA_World_Cup_squads#Belgium,2026-06-02
Belgium,3,Arthur Theate,DF,26,Eintracht Frankfurt,Bundesliga,,32,1,unknown,starter,official_final,https://en.wikipedia.org/wiki/2026_FIFA_World_Cup_squads#Belgium,2026-06-02
Belgium,4,Brandon Mechele,DF,33,Club Brugge,BEL,,7,1,unknown,starter,official_final,https://en.wikipedia.org/wiki/2026_FIFA_World_Cup_squads#Belgium,2026-06-02
Belgium,5,Maxim De Cuyper,DF,25,Brighton & Hove Albion,Premier League,,17,4,unknown,starter,official_final,https://en.wikipedia.org/wiki/2026_FIFA_World_Cup_squads#Belgium,2026-06-02
Belgium,6,Axel Witsel,MF,37,Girona,La Liga,,136,12,unknown,starter,official_final,https://en.wikipedia.org/wiki/2026_FIFA_World_Cup_squads#Belgium,2026-06-02
Belgium,7,Kevin De Bruyne,MF,34,Napoli,Serie A,,117,36,unknown,starter,official_final,https://en.wikipedia.org/wiki/2026_FIFA_World_Cup_squads#Belgium,2026-06-02
Belgium,8,Youri Tielemans,MF,29,Aston Villa,Premier League,,83,12,unknown,starter,official_final,https://en.wikipedia.org/wiki/2026_FIFA_World_Cup_squads#Belgium,2026-06-02
Belgium,9,Romelu Lukaku,FW,33,Napoli,Serie A,,124,89,unknown,starter,official_final,https://en.wikipedia.org/wiki/2026_FIFA_World_Cup_squads#Belgium,2026-06-02
Belgium,10,Leandro Trossard,FW,31,Arsenal,Premier League,,50,11,unknown,starter,official_final,https://en.wikipedia.org/wiki/2026_FIFA_World_Cup_squads#Belgium,2026-06-02
Belgium,11,Jérémy Doku,FW,24,Manchester City,Premier League,,41,7,unknown,starter,official_final,https://en.wikipedia.org/wiki/2026_FIFA_World_Cup_squads#Belgium,2026-06-02
Belgium,12,Senne Lammens,GK,23,Manchester United,Premier League,,2,0,unknown,reserve,official_final,https://en.wikipedia.org/wiki/2026_FIFA_World_Cup_squads#Belgium,2026-06-02
Belgium,13,Mike Penders,GK,20,Strasbourg,Ligue 1,,0,0,unknown,reserve,official_final,https://en.wikipedia.org/wiki/2026_FIFA_World_Cup_squads#Belgium,2026-06-02
Belgium,14,Dodi Lukébakio,FW,28,Benfica,Primeira Liga,,29,5,unknown,starter,official_final,https://en.wikipedia.org/wiki/2026_FIFA_World_Cup_squads#Belgium,2026-06-02
Belgium,15,Thomas Meunier,DF,34,Lille,Ligue 1,,78,10,unknown,rotation,official_final,https://en.wikipedia.org/wiki/2026_FIFA_World_Cup_squads#Belgium,2026-06-02
Belgium,16,Koni De Winter,DF,23,Milan,Serie A,,7,0,unknown,rotation,official_final,https://en.wikipedia.org/wiki/2026_FIFA_World_Cup_squads#Belgium,2026-06-02
Belgium,17,Charles De Ketelaere,FW,25,Atalanta,Serie A,,28,5,unknown,rotation,official_final,https://en.wikipedia.org/wiki/2026_FIFA_World_Cup_squads#Belgium,2026-06-02
Belgium,18,Joaquin Seys,DF,21,Club Brugge,BEL,,4,0,unknown,rotation,official_final,https://en.wikipedia.org/wiki/2026_FIFA_World_Cup_squads#Belgium,2026-06-02
Belgium,19,Diego Moreira,MF,21,Strasbourg,Ligue 1,,2,0,unknown,starter,official_final,https://en.wikipedia.org/wiki/2026_FIFA_World_Cup_squads#Belgium,2026-06-02
Belgium,20,Hans Vanaken,MF,33,Club Brugge,BEL,,32,7,unknown,rotation,official_final,https://en.wikipedia.org/wiki/2026_FIFA_World_Cup_squads#Belgium,2026-06-02
Belgium,21,Timothy Castagne,DF,30,Fulham,Premier League,,62,2,unknown,rotation,official_final,https://en.wikipedia.org/wiki/2026_FIFA_World_Cup_squads#Belgium,2026-06-02
Belgium,22,Alexis Saelemaekers,MF,26,Milan,Serie A,,23,2,unknown,rotation,official_final,https://en.wikipedia.org/wiki/2026_FIFA_World_Cup_squads#Belgium,2026-06-02
Belgium,23,Nicolas Raskin,MF,25,Rangers,SCO,,11,1,unknown,rotation,official_final,https://en.wikipedia.org/wiki/2026_FIFA_World_Cup_squads#Belgium,2026-06-02
Belgium,24,Amadou Onana,MF,24,Aston Villa,Premier League,,27,1,unknown,rotation,official_final,https://en.wikipedia.org/wiki/2026_FIFA_World_Cup_squads#Belgium,2026-06-02
Belgium,25,Nathan Ngoy,DF,23,Lille,Ligue 1,,2,0,unknown,squad,official_final,https://en.wikipedia.org/wiki/2026_FIFA_World_Cup_squads#Belgium,2026-06-02
Belgium,26,Matias Fernandez-Pardo,FW,21,Lille,Ligue 1,,0,0,unknown,rotation,official_final,https://en.wikipedia.org/wiki/2026_FIFA_World_Cup_squads#Belgium,2026-06-02
Egypt,1,Mohamed El Shenawy,GK,37,Al Ahly,EGY,,76,0,unknown,starter,official_final,https://en.wikipedia.org/wiki/2026_FIFA_World_Cup_squads#Egypt,2026-06-02
Egypt,2,Yasser Ibrahim,DF,33,Al Ahly,EGY,,16,1,unknown,starter,official_final,https://en.wikipedia.org/wiki/2026_FIFA_World_Cup_squads#Egypt,2026-06-02
Egypt,3,Mohamed Hany,DF,30,Al Ahly,EGY,,41,0,unknown,starter,official_final,https://en.wikipedia.org/wiki/2026_FIFA_World_Cup_squads#Egypt,2026-06-02
Egypt,4,Hossam Abdelmaguid,DF,25,Zamalek,EGY,,13,0,unknown,starter,official_final,https://en.wikipedia.org/wiki/2026_FIFA_World_Cup_squads#Egypt,2026-06-02
Egypt,5,Ramy Rabia,DF,33,Al-Ain,UAE,,44,5,unknown,starter,official_final,https://en.wikipedia.org/wiki/2026_FIFA_World_Cup_squads#Egypt,2026-06-02
Egypt,6,Mohamed Abdelmonem,DF,27,Nice,Ligue 1,,35,3,unknown,rotation,official_final,https://en.wikipedia.org/wiki/2026_FIFA_World_Cup_squads#Egypt,2026-06-02
Egypt,7,Trézéguet,FW,31,Al Ahly,EGY,,95,23,unknown,starter,official_final,https://en.wikipedia.org/wiki/2026_FIFA_World_Cup_squads#Egypt,2026-06-02
Egypt,8,Emam Ashour,MF,28,Al Ahly,EGY,,28,0,unknown,starter,official_final,https://en.wikipedia.org/wiki/2026_FIFA_World_Cup_squads#Egypt,2026-06-02
Egypt,9,Hamza Abdelkarim,FW,18,Barcelona,La Liga,,1,0,unknown,starter,official_final,https://en.wikipedia.org/wiki/2026_FIFA_World_Cup_squads#Egypt,2026-06-02
Egypt,10,Mohamed Salah,FW,33,Liverpool,Premier League,,115,67,unknown,starter,official_final,https://en.wikipedia.org/wiki/2026_FIFA_World_Cup_squads#Egypt,2026-06-02
Egypt,11,Mostafa Ziko,MF,29,Pyramids,EGY,,1,1,unknown,starter,official_final,https://en.wikipedia.org/wiki/2026_FIFA_World_Cup_squads#Egypt,2026-06-02
Egypt,12,Haissem Hassan,FW,24,Oviedo,La Liga,,3,0,unknown,starter,official_final,https://en.wikipedia.org/wiki/2026_FIFA_World_Cup_squads#Egypt,2026-06-02
Egypt,13,Ahmed Fatouh,DF,28,Zamalek,EGY,,38,1,unknown,rotation,official_final,https://en.wikipedia.org/wiki/2026_FIFA_World_Cup_squads#Egypt,2026-06-02
Egypt,14,Hamdy Fathy,MF,31,Al-Wakrah,Qatar Stars League,,62,3,unknown,starter,official_final,https://en.wikipedia.org/wiki/2026_FIFA_World_Cup_squads#Egypt,2026-06-02
Egypt,15,Karim Hafez,DF,30,Pyramids,EGY,,8,0,unknown,rotation,official_final,https://en.wikipedia.org/wiki/2026_FIFA_World_Cup_squads#Egypt,2026-06-02
Egypt,16,El Mahdy Soliman,GK,39,Zamalek,EGY,,0,0,unknown,reserve,official_final,https://en.wikipedia.org/wiki/2026_FIFA_World_Cup_squads#Egypt,2026-06-02
Egypt,17,Mohanad Lasheen,MF,30,Pyramids,EGY,,22,0,unknown,starter,official_final,https://en.wikipedia.org/wiki/2026_FIFA_World_Cup_squads#Egypt,2026-06-02
Egypt,18,Nabil Emad,MF,30,Al-Najma,Saudi Pro League,,12,0,unknown,rotation,official_final,https://en.wikipedia.org/wiki/2026_FIFA_World_Cup_squads#Egypt,2026-06-02
Egypt,19,Marwan Attia,MF,27,Al Ahly,EGY,,33,1,unknown,rotation,official_final,https://en.wikipedia.org/wiki/2026_FIFA_World_Cup_squads#Egypt,2026-06-02
Egypt,20,Ibrahim Adel,FW,25,Nordsjælland,DEN,,23,3,unknown,rotation,official_final,https://en.wikipedia.org/wiki/2026_FIFA_World_Cup_squads#Egypt,2026-06-02
Egypt,21,Mahmoud Saber,MF,24,ZED,EGY,,15,1,unknown,rotation,official_final,https://en.wikipedia.org/wiki/2026_FIFA_World_Cup_squads#Egypt,2026-06-02
Egypt,22,Omar Marmoush,FW,27,Manchester City,Premier League,,48,11,unknown,rotation,official_final,https://en.wikipedia.org/wiki/2026_FIFA_World_Cup_squads#Egypt,2026-06-02
Egypt,23,Mostafa Shobeir,GK,26,Al Ahly,EGY,,8,0,unknown,reserve,official_final,https://en.wikipedia.org/wiki/2026_FIFA_World_Cup_squads#Egypt,2026-06-02
Egypt,24,Tarek Alaa,DF,24,ZED,EGY,,2,0,unknown,rotation,official_final,https://en.wikipedia.org/wiki/2026_FIFA_World_Cup_squads#Egypt,2026-06-02
Egypt,25,Zizo,FW,30,Al Ahly,EGY,,62,5,unknown,rotation,official_final,https://en.wikipedia.org/wiki/2026_FIFA_World_Cup_squads#Egypt,2026-06-02
Egypt,26,Mohamed Alaa,GK,27,El Gouna,EGY,,0,0,unknown,reserve,official_final,https://en.wikipedia.org/wiki/2026_FIFA_World_Cup_squads#Egypt,2026-06-02
IR Iran,1,Alireza Beiranvand,GK,33,Tractor,IRN,,85,0,unknown,starter,official_final,https://en.wikipedia.org/wiki/2026_FIFA_World_Cup_squads#Iran,2026-06-02
IR Iran,2,Saleh Hardani,DF,27,Esteghlal,IRN,,17,1,unknown,starter,official_final,https://en.wikipedia.org/wiki/2026_FIFA_World_Cup_squads#Iran,2026-06-02
IR Iran,3,Ehsan Hajsafi,DF,36,Sepahan,IRN,,145,7,unknown,starter,official_final,https://en.wikipedia.org/wiki/2026_FIFA_World_Cup_squads#Iran,2026-06-02
IR Iran,4,Shojae Khalilzadeh,DF,37,Tractor,IRN,,57,2,unknown,starter,official_final,https://en.wikipedia.org/wiki/2026_FIFA_World_Cup_squads#Iran,2026-06-02
IR Iran,5,Milad Mohammadi,DF,32,Persepolis,IRN,,75,1,unknown,starter,official_final,https://en.wikipedia.org/wiki/2026_FIFA_World_Cup_squads#Iran,2026-06-02
IR Iran,6,Saeid Ezatolahi,MF,29,Shabab Al-Ahli,UAE,,82,1,unknown,starter,official_final,https://en.wikipedia.org/wiki/2026_FIFA_World_Cup_squads#Iran,2026-06-02
IR Iran,7,Alireza Jahanbakhsh,MF,32,Dender,BEL,,98,17,unknown,starter,official_final,https://en.wikipedia.org/wiki/2026_FIFA_World_Cup_squads#Iran,2026-06-02
IR Iran,8,Mohammad Mohebi,MF,27,Rostov,RUS,,36,14,unknown,starter,official_final,https://en.wikipedia.org/wiki/2026_FIFA_World_Cup_squads#Iran,2026-06-02
IR Iran,9,Mehdi Taremi,FW,33,Olympiacos,GRE,,104,60,unknown,starter,official_final,https://en.wikipedia.org/wiki/2026_FIFA_World_Cup_squads#Iran,2026-06-02
IR Iran,10,Mehdi Ghayedi,FW,27,Al-Nasr,UAE,,29,10,unknown,starter,official_final,https://en.wikipedia.org/wiki/2026_FIFA_World_Cup_squads#Iran,2026-06-02
IR Iran,11,Ali Alipour,FW,30,Persepolis,IRN,,13,1,unknown,starter,official_final,https://en.wikipedia.org/wiki/2026_FIFA_World_Cup_squads#Iran,2026-06-02
IR Iran,12,Payam Niazmand,GK,31,Persepolis,IRN,,15,0,unknown,reserve,official_final,https://en.wikipedia.org/wiki/2026_FIFA_World_Cup_squads#Iran,2026-06-02
IR Iran,13,Hossein Kanaanizadegan,DF,32,Persepolis,IRN,,64,6,unknown,rotation,official_final,https://en.wikipedia.org/wiki/2026_FIFA_World_Cup_squads#Iran,2026-06-02
IR Iran,14,Saman Ghoddos,MF,32,Kalba,UAE,,67,3,unknown,starter,official_final,https://en.wikipedia.org/wiki/2026_FIFA_World_Cup_squads#Iran,2026-06-02
IR Iran,15,Rouzbeh Cheshmi,MF,32,Esteghlal,IRN,,40,3,unknown,rotation,official_final,https://en.wikipedia.org/wiki/2026_FIFA_World_Cup_squads#Iran,2026-06-02
IR Iran,16,Mehdi Torabi,MF,31,Tractor,IRN,,52,7,unknown,rotation,official_final,https://en.wikipedia.org/wiki/2026_FIFA_World_Cup_squads#Iran,2026-06-02
IR Iran,17,Aria Yousefi,DF,24,Sepahan,IRN,,13,1,unknown,rotation,official_final,https://en.wikipedia.org/wiki/2026_FIFA_World_Cup_squads#Iran,2026-06-02
IR Iran,18,Amirhossein Hosseinzadeh,FW,25,Tractor,IRN,,17,5,unknown,starter,official_final,https://en.wikipedia.org/wiki/2026_FIFA_World_Cup_squads#Iran,2026-06-02
IR Iran,19,Ali Nemati,DF,30,Foolad,IRN,,16,0,unknown,rotation,official_final,https://en.wikipedia.org/wiki/2026_FIFA_World_Cup_squads#Iran,2026-06-02
IR Iran,20,Shahriyar Moghanlou,FW,31,Kalba,UAE,,20,2,unknown,rotation,official_final,https://en.wikipedia.org/wiki/2026_FIFA_World_Cup_squads#Iran,2026-06-02
IR Iran,21,Mohammad Ghorbani,MF,24,Al-Wahda,UAE,,15,0,unknown,rotation,official_final,https://en.wikipedia.org/wiki/2026_FIFA_World_Cup_squads#Iran,2026-06-02
IR Iran,22,Hossein Hosseini,GK,33,Sepahan,IRN,,13,0,unknown,reserve,official_final,https://en.wikipedia.org/wiki/2026_FIFA_World_Cup_squads#Iran,2026-06-02
IR Iran,23,Ramin Rezaeian,DF,36,Foolad,IRN,,73,7,unknown,rotation,official_final,https://en.wikipedia.org/wiki/2026_FIFA_World_Cup_squads#Iran,2026-06-02
IR Iran,24,Dennis Eckert,FW,29,Standard Liège,BEL,,0,0,unknown,rotation,official_final,https://en.wikipedia.org/wiki/2026_FIFA_World_Cup_squads#Iran,2026-06-02
IR Iran,25,Danial Eiri,DF,22,Malavan,IRN,,0,0,unknown,squad,official_final,https://en.wikipedia.org/wiki/2026_FIFA_World_Cup_squads#Iran,2026-06-02
IR Iran,26,Amirmohammad Razzaghinia,MF,20,Esteghlal,IRN,,3,0,unknown,rotation,official_final,https://en.wikipedia.org/wiki/2026_FIFA_World_Cup_squads#Iran,2026-06-02
New Zealand,1,Max Crocombe,GK,32,Millwall,Premier League,,22,0,unknown,starter,official_final,https://en.wikipedia.org/wiki/2026_FIFA_World_Cup_squads#New_Zealand,2026-06-02
New Zealand,2,Tim Payne,DF,32,Wellington Phoenix,NZL,,49,3,unknown,starter,official_final,https://en.wikipedia.org/wiki/2026_FIFA_World_Cup_squads#New_Zealand,2026-06-02
New Zealand,3,Francis de Vries,DF,31,Auckland FC,NZL,,18,1,unknown,starter,official_final,https://en.wikipedia.org/wiki/2026_FIFA_World_Cup_squads#New_Zealand,2026-06-02
New Zealand,4,Tyler Bindon,DF,21,Sheffield United,Premier League,,23,3,unknown,starter,official_final,https://en.wikipedia.org/wiki/2026_FIFA_World_Cup_squads#New_Zealand,2026-06-02
New Zealand,5,Michael Boxall,DF,37,Minnesota United FC,MLS,,61,1,unknown,starter,official_final,https://en.wikipedia.org/wiki/2026_FIFA_World_Cup_squads#New_Zealand,2026-06-02
New Zealand,6,Joe Bell,MF,27,Viking,NOR,,31,1,unknown,starter,official_final,https://en.wikipedia.org/wiki/2026_FIFA_World_Cup_squads#New_Zealand,2026-06-02
New Zealand,7,Matthew Garbett,MF,24,Peterborough United,Premier League,,35,5,unknown,starter,official_final,https://en.wikipedia.org/wiki/2026_FIFA_World_Cup_squads#New_Zealand,2026-06-02
New Zealand,8,Marko Stamenić,MF,24,Swansea City,WAL,,37,3,unknown,starter,official_final,https://en.wikipedia.org/wiki/2026_FIFA_World_Cup_squads#New_Zealand,2026-06-02
New Zealand,9,Chris Wood,FW,34,Nottingham Forest,Premier League,,88,45,unknown,starter,official_final,https://en.wikipedia.org/wiki/2026_FIFA_World_Cup_squads#New_Zealand,2026-06-02
New Zealand,10,Sarpreet Singh,MF,27,Wellington Phoenix,NZL,,26,3,unknown,starter,official_final,https://en.wikipedia.org/wiki/2026_FIFA_World_Cup_squads#New_Zealand,2026-06-02
New Zealand,11,Elijah Just,MF,26,Motherwell,SCO,,42,9,unknown,rotation,official_final,https://en.wikipedia.org/wiki/2026_FIFA_World_Cup_squads#New_Zealand,2026-06-02
New Zealand,12,Alex Paulsen,GK,23,Lechia Gdańsk,POL,,6,0,unknown,reserve,official_final,https://en.wikipedia.org/wiki/2026_FIFA_World_Cup_squads#New_Zealand,2026-06-02
New Zealand,13,Liberato Cacace,DF,25,Wrexham,WAL,,35,1,unknown,rotation,official_final,https://en.wikipedia.org/wiki/2026_FIFA_World_Cup_squads#New_Zealand,2026-06-02
New Zealand,14,Alex Rufer,MF,29,Wellington Phoenix,NZL,,24,0,unknown,rotation,official_final,https://en.wikipedia.org/wiki/2026_FIFA_World_Cup_squads#New_Zealand,2026-06-02
New Zealand,15,Nando Pijnaker,DF,27,Auckland FC,NZL,,23,0,unknown,rotation,official_final,https://en.wikipedia.org/wiki/2026_FIFA_World_Cup_squads#New_Zealand,2026-06-02
New Zealand,16,Finn Surman,DF,22,Portland Timbers,MLS,,17,2,unknown,rotation,official_final,https://en.wikipedia.org/wiki/2026_FIFA_World_Cup_squads#New_Zealand,2026-06-02
New Zealand,17,Kosta Barbarouses,FW,36,Western Sydney Wanderers,A-League,,74,10,unknown,starter,official_final,https://en.wikipedia.org/wiki/2026_FIFA_World_Cup_squads#New_Zealand,2026-06-02
New Zealand,18,Ben Waine,FW,25,Port Vale,Premier League,,30,9,unknown,starter,official_final,https://en.wikipedia.org/wiki/2026_FIFA_World_Cup_squads#New_Zealand,2026-06-02
New Zealand,19,Ben Old,MF,23,Saint-Étienne,Ligue 1,,22,2,unknown,rotation,official_final,https://en.wikipedia.org/wiki/2026_FIFA_World_Cup_squads#New_Zealand,2026-06-02
New Zealand,20,Callum McCowatt,MF,27,Silkeborg,DEN,,30,4,unknown,rotation,official_final,https://en.wikipedia.org/wiki/2026_FIFA_World_Cup_squads#New_Zealand,2026-06-02
New Zealand,21,Jesse Randall,FW,23,Auckland FC,NZL,,9,2,unknown,starter,official_final,https://en.wikipedia.org/wiki/2026_FIFA_World_Cup_squads#New_Zealand,2026-06-02
New Zealand,22,Michael Woud,GK,27,Auckland FC,NZL,,6,0,unknown,reserve,official_final,https://en.wikipedia.org/wiki/2026_FIFA_World_Cup_squads#New_Zealand,2026-06-02
New Zealand,23,Ryan Thomas,MF,31,PEC Zwolle,Eredivisie,,25,3,unknown,squad,official_final,https://en.wikipedia.org/wiki/2026_FIFA_World_Cup_squads#New_Zealand,2026-06-02
New Zealand,24,Callan Elliot,DF,26,Auckland FC,NZL,,9,0,unknown,rotation,official_final,https://en.wikipedia.org/wiki/2026_FIFA_World_Cup_squads#New_Zealand,2026-06-02
New Zealand,25,Lachlan Bayliss,MF,23,Newcastle Jets,A-League,,2,0,unknown,squad,official_final,https://en.wikipedia.org/wiki/2026_FIFA_World_Cup_squads#New_Zealand,2026-06-02
New Zealand,26,Tommy Smith,DF,36,Braintree Town,Premier League,,56,2,unknown,squad,official_final,https://en.wikipedia.org/wiki/2026_FIFA_World_Cup_squads#New_Zealand,2026-06-02
Cabo Verde,1,Vozinha,GK,40,Chaves,Primeira Liga,,85,0,unknown,starter,official_final,https://en.wikipedia.org/wiki/2026_FIFA_World_Cup_squads#Cape_Verde,2026-06-02
Cabo Verde,2,Stopira,DF,38,Torreense,Primeira Liga,,60,4,unknown,starter,official_final,https://en.wikipedia.org/wiki/2026_FIFA_World_Cup_squads#Cape_Verde,2026-06-02
Cabo Verde,3,Diney,DF,31,Al-Bataeh,UAE,,29,2,unknown,starter,official_final,https://en.wikipedia.org/wiki/2026_FIFA_World_Cup_squads#Cape_Verde,2026-06-02
Cabo Verde,4,Roberto Lopes,DF,33,Shamrock Rovers,IRL,,44,0,unknown,starter,official_final,https://en.wikipedia.org/wiki/2026_FIFA_World_Cup_squads#Cape_Verde,2026-06-02
Cabo Verde,5,Logan Costa,DF,25,Villarreal,La Liga,,26,0,unknown,starter,official_final,https://en.wikipedia.org/wiki/2026_FIFA_World_Cup_squads#Cape_Verde,2026-06-02
Cabo Verde,6,Kevin Pina,MF,29,Krasnodar,RUS,,30,2,unknown,starter,official_final,https://en.wikipedia.org/wiki/2026_FIFA_World_Cup_squads#Cape_Verde,2026-06-02
Cabo Verde,7,Jovane Cabral,MF,27,Estrela Amadora,Primeira Liga,,25,2,unknown,starter,official_final,https://en.wikipedia.org/wiki/2026_FIFA_World_Cup_squads#Cape_Verde,2026-06-02
Cabo Verde,8,João Paulo,MF,28,FCSB,ROU,,40,1,unknown,starter,official_final,https://en.wikipedia.org/wiki/2026_FIFA_World_Cup_squads#Cape_Verde,2026-06-02
Cabo Verde,9,Gilson Benchimol,FW,24,Akron Tolyatti,RUS,,21,5,unknown,starter,official_final,https://en.wikipedia.org/wiki/2026_FIFA_World_Cup_squads#Cape_Verde,2026-06-02
Cabo Verde,10,Jamiro Monteiro,MF,32,PEC Zwolle,Eredivisie,,53,5,unknown,starter,official_final,https://en.wikipedia.org/wiki/2026_FIFA_World_Cup_squads#Cape_Verde,2026-06-02
Cabo Verde,11,Garry Rodrigues,MF,35,Apollon Limassol,CYP,,59,9,unknown,rotation,official_final,https://en.wikipedia.org/wiki/2026_FIFA_World_Cup_squads#Cape_Verde,2026-06-02
Cabo Verde,12,Márcio Rosa,GK,29,Montana,BUL,,10,0,unknown,reserve,official_final,https://en.wikipedia.org/wiki/2026_FIFA_World_Cup_squads#Cape_Verde,2026-06-02
Cabo Verde,13,Sidny Lopes Cabral,DF,23,Benfica,Primeira Liga,,8,3,unknown,rotation,official_final,https://en.wikipedia.org/wiki/2026_FIFA_World_Cup_squads#Cape_Verde,2026-06-02
Cabo Verde,14,Deroy Duarte,MF,26,Ludogorets Razgrad,BUL,,30,0,unknown,rotation,official_final,https://en.wikipedia.org/wiki/2026_FIFA_World_Cup_squads#Cape_Verde,2026-06-02
Cabo Verde,15,Laros Duarte,MF,29,Puskás Akadémia,HUN,,12,0,unknown,rotation,official_final,https://en.wikipedia.org/wiki/2026_FIFA_World_Cup_squads#Cape_Verde,2026-06-02
Cabo Verde,16,Yannick Semedo,MF,30,Farense,Primeira Liga,,10,1,unknown,rotation,official_final,https://en.wikipedia.org/wiki/2026_FIFA_World_Cup_squads#Cape_Verde,2026-06-02
Cabo Verde,17,Willy Semedo,MF,32,Omonia,CYP,,36,2,unknown,squad,official_final,https://en.wikipedia.org/wiki/2026_FIFA_World_Cup_squads#Cape_Verde,2026-06-02
Cabo Verde,18,Telmo Arcanjo,MF,24,Vitória de Guimarães,Primeira Liga,,14,1,unknown,squad,official_final,https://en.wikipedia.org/wiki/2026_FIFA_World_Cup_squads#Cape_Verde,2026-06-02
Cabo Verde,19,Dailon Livramento,FW,25,Casa Pia,Primeira Liga,,20,7,unknown,starter,official_final,https://en.wikipedia.org/wiki/2026_FIFA_World_Cup_squads#Cape_Verde,2026-06-02
Cabo Verde,20,Ryan Mendes,FW,36,Iğdır,TUR,,94,22,unknown,starter,official_final,https://en.wikipedia.org/wiki/2026_FIFA_World_Cup_squads#Cape_Verde,2026-06-02
Cabo Verde,21,Nuno da Costa,MF,35,İstanbul Başakşehir,TUR,,7,1,unknown,squad,official_final,https://en.wikipedia.org/wiki/2026_FIFA_World_Cup_squads#Cape_Verde,2026-06-02
Cabo Verde,22,Steven Moreira,DF,31,Columbus Crew,MLS,,18,0,unknown,rotation,official_final,https://en.wikipedia.org/wiki/2026_FIFA_World_Cup_squads#Cape_Verde,2026-06-02
Cabo Verde,23,CJ dos Santos,GK,25,San Diego FC,MLS,,0,0,unknown,reserve,official_final,https://en.wikipedia.org/wiki/2026_FIFA_World_Cup_squads#Cape_Verde,2026-06-02
Cabo Verde,24,Wagner Pina,DF,23,Trabzonspor,TUR,,12,0,unknown,rotation,official_final,https://en.wikipedia.org/wiki/2026_FIFA_World_Cup_squads#Cape_Verde,2026-06-02
Cabo Verde,25,Kelvin Pires,DF,26,SJK,FIN,,4,1,unknown,rotation,official_final,https://en.wikipedia.org/wiki/2026_FIFA_World_Cup_squads#Cape_Verde,2026-06-02
Cabo Verde,26,Hélio Varela,MF,24,Maccabi Tel Aviv,ISR,,19,0,unknown,squad,official_final,https://en.wikipedia.org/wiki/2026_FIFA_World_Cup_squads#Cape_Verde,2026-06-02
Saudi Arabia,1,Nawaf Al-Aqidi,GK,26,Al-Nassr,Saudi Pro League,,22,0,unknown,starter,official_final,https://en.wikipedia.org/wiki/2026_FIFA_World_Cup_squads#Saudi_Arabia,2026-06-02
Saudi Arabia,2,Ali Majrashi,DF,26,Al-Ahli,Saudi Pro League,,20,0,unknown,starter,official_final,https://en.wikipedia.org/wiki/2026_FIFA_World_Cup_squads#Saudi_Arabia,2026-06-02
Saudi Arabia,3,Ali Lajami,DF,30,Al-Hilal,Saudi Pro League,,20,1,unknown,starter,official_final,https://en.wikipedia.org/wiki/2026_FIFA_World_Cup_squads#Saudi_Arabia,2026-06-02
Saudi Arabia,4,Abdulelah Al-Amri,DF,29,Al-Nassr,Saudi Pro League,,41,1,unknown,starter,official_final,https://en.wikipedia.org/wiki/2026_FIFA_World_Cup_squads#Saudi_Arabia,2026-06-02
Saudi Arabia,5,Hassan Al-Tambakti,DF,27,Al-Hilal,Saudi Pro League,,51,0,unknown,starter,official_final,https://en.wikipedia.org/wiki/2026_FIFA_World_Cup_squads#Saudi_Arabia,2026-06-02
Saudi Arabia,6,Nasser Al-Dawsari,MF,27,Al-Hilal,Saudi Pro League,,42,0,unknown,starter,official_final,https://en.wikipedia.org/wiki/2026_FIFA_World_Cup_squads#Saudi_Arabia,2026-06-02
Saudi Arabia,7,Musab Al-Juwayr,MF,22,Al-Qadsiah,Saudi Pro League,,33,6,unknown,starter,official_final,https://en.wikipedia.org/wiki/2026_FIFA_World_Cup_squads#Saudi_Arabia,2026-06-02
Saudi Arabia,8,Ayman Yahya,FW,25,Al-Nassr,Saudi Pro League,,25,0,unknown,starter,official_final,https://en.wikipedia.org/wiki/2026_FIFA_World_Cup_squads#Saudi_Arabia,2026-06-02
Saudi Arabia,9,Firas Al-Buraikan,FW,26,Al-Ahli,Saudi Pro League,,69,15,unknown,starter,official_final,https://en.wikipedia.org/wiki/2026_FIFA_World_Cup_squads#Saudi_Arabia,2026-06-02
Saudi Arabia,10,Salem Al-Dawsari,FW,34,Al-Hilal,Saudi Pro League,,108,26,unknown,starter,official_final,https://en.wikipedia.org/wiki/2026_FIFA_World_Cup_squads#Saudi_Arabia,2026-06-02
Saudi Arabia,11,Saleh Al-Shehri,FW,32,Al-Ittihad,Saudi Pro League,,55,18,unknown,starter,official_final,https://en.wikipedia.org/wiki/2026_FIFA_World_Cup_squads#Saudi_Arabia,2026-06-02
Saudi Arabia,12,Saud Abdulhamid,DF,26,Lens,Ligue 1,,53,1,unknown,rotation,official_final,https://en.wikipedia.org/wiki/2026_FIFA_World_Cup_squads#Saudi_Arabia,2026-06-02
Saudi Arabia,13,Nawaf Boushal,DF,26,Al-Nassr,Saudi Pro League,,24,0,unknown,rotation,official_final,https://en.wikipedia.org/wiki/2026_FIFA_World_Cup_squads#Saudi_Arabia,2026-06-02
Saudi Arabia,14,Hassan Kadesh,DF,33,Al-Ittihad,Saudi Pro League,,19,2,unknown,rotation,official_final,https://en.wikipedia.org/wiki/2026_FIFA_World_Cup_squads#Saudi_Arabia,2026-06-02
Saudi Arabia,15,Abdullah Al-Khaibari,MF,29,Al-Nassr,Saudi Pro League,,38,0,unknown,starter,official_final,https://en.wikipedia.org/wiki/2026_FIFA_World_Cup_squads#Saudi_Arabia,2026-06-02
Saudi Arabia,16,Ziyad Al-Johani,MF,24,Al-Ahli,Saudi Pro League,,11,0,unknown,starter,official_final,https://en.wikipedia.org/wiki/2026_FIFA_World_Cup_squads#Saudi_Arabia,2026-06-02
Saudi Arabia,17,Khalid Al-Ghannam,FW,25,Al-Ettifaq,Saudi Pro League,,5,0,unknown,rotation,official_final,https://en.wikipedia.org/wiki/2026_FIFA_World_Cup_squads#Saudi_Arabia,2026-06-02
Saudi Arabia,18,Alaa Al-Hejji,MF,30,Neom,Saudi Pro League,,1,0,unknown,rotation,official_final,https://en.wikipedia.org/wiki/2026_FIFA_World_Cup_squads#Saudi_Arabia,2026-06-02
Saudi Arabia,19,Abdullah Al-Hamdan,FW,26,Al-Nassr,Saudi Pro League,,48,11,unknown,rotation,official_final,https://en.wikipedia.org/wiki/2026_FIFA_World_Cup_squads#Saudi_Arabia,2026-06-02
Saudi Arabia,20,Sultan Mandash,FW,31,Al-Hilal,Saudi Pro League,,5,1,unknown,rotation,official_final,https://en.wikipedia.org/wiki/2026_FIFA_World_Cup_squads#Saudi_Arabia,2026-06-02
Saudi Arabia,21,Mohammed Al-Owais,GK,34,Al-Ula,Saudi Pro League,,63,0,unknown,reserve,official_final,https://en.wikipedia.org/wiki/2026_FIFA_World_Cup_squads#Saudi_Arabia,2026-06-02
Saudi Arabia,22,Ahmed Al-Kassar,GK,35,Al-Qadsiah,Saudi Pro League,,8,0,unknown,reserve,official_final,https://en.wikipedia.org/wiki/2026_FIFA_World_Cup_squads#Saudi_Arabia,2026-06-02
Saudi Arabia,23,Mohamed Kanno,MF,31,Al-Hilal,Saudi Pro League,,75,8,unknown,rotation,official_final,https://en.wikipedia.org/wiki/2026_FIFA_World_Cup_squads#Saudi_Arabia,2026-06-02
Saudi Arabia,24,Moteb Al-Harbi,DF,26,Al-Hilal,Saudi Pro League,,11,0,unknown,rotation,official_final,https://en.wikipedia.org/wiki/2026_FIFA_World_Cup_squads#Saudi_Arabia,2026-06-02
Saudi Arabia,25,Jehad Thakri,DF,24,Al-Qadsiah,Saudi Pro League,,6,0,unknown,squad,official_final,https://en.wikipedia.org/wiki/2026_FIFA_World_Cup_squads#Saudi_Arabia,2026-06-02
Saudi Arabia,26,Mohammed Abu Al-Shamat,DF,23,Al-Qadsiah,Saudi Pro League,,5,0,unknown,squad,official_final,https://en.wikipedia.org/wiki/2026_FIFA_World_Cup_squads#Saudi_Arabia,2026-06-02
Spain,1,David Raya,GK,30,Arsenal,Premier League,,12,0,unknown,starter,official_final,https://en.wikipedia.org/wiki/2026_FIFA_World_Cup_squads#Spain,2026-06-02
Spain,2,Marc Pubill,DF,22,Atlético Madrid,La Liga,,0,0,unknown,starter,official_final,https://en.wikipedia.org/wiki/2026_FIFA_World_Cup_squads#Spain,2026-06-02
Spain,3,Álex Grimaldo,DF,30,Bayer Leverkusen,Bundesliga,,12,0,unknown,starter,official_final,https://en.wikipedia.org/wiki/2026_FIFA_World_Cup_squads#Spain,2026-06-02
Spain,4,Eric García,DF,25,Barcelona,La Liga,,19,0,unknown,starter,official_final,https://en.wikipedia.org/wiki/2026_FIFA_World_Cup_squads#Spain,2026-06-02
Spain,5,Marcos Llorente,DF,31,Atlético Madrid,La Liga,,23,0,unknown,starter,official_final,https://en.wikipedia.org/wiki/2026_FIFA_World_Cup_squads#Spain,2026-06-02
Spain,6,Mikel Merino,MF,29,Arsenal,Premier League,,41,10,unknown,starter,official_final,https://en.wikipedia.org/wiki/2026_FIFA_World_Cup_squads#Spain,2026-06-02
Spain,7,Ferran Torres,FW,26,Barcelona,La Liga,,55,23,unknown,starter,official_final,https://en.wikipedia.org/wiki/2026_FIFA_World_Cup_squads#Spain,2026-06-02
Spain,8,Fabián Ruiz,MF,30,Paris Saint-Germain,Ligue 1,,41,6,unknown,starter,official_final,https://en.wikipedia.org/wiki/2026_FIFA_World_Cup_squads#Spain,2026-06-02
Spain,9,Gavi,MF,21,Barcelona,La Liga,,28,5,unknown,starter,official_final,https://en.wikipedia.org/wiki/2026_FIFA_World_Cup_squads#Spain,2026-06-02
Spain,10,Dani Olmo,FW,28,Barcelona,La Liga,,48,12,unknown,starter,official_final,https://en.wikipedia.org/wiki/2026_FIFA_World_Cup_squads#Spain,2026-06-02
Spain,11,Yéremy Pino,FW,23,Crystal Palace,Premier League,,21,4,unknown,starter,official_final,https://en.wikipedia.org/wiki/2026_FIFA_World_Cup_squads#Spain,2026-06-02
Spain,12,Pedro Porro,DF,26,Tottenham Hotspur,Premier League,,16,0,unknown,rotation,official_final,https://en.wikipedia.org/wiki/2026_FIFA_World_Cup_squads#Spain,2026-06-02
Spain,13,Joan Garcia,GK,25,Barcelona,La Liga,,1,0,unknown,reserve,official_final,https://en.wikipedia.org/wiki/2026_FIFA_World_Cup_squads#Spain,2026-06-02
Spain,14,Aymeric Laporte,DF,32,Athletic Bilbao,La Liga,,44,2,unknown,rotation,official_final,https://en.wikipedia.org/wiki/2026_FIFA_World_Cup_squads#Spain,2026-06-02
Spain,15,Álex Baena,MF,24,Atlético Madrid,La Liga,,15,2,unknown,starter,official_final,https://en.wikipedia.org/wiki/2026_FIFA_World_Cup_squads#Spain,2026-06-02
Spain,16,Rodri,MF,29,Manchester City,Premier League,,61,4,unknown,rotation,official_final,https://en.wikipedia.org/wiki/2026_FIFA_World_Cup_squads#Spain,2026-06-02
Spain,17,Nico Williams,FW,23,Athletic Bilbao,La Liga,,30,6,unknown,starter,official_final,https://en.wikipedia.org/wiki/2026_FIFA_World_Cup_squads#Spain,2026-06-02
Spain,18,Martín Zubimendi,MF,27,Arsenal,Premier League,,25,3,unknown,rotation,official_final,https://en.wikipedia.org/wiki/2026_FIFA_World_Cup_squads#Spain,2026-06-02
Spain,19,Lamine Yamal,FW,18,Barcelona,La Liga,,25,6,unknown,rotation,official_final,https://en.wikipedia.org/wiki/2026_FIFA_World_Cup_squads#Spain,2026-06-02
Spain,20,Pedri,MF,23,Barcelona,La Liga,,40,5,unknown,rotation,official_final,https://en.wikipedia.org/wiki/2026_FIFA_World_Cup_squads#Spain,2026-06-02
Spain,21,Mikel Oyarzabal,FW,29,Real Sociedad,La Liga,,52,24,unknown,rotation,official_final,https://en.wikipedia.org/wiki/2026_FIFA_World_Cup_squads#Spain,2026-06-02
Spain,22,Pau Cubarsí,DF,19,Barcelona,La Liga,,11,0,unknown,rotation,official_final,https://en.wikipedia.org/wiki/2026_FIFA_World_Cup_squads#Spain,2026-06-02
Spain,23,Unai Simón,GK,29,Athletic Bilbao,La Liga,,57,0,unknown,reserve,official_final,https://en.wikipedia.org/wiki/2026_FIFA_World_Cup_squads#Spain,2026-06-02
Spain,24,Marc Cucurella,DF,27,Chelsea,Premier League,,23,1,unknown,rotation,official_final,https://en.wikipedia.org/wiki/2026_FIFA_World_Cup_squads#Spain,2026-06-02
Spain,25,Víctor Muñoz,FW,22,Osasuna,La Liga,,2,1,unknown,rotation,official_final,https://en.wikipedia.org/wiki/2026_FIFA_World_Cup_squads#Spain,2026-06-02
Spain,26,Borja Iglesias,FW,33,Celta Vigo,La Liga,,6,0,unknown,rotation,official_final,https://en.wikipedia.org/wiki/2026_FIFA_World_Cup_squads#Spain,2026-06-02
Uruguay,1,Sergio Rochet,GK,33,Internacional,Brasileirao,,35,0,unknown,starter,official_final,https://en.wikipedia.org/wiki/2026_FIFA_World_Cup_squads#Uruguay,2026-06-02
Uruguay,2,José María Giménez,DF,31,Atlético Madrid,La Liga,,99,8,unknown,starter,official_final,https://en.wikipedia.org/wiki/2026_FIFA_World_Cup_squads#Uruguay,2026-06-02
Uruguay,3,Sebastián Cáceres,DF,26,América,Liga MX,,24,0,unknown,starter,official_final,https://en.wikipedia.org/wiki/2026_FIFA_World_Cup_squads#Uruguay,2026-06-02
Uruguay,4,Ronald Araújo,DF,27,Barcelona,La Liga,,27,1,unknown,starter,official_final,https://en.wikipedia.org/wiki/2026_FIFA_World_Cup_squads#Uruguay,2026-06-02
Uruguay,5,Manuel Ugarte,MF,25,Manchester United,Premier League,,36,1,unknown,starter,official_final,https://en.wikipedia.org/wiki/2026_FIFA_World_Cup_squads#Uruguay,2026-06-02
Uruguay,6,Rodrigo Bentancur,MF,28,Tottenham Hotspur,Premier League,,74,3,unknown,starter,official_final,https://en.wikipedia.org/wiki/2026_FIFA_World_Cup_squads#Uruguay,2026-06-02
Uruguay,7,Nicolás de la Cruz,MF,29,Flamengo,Brasileirao,,34,5,unknown,starter,official_final,https://en.wikipedia.org/wiki/2026_FIFA_World_Cup_squads#Uruguay,2026-06-02
Uruguay,8,Federico Valverde,MF,27,Real Madrid,La Liga,,73,9,unknown,starter,official_final,https://en.wikipedia.org/wiki/2026_FIFA_World_Cup_squads#Uruguay,2026-06-02
Uruguay,9,Darwin Núñez,FW,26,Al-Hilal,Saudi Pro League,,38,13,unknown,starter,official_final,https://en.wikipedia.org/wiki/2026_FIFA_World_Cup_squads#Uruguay,2026-06-02
Uruguay,10,Giorgian de Arrascaeta,MF,32,Flamengo,Brasileirao,,60,13,unknown,rotation,official_final,https://en.wikipedia.org/wiki/2026_FIFA_World_Cup_squads#Uruguay,2026-06-02
Uruguay,11,Facundo Pellistri,FW,24,Panathinaikos,GRE,,39,2,unknown,starter,official_final,https://en.wikipedia.org/wiki/2026_FIFA_World_Cup_squads#Uruguay,2026-06-02
Uruguay,12,Santiago Mele,GK,28,Monterrey,Liga MX,,8,0,unknown,reserve,official_final,https://en.wikipedia.org/wiki/2026_FIFA_World_Cup_squads#Uruguay,2026-06-02
Uruguay,13,Guillermo Varela,DF,33,Flamengo,Brasileirao,,28,0,unknown,starter,official_final,https://en.wikipedia.org/wiki/2026_FIFA_World_Cup_squads#Uruguay,2026-06-02
Uruguay,14,Agustín Canobbio,MF,27,Fluminense,Brasileirao,,15,1,unknown,rotation,official_final,https://en.wikipedia.org/wiki/2026_FIFA_World_Cup_squads#Uruguay,2026-06-02
Uruguay,15,Emiliano Martínez,MF,26,Palmeiras,Brasileirao,,10,0,unknown,rotation,official_final,https://en.wikipedia.org/wiki/2026_FIFA_World_Cup_squads#Uruguay,2026-06-02
Uruguay,16,Mathías Olivera,DF,28,Napoli,Serie A,,35,2,unknown,rotation,official_final,https://en.wikipedia.org/wiki/2026_FIFA_World_Cup_squads#Uruguay,2026-06-02
Uruguay,17,Matías Viña,DF,28,River Plate,Argentine Primera Division,,43,1,unknown,rotation,official_final,https://en.wikipedia.org/wiki/2026_FIFA_World_Cup_squads#Uruguay,2026-06-02
Uruguay,18,Brian Rodríguez,FW,26,América,Liga MX,,32,4,unknown,starter,official_final,https://en.wikipedia.org/wiki/2026_FIFA_World_Cup_squads#Uruguay,2026-06-02
Uruguay,19,Rodrigo Aguirre,FW,31,UANL,Liga MX,,10,3,unknown,starter,official_final,https://en.wikipedia.org/wiki/2026_FIFA_World_Cup_squads#Uruguay,2026-06-02
Uruguay,20,Maximiliano Araújo,MF,26,Sporting CP,Primeira Liga,,28,3,unknown,rotation,official_final,https://en.wikipedia.org/wiki/2026_FIFA_World_Cup_squads#Uruguay,2026-06-02
Uruguay,21,Federico Viñas,FW,27,Oviedo,La Liga,,11,2,unknown,rotation,official_final,https://en.wikipedia.org/wiki/2026_FIFA_World_Cup_squads#Uruguay,2026-06-02
Uruguay,22,Joaquín Piquerez,MF,27,Palmeiras,Brasileirao,,19,0,unknown,squad,official_final,https://en.wikipedia.org/wiki/2026_FIFA_World_Cup_squads#Uruguay,2026-06-02
Uruguay,23,Fernando Muslera,GK,39,Estudiantes,Argentine Primera Division,,134,0,unknown,reserve,official_final,https://en.wikipedia.org/wiki/2026_FIFA_World_Cup_squads#Uruguay,2026-06-02
Uruguay,24,Santiago Bueno,DF,27,Wolverhampton Wanderers,Premier League,,8,0,unknown,rotation,official_final,https://en.wikipedia.org/wiki/2026_FIFA_World_Cup_squads#Uruguay,2026-06-02
Uruguay,25,Juan Manuel Sanabria,MF,26,Real Salt Lake,MLS,,5,1,unknown,squad,official_final,https://en.wikipedia.org/wiki/2026_FIFA_World_Cup_squads#Uruguay,2026-06-02
Uruguay,26,Rodrigo Zalazar,MF,26,Braga,Primeira Liga,,8,2,unknown,squad,official_final,https://en.wikipedia.org/wiki/2026_FIFA_World_Cup_squads#Uruguay,2026-06-02
France,1,Brice Samba,GK,32,Rennes,Ligue 1,,4,0,unknown,starter,official_final,https://en.wikipedia.org/wiki/2026_FIFA_World_Cup_squads#France,2026-06-02
France,2,Malo Gusto,DF,23,Chelsea,Premier League,,9,0,unknown,starter,official_final,https://en.wikipedia.org/wiki/2026_FIFA_World_Cup_squads#France,2026-06-02
France,3,Lucas Digne,DF,32,Aston Villa,Premier League,,56,0,unknown,starter,official_final,https://en.wikipedia.org/wiki/2026_FIFA_World_Cup_squads#France,2026-06-02
France,4,Dayot Upamecano,DF,27,Bayern Munich,Bundesliga,,36,2,unknown,starter,official_final,https://en.wikipedia.org/wiki/2026_FIFA_World_Cup_squads#France,2026-06-02
France,5,Jules Koundé,DF,27,Barcelona,La Liga,,46,0,unknown,starter,official_final,https://en.wikipedia.org/wiki/2026_FIFA_World_Cup_squads#France,2026-06-02
France,6,Manu Koné,MF,25,Roma,Serie A,,12,0,unknown,starter,official_final,https://en.wikipedia.org/wiki/2026_FIFA_World_Cup_squads#France,2026-06-02
France,7,Ousmane Dembélé,FW,29,Paris Saint-Germain,Ligue 1,,58,7,unknown,starter,official_final,https://en.wikipedia.org/wiki/2026_FIFA_World_Cup_squads#France,2026-06-02
France,8,Aurélien Tchouaméni,MF,26,Real Madrid,La Liga,,44,3,unknown,starter,official_final,https://en.wikipedia.org/wiki/2026_FIFA_World_Cup_squads#France,2026-06-02
France,9,Marcus Thuram,FW,28,Inter Milan,Serie A,,33,3,unknown,starter,official_final,https://en.wikipedia.org/wiki/2026_FIFA_World_Cup_squads#France,2026-06-02
France,10,Kylian Mbappé,FW,27,Real Madrid,La Liga,,96,56,unknown,starter,official_final,https://en.wikipedia.org/wiki/2026_FIFA_World_Cup_squads#France,2026-06-02
France,11,Michael Olise,FW,24,Bayern Munich,Bundesliga,,15,4,unknown,starter,official_final,https://en.wikipedia.org/wiki/2026_FIFA_World_Cup_squads#France,2026-06-02
France,12,Bradley Barcola,FW,23,Paris Saint-Germain,Ligue 1,,18,3,unknown,rotation,official_final,https://en.wikipedia.org/wiki/2026_FIFA_World_Cup_squads#France,2026-06-02
France,13,N'Golo Kanté,MF,35,Fenerbahçe,TUR,,67,2,unknown,starter,official_final,https://en.wikipedia.org/wiki/2026_FIFA_World_Cup_squads#France,2026-06-02
France,14,Adrien Rabiot,MF,31,Milan,Serie A,,57,7,unknown,starter,official_final,https://en.wikipedia.org/wiki/2026_FIFA_World_Cup_squads#France,2026-06-02
France,15,Ibrahima Konaté,DF,27,Liverpool,Premier League,,27,0,unknown,rotation,official_final,https://en.wikipedia.org/wiki/2026_FIFA_World_Cup_squads#France,2026-06-02
France,16,Mike Maignan,GK,30,Milan,Serie A,,38,0,unknown,reserve,official_final,https://en.wikipedia.org/wiki/2026_FIFA_World_Cup_squads#France,2026-06-02
France,17,William Saliba,DF,25,Arsenal,Premier League,,31,0,unknown,rotation,official_final,https://en.wikipedia.org/wiki/2026_FIFA_World_Cup_squads#France,2026-06-02
France,18,Warren Zaïre-Emery,MF,20,Paris Saint-Germain,Ligue 1,,10,1,unknown,rotation,official_final,https://en.wikipedia.org/wiki/2026_FIFA_World_Cup_squads#France,2026-06-02
France,19,Théo Hernandez,DF,28,Al-Hilal,Saudi Pro League,,42,2,unknown,rotation,official_final,https://en.wikipedia.org/wiki/2026_FIFA_World_Cup_squads#France,2026-06-02
France,20,Désiré Doué,FW,21,Paris Saint-Germain,Ligue 1,,6,2,unknown,rotation,official_final,https://en.wikipedia.org/wiki/2026_FIFA_World_Cup_squads#France,2026-06-02
France,21,Lucas Hernandez,DF,30,Paris Saint-Germain,Ligue 1,,41,0,unknown,rotation,official_final,https://en.wikipedia.org/wiki/2026_FIFA_World_Cup_squads#France,2026-06-02
France,22,Jean-Philippe Mateta,FW,28,Crystal Palace,Premier League,,3,2,unknown,rotation,official_final,https://en.wikipedia.org/wiki/2026_FIFA_World_Cup_squads#France,2026-06-02
France,23,Robin Risser,GK,21,Lens,Ligue 1,,0,0,unknown,reserve,official_final,https://en.wikipedia.org/wiki/2026_FIFA_World_Cup_squads#France,2026-06-02
France,24,Rayan Cherki,MF,22,Manchester City,Premier League,,5,1,unknown,rotation,official_final,https://en.wikipedia.org/wiki/2026_FIFA_World_Cup_squads#France,2026-06-02
France,25,Maghnes Akliouche,MF,24,Monaco,Ligue 1,,7,1,unknown,rotation,official_final,https://en.wikipedia.org/wiki/2026_FIFA_World_Cup_squads#France,2026-06-02
France,26,Maxence Lacroix,DF,26,Crystal Palace,Premier League,,2,0,unknown,squad,official_final,https://en.wikipedia.org/wiki/2026_FIFA_World_Cup_squads#France,2026-06-02
Iraq,1,Fahad Talib,GK,31,Al-Talaba,IRQ,,21,0,unknown,starter,official_final,https://en.wikipedia.org/wiki/2026_FIFA_World_Cup_squads#Iraq,2026-06-02
Iraq,2,Rebin Sulaka,DF,34,Port,THA,,54,1,unknown,starter,official_final,https://en.wikipedia.org/wiki/2026_FIFA_World_Cup_squads#Iraq,2026-06-02
Iraq,3,Hussein Ali,DF,24,Pogoń Szczecin,POL,,25,1,unknown,starter,official_final,https://en.wikipedia.org/wiki/2026_FIFA_World_Cup_squads#Iraq,2026-06-02
Iraq,4,Zaid Tahseen,DF,25,Pakhtakor,UZB,,26,1,unknown,starter,official_final,https://en.wikipedia.org/wiki/2026_FIFA_World_Cup_squads#Iraq,2026-06-02
Iraq,5,Akam Hashim,DF,27,Al-Zawraa,IRQ,,12,1,unknown,starter,official_final,https://en.wikipedia.org/wiki/2026_FIFA_World_Cup_squads#Iraq,2026-06-02
Iraq,6,Manaf Younis,DF,29,Al-Shorta,IRQ,,32,1,unknown,rotation,official_final,https://en.wikipedia.org/wiki/2026_FIFA_World_Cup_squads#Iraq,2026-06-02
Iraq,7,Youssef Amyn,MF,22,AEK Larnaca,CYP,,25,2,unknown,starter,official_final,https://en.wikipedia.org/wiki/2026_FIFA_World_Cup_squads#Iraq,2026-06-02
Iraq,8,Ibrahim Bayesh,MF,26,Al-Dhafra,UAE,,74,8,unknown,starter,official_final,https://en.wikipedia.org/wiki/2026_FIFA_World_Cup_squads#Iraq,2026-06-02
Iraq,9,Ali Al-Hamadi,FW,24,Luton Town,Premier League,,18,5,unknown,starter,official_final,https://en.wikipedia.org/wiki/2026_FIFA_World_Cup_squads#Iraq,2026-06-02
Iraq,10,Mohanad Ali,FW,25,Dibba,UAE,,71,27,unknown,starter,official_final,https://en.wikipedia.org/wiki/2026_FIFA_World_Cup_squads#Iraq,2026-06-02
Iraq,11,Ahmed Qasem,FW,22,Nashville SC,MLS,,1,0,unknown,starter,official_final,https://en.wikipedia.org/wiki/2026_FIFA_World_Cup_squads#Iraq,2026-06-02
Iraq,12,Jalal Hassan,GK,35,Al-Zawraa,IRQ,,100,0,unknown,reserve,official_final,https://en.wikipedia.org/wiki/2026_FIFA_World_Cup_squads#Iraq,2026-06-02
Iraq,13,Ali Yousif,FW,30,Al-Talaba,IRQ,,6,1,unknown,starter,official_final,https://en.wikipedia.org/wiki/2026_FIFA_World_Cup_squads#Iraq,2026-06-02
Iraq,14,Zidane Iqbal,MF,23,Utrecht,Eredivisie,,23,2,unknown,starter,official_final,https://en.wikipedia.org/wiki/2026_FIFA_World_Cup_squads#Iraq,2026-06-02
Iraq,15,Ahmed Yahya,DF,30,Al-Shorta,IRQ,,19,0,unknown,rotation,official_final,https://en.wikipedia.org/wiki/2026_FIFA_World_Cup_squads#Iraq,2026-06-02
Iraq,16,Amir Al-Ammari,MF,28,Cracovia,POL,,49,3,unknown,starter,official_final,https://en.wikipedia.org/wiki/2026_FIFA_World_Cup_squads#Iraq,2026-06-02
Iraq,17,Ali Jasim,FW,22,Al-Najma,Saudi Pro League,,35,2,unknown,rotation,official_final,https://en.wikipedia.org/wiki/2026_FIFA_World_Cup_squads#Iraq,2026-06-02
Iraq,18,Aymen Hussein,FW,30,Al-Karma,IRQ,,93,33,unknown,rotation,official_final,https://en.wikipedia.org/wiki/2026_FIFA_World_Cup_squads#Iraq,2026-06-02
Iraq,19,Kevin Yakob,MF,25,AGF,DEN,,7,0,unknown,rotation,official_final,https://en.wikipedia.org/wiki/2026_FIFA_World_Cup_squads#Iraq,2026-06-02
Iraq,20,Aimar Sher,MF,23,Sarpsborg 08,NOR,,6,0,unknown,rotation,official_final,https://en.wikipedia.org/wiki/2026_FIFA_World_Cup_squads#Iraq,2026-06-02
Iraq,21,Marko Farji,FW,22,Venezia,Serie A,,10,0,unknown,rotation,official_final,https://en.wikipedia.org/wiki/2026_FIFA_World_Cup_squads#Iraq,2026-06-02
Iraq,22,Ahmed Basil,GK,29,Al-Shorta,IRQ,,14,0,unknown,reserve,official_final,https://en.wikipedia.org/wiki/2026_FIFA_World_Cup_squads#Iraq,2026-06-02
Iraq,23,Merchas Doski,DF,26,Viktoria Plzeň,CZE,,30,0,unknown,rotation,official_final,https://en.wikipedia.org/wiki/2026_FIFA_World_Cup_squads#Iraq,2026-06-02
Iraq,24,Zaid Ismail,MF,24,Al-Talaba,IRQ,,5,0,unknown,rotation,official_final,https://en.wikipedia.org/wiki/2026_FIFA_World_Cup_squads#Iraq,2026-06-02
Iraq,25,Mustafa Saadoon,DF,25,Al-Shorta,IRQ,,15,0,unknown,rotation,official_final,https://en.wikipedia.org/wiki/2026_FIFA_World_Cup_squads#Iraq,2026-06-02
Iraq,26,Frans Putros,DF,32,Persib,IDN,,26,0,unknown,squad,official_final,https://en.wikipedia.org/wiki/2026_FIFA_World_Cup_squads#Iraq,2026-06-02
Norway,1,Ørjan Nyland,GK,35,Sevilla,La Liga,,69,0,unknown,starter,official_final,https://en.wikipedia.org/wiki/2026_FIFA_World_Cup_squads#Norway,2026-06-02
Norway,2,Morten Thorsby,MF,30,Cremonese,Serie A,,30,0,unknown,starter,official_final,https://en.wikipedia.org/wiki/2026_FIFA_World_Cup_squads#Norway,2026-06-02
Norway,3,Kristoffer Ajer,DF,28,Brentford,Premier League,,50,2,unknown,starter,official_final,https://en.wikipedia.org/wiki/2026_FIFA_World_Cup_squads#Norway,2026-06-02
Norway,4,Leo Østigård,DF,26,Genoa,Serie A,,36,1,unknown,starter,official_final,https://en.wikipedia.org/wiki/2026_FIFA_World_Cup_squads#Norway,2026-06-02
Norway,5,David Møller Wolfe,DF,24,Wolverhampton Wanderers,Premier League,,20,1,unknown,starter,official_final,https://en.wikipedia.org/wiki/2026_FIFA_World_Cup_squads#Norway,2026-06-02
Norway,6,Patrick Berg,MF,28,Bodø/Glimt,NOR,,41,0,unknown,starter,official_final,https://en.wikipedia.org/wiki/2026_FIFA_World_Cup_squads#Norway,2026-06-02
Norway,7,Alexander Sørloth,FW,30,Atlético Madrid,La Liga,,70,26,unknown,starter,official_final,https://en.wikipedia.org/wiki/2026_FIFA_World_Cup_squads#Norway,2026-06-02
Norway,8,Sander Berge,MF,28,Fulham,Premier League,,64,1,unknown,starter,official_final,https://en.wikipedia.org/wiki/2026_FIFA_World_Cup_squads#Norway,2026-06-02
Norway,9,Erling Haaland,FW,25,Manchester City,Premier League,,49,55,unknown,starter,official_final,https://en.wikipedia.org/wiki/2026_FIFA_World_Cup_squads#Norway,2026-06-02
Norway,10,Martin Ødegaard,MF,27,Arsenal,Premier League,,67,4,unknown,starter,official_final,https://en.wikipedia.org/wiki/2026_FIFA_World_Cup_squads#Norway,2026-06-02
Norway,11,Jørgen Strand Larsen,FW,26,Crystal Palace,Premier League,,26,4,unknown,starter,official_final,https://en.wikipedia.org/wiki/2026_FIFA_World_Cup_squads#Norway,2026-06-02
Norway,12,Sander Tangvik,GK,23,Hamburger SV,Bundesliga,,0,0,unknown,reserve,official_final,https://en.wikipedia.org/wiki/2026_FIFA_World_Cup_squads#Norway,2026-06-02
Norway,13,Egil Selvik,GK,28,Watford,Premier League,,6,0,unknown,reserve,official_final,https://en.wikipedia.org/wiki/2026_FIFA_World_Cup_squads#Norway,2026-06-02
Norway,14,Fredrik Aursnes,MF,30,Benfica,Primeira Liga,,20,1,unknown,rotation,official_final,https://en.wikipedia.org/wiki/2026_FIFA_World_Cup_squads#Norway,2026-06-02
Norway,15,Fredrik André Bjørkan,DF,27,Bodø/Glimt,NOR,,19,1,unknown,starter,official_final,https://en.wikipedia.org/wiki/2026_FIFA_World_Cup_squads#Norway,2026-06-02
Norway,16,Marcus Holmgren Pedersen,DF,25,Torino,Serie A,,31,0,unknown,rotation,official_final,https://en.wikipedia.org/wiki/2026_FIFA_World_Cup_squads#Norway,2026-06-02
Norway,17,Torbjørn Heggem,DF,27,Bologna,Serie A,,13,0,unknown,rotation,official_final,https://en.wikipedia.org/wiki/2026_FIFA_World_Cup_squads#Norway,2026-06-02
Norway,18,Kristian Thorstvedt,MF,27,Sassuolo,Serie A,,35,4,unknown,rotation,official_final,https://en.wikipedia.org/wiki/2026_FIFA_World_Cup_squads#Norway,2026-06-02
Norway,19,Thelo Aasgaard,MF,24,Rangers,SCO,,6,5,unknown,rotation,official_final,https://en.wikipedia.org/wiki/2026_FIFA_World_Cup_squads#Norway,2026-06-02
Norway,20,Antonio Nusa,FW,21,RB Leipzig,Bundesliga,,22,7,unknown,starter,official_final,https://en.wikipedia.org/wiki/2026_FIFA_World_Cup_squads#Norway,2026-06-02
Norway,21,Andreas Schjelderup,MF,22,Benfica,Primeira Liga,,10,1,unknown,rotation,official_final,https://en.wikipedia.org/wiki/2026_FIFA_World_Cup_squads#Norway,2026-06-02
Norway,22,Oscar Bobb,MF,22,Fulham,Premier League,,18,2,unknown,squad,official_final,https://en.wikipedia.org/wiki/2026_FIFA_World_Cup_squads#Norway,2026-06-02
Norway,23,Jens Petter Hauge,MF,26,Bodø/Glimt,NOR,,14,1,unknown,squad,official_final,https://en.wikipedia.org/wiki/2026_FIFA_World_Cup_squads#Norway,2026-06-02
Norway,24,Sondre Langås,DF,25,Derby County,Premier League,,2,0,unknown,rotation,official_final,https://en.wikipedia.org/wiki/2026_FIFA_World_Cup_squads#Norway,2026-06-02
Norway,25,Henrik Falchener,DF,23,Viking,NOR,,1,0,unknown,rotation,official_final,https://en.wikipedia.org/wiki/2026_FIFA_World_Cup_squads#Norway,2026-06-02
Norway,26,Julian Ryerson,FW,28,Borussia Dortmund,Bundesliga,,41,1,unknown,rotation,official_final,https://en.wikipedia.org/wiki/2026_FIFA_World_Cup_squads#Norway,2026-06-02
Senegal,1,Yehvann Diouf,GK,26,Nice,Ligue 1,,2,0,unknown,starter,official_final,https://en.wikipedia.org/wiki/2026_FIFA_World_Cup_squads#Senegal,2026-06-02
Senegal,2,Mamadou Sarr,DF,20,Chelsea,Premier League,,7,0,unknown,starter,official_final,https://en.wikipedia.org/wiki/2026_FIFA_World_Cup_squads#Senegal,2026-06-02
Senegal,3,Kalidou Koulibaly,DF,34,Al-Hilal,Saudi Pro League,,102,2,unknown,starter,official_final,https://en.wikipedia.org/wiki/2026_FIFA_World_Cup_squads#Senegal,2026-06-02
Senegal,4,Abdoulaye Seck,DF,34,Maccabi Haifa,ISR,,22,4,unknown,starter,official_final,https://en.wikipedia.org/wiki/2026_FIFA_World_Cup_squads#Senegal,2026-06-02
Senegal,5,Idrissa Gueye,MF,36,Everton,Premier League,,130,7,unknown,starter,official_final,https://en.wikipedia.org/wiki/2026_FIFA_World_Cup_squads#Senegal,2026-06-02
Senegal,6,Pathé Ciss,MF,32,Rayo Vallecano,La Liga,,29,0,unknown,starter,official_final,https://en.wikipedia.org/wiki/2026_FIFA_World_Cup_squads#Senegal,2026-06-02
Senegal,7,Assane Diao,FW,20,Como,Serie A,,5,0,unknown,starter,official_final,https://en.wikipedia.org/wiki/2026_FIFA_World_Cup_squads#Senegal,2026-06-02
Senegal,8,Lamine Camara,MF,22,Monaco,Ligue 1,,32,7,unknown,starter,official_final,https://en.wikipedia.org/wiki/2026_FIFA_World_Cup_squads#Senegal,2026-06-02
Senegal,9,Bamba Dieng,FW,26,Lorient,Ligue 1,,22,2,unknown,starter,official_final,https://en.wikipedia.org/wiki/2026_FIFA_World_Cup_squads#Senegal,2026-06-02
Senegal,10,Sadio Mané,FW,34,Al-Nassr,Saudi Pro League,,127,55,unknown,starter,official_final,https://en.wikipedia.org/wiki/2026_FIFA_World_Cup_squads#Senegal,2026-06-02
Senegal,11,Nicolas Jackson,FW,24,Bayern Munich,Bundesliga,,32,8,unknown,starter,official_final,https://en.wikipedia.org/wiki/2026_FIFA_World_Cup_squads#Senegal,2026-06-02
Senegal,12,Cherif Ndiaye,FW,30,Samsunspor,TUR,,18,4,unknown,rotation,official_final,https://en.wikipedia.org/wiki/2026_FIFA_World_Cup_squads#Senegal,2026-06-02
Senegal,13,Iliman Ndiaye,FW,26,Everton,Premier League,,39,4,unknown,rotation,official_final,https://en.wikipedia.org/wiki/2026_FIFA_World_Cup_squads#Senegal,2026-06-02
Senegal,14,Ismail Jakobs,DF,26,Galatasaray,TUR,,29,0,unknown,starter,official_final,https://en.wikipedia.org/wiki/2026_FIFA_World_Cup_squads#Senegal,2026-06-02
Senegal,15,Krépin Diatta,DF,27,Monaco,Ligue 1,,60,2,unknown,rotation,official_final,https://en.wikipedia.org/wiki/2026_FIFA_World_Cup_squads#Senegal,2026-06-02
Senegal,16,Édouard Mendy,GK,34,Al-Ahli,Saudi Pro League,,56,0,unknown,reserve,official_final,https://en.wikipedia.org/wiki/2026_FIFA_World_Cup_squads#Senegal,2026-06-02
Senegal,17,Pape Matar Sarr,MF,23,Tottenham Hotspur,Premier League,,39,4,unknown,starter,official_final,https://en.wikipedia.org/wiki/2026_FIFA_World_Cup_squads#Senegal,2026-06-02
Senegal,18,Ismaïla Sarr,FW,28,Crystal Palace,Premier League,,82,19,unknown,rotation,official_final,https://en.wikipedia.org/wiki/2026_FIFA_World_Cup_squads#Senegal,2026-06-02
Senegal,19,Moussa Niakhaté,DF,30,Lyon,Ligue 1,,30,0,unknown,rotation,official_final,https://en.wikipedia.org/wiki/2026_FIFA_World_Cup_squads#Senegal,2026-06-02
Senegal,20,Ibrahim Mbaye,FW,18,Paris Saint-Germain,Ligue 1,,10,3,unknown,rotation,official_final,https://en.wikipedia.org/wiki/2026_FIFA_World_Cup_squads#Senegal,2026-06-02
Senegal,21,Habib Diarra,MF,22,Sunderland,Premier League,,20,4,unknown,rotation,official_final,https://en.wikipedia.org/wiki/2026_FIFA_World_Cup_squads#Senegal,2026-06-02
Senegal,22,Bara Sapoko Ndiaye,MF,18,Bayern Munich,Bundesliga,,1,0,unknown,rotation,official_final,https://en.wikipedia.org/wiki/2026_FIFA_World_Cup_squads#Senegal,2026-06-02
Senegal,23,Mory Diaw,GK,32,Le Havre,Ligue 1,,5,0,unknown,reserve,official_final,https://en.wikipedia.org/wiki/2026_FIFA_World_Cup_squads#Senegal,2026-06-02
Senegal,24,Antoine Mendy,DF,22,Nice,Ligue 1,,6,0,unknown,rotation,official_final,https://en.wikipedia.org/wiki/2026_FIFA_World_Cup_squads#Senegal,2026-06-02
Senegal,25,El Hadji Malick Diouf,DF,21,West Ham United,Premier League,,19,1,unknown,rotation,official_final,https://en.wikipedia.org/wiki/2026_FIFA_World_Cup_squads#Senegal,2026-06-02
Senegal,26,Pape Gueye,MF,27,Villarreal,La Liga,,41,5,unknown,rotation,official_final,https://en.wikipedia.org/wiki/2026_FIFA_World_Cup_squads#Senegal,2026-06-02
Algeria,1,Melvin Mastil,GK,26,Stade Nyonnais,SUI,,1,0,unknown,starter,official_final,https://en.wikipedia.org/wiki/2026_FIFA_World_Cup_squads#Algeria,2026-06-02
Algeria,2,Aïssa Mandi,DF,34,Lille,Ligue 1,,116,7,unknown,starter,official_final,https://en.wikipedia.org/wiki/2026_FIFA_World_Cup_squads#Algeria,2026-06-02
Algeria,3,Achref Abada,DF,26,USM Alger,ALG,,6,1,unknown,starter,official_final,https://en.wikipedia.org/wiki/2026_FIFA_World_Cup_squads#Algeria,2026-06-02
Algeria,4,Mohamed Amine Tougai,DF,26,Espérance de Tunis,TUN,,28,2,unknown,starter,official_final,https://en.wikipedia.org/wiki/2026_FIFA_World_Cup_squads#Algeria,2026-06-02
Algeria,5,Zineddine Belaïd,DF,27,JS Kabylie,ALG,,9,1,unknown,starter,official_final,https://en.wikipedia.org/wiki/2026_FIFA_World_Cup_squads#Algeria,2026-06-02
Algeria,6,Ramiz Zerrouki,MF,28,Twente,Eredivisie,,51,3,unknown,starter,official_final,https://en.wikipedia.org/wiki/2026_FIFA_World_Cup_squads#Algeria,2026-06-02
Algeria,7,Riyad Mahrez,FW,35,Al-Ahli,Saudi Pro League,,113,38,unknown,starter,official_final,https://en.wikipedia.org/wiki/2026_FIFA_World_Cup_squads#Algeria,2026-06-02
Algeria,8,Houssem Aouar,MF,27,Al-Ittihad,Saudi Pro League,,19,6,unknown,starter,official_final,https://en.wikipedia.org/wiki/2026_FIFA_World_Cup_squads#Algeria,2026-06-02
Algeria,9,Amine Gouiri,FW,26,Marseille,Ligue 1,,21,8,unknown,starter,official_final,https://en.wikipedia.org/wiki/2026_FIFA_World_Cup_squads#Algeria,2026-06-02
Algeria,10,Farès Chaïbi,MF,23,Eintracht Frankfurt,Bundesliga,,28,3,unknown,starter,official_final,https://en.wikipedia.org/wiki/2026_FIFA_World_Cup_squads#Algeria,2026-06-02
Algeria,11,Anis Hadj Moussa,FW,24,Feyenoord,Eredivisie,,13,0,unknown,starter,official_final,https://en.wikipedia.org/wiki/2026_FIFA_World_Cup_squads#Algeria,2026-06-02
Algeria,12,Nadhir Benbouali,FW,26,Győri ETO,HUN,,2,1,unknown,starter,official_final,https://en.wikipedia.org/wiki/2026_FIFA_World_Cup_squads#Algeria,2026-06-02
Algeria,13,Jaouen Hadjam,DF,23,Young Boys,SUI,,16,3,unknown,rotation,official_final,https://en.wikipedia.org/wiki/2026_FIFA_World_Cup_squads#Algeria,2026-06-02
Algeria,14,Hicham Boudaoui,MF,26,Nice,Ligue 1,,32,0,unknown,starter,official_final,https://en.wikipedia.org/wiki/2026_FIFA_World_Cup_squads#Algeria,2026-06-02
Algeria,15,Rayan Aït-Nouri,DF,25,Manchester City,Premier League,,27,0,unknown,rotation,official_final,https://en.wikipedia.org/wiki/2026_FIFA_World_Cup_squads#Algeria,2026-06-02
Algeria,16,Oussama Benbot,GK,31,USM Alger,ALG,,2,0,unknown,reserve,official_final,https://en.wikipedia.org/wiki/2026_FIFA_World_Cup_squads#Algeria,2026-06-02
Algeria,17,Rafik Belghali,DF,24,Hellas Verona,Serie A,,11,1,unknown,rotation,official_final,https://en.wikipedia.org/wiki/2026_FIFA_World_Cup_squads#Algeria,2026-06-02
Algeria,18,Mohamed Amoura,FW,26,VfL Wolfsburg,Bundesliga,,44,19,unknown,rotation,official_final,https://en.wikipedia.org/wiki/2026_FIFA_World_Cup_squads#Algeria,2026-06-02
Algeria,19,Nabil Bentaleb,MF,31,Lille,Ligue 1,,58,6,unknown,rotation,official_final,https://en.wikipedia.org/wiki/2026_FIFA_World_Cup_squads#Algeria,2026-06-02
Algeria,20,Adil Boulbina,FW,23,Al-Duhail,Qatar Stars League,,10,6,unknown,rotation,official_final,https://en.wikipedia.org/wiki/2026_FIFA_World_Cup_squads#Algeria,2026-06-02
Algeria,21,Ramy Bensebaini,DF,31,Borussia Dortmund,Bundesliga,,81,7,unknown,rotation,official_final,https://en.wikipedia.org/wiki/2026_FIFA_World_Cup_squads#Algeria,2026-06-02
Algeria,22,Ibrahim Maza,MF,20,Bayer Leverkusen,Bundesliga,,15,2,unknown,rotation,official_final,https://en.wikipedia.org/wiki/2026_FIFA_World_Cup_squads#Algeria,2026-06-02
Algeria,23,Luca Zidane,GK,28,Granada,La Liga,,6,0,unknown,reserve,official_final,https://en.wikipedia.org/wiki/2026_FIFA_World_Cup_squads#Algeria,2026-06-02
Algeria,24,Yacine Titraoui,MF,22,Charleroi,BEL,,5,0,unknown,rotation,official_final,https://en.wikipedia.org/wiki/2026_FIFA_World_Cup_squads#Algeria,2026-06-02
Algeria,25,Farès Ghedjemis,FW,23,Frosinone,Serie A,,1,1,unknown,rotation,official_final,https://en.wikipedia.org/wiki/2026_FIFA_World_Cup_squads#Algeria,2026-06-02
Algeria,26,Samir Chergui,DF,27,Paris FC,Ligue 1,,4,0,unknown,squad,official_final,https://en.wikipedia.org/wiki/2026_FIFA_World_Cup_squads#Algeria,2026-06-02
Argentina,1,Juan Musso,GK,32,Atlético Madrid,La Liga,,3,0,unknown,starter,official_final,https://en.wikipedia.org/wiki/2026_FIFA_World_Cup_squads#Argentina,2026-06-02
Argentina,2,Leonardo Balerdi,DF,27,Marseille,Ligue 1,,11,0,unknown,starter,official_final,https://en.wikipedia.org/wiki/2026_FIFA_World_Cup_squads#Argentina,2026-06-02
Argentina,3,Nicolás Tagliafico,DF,33,Lyon,Ligue 1,,75,1,unknown,starter,official_final,https://en.wikipedia.org/wiki/2026_FIFA_World_Cup_squads#Argentina,2026-06-02
Argentina,4,Gonzalo Montiel,DF,29,River Plate,Argentine Primera Division,,38,2,unknown,starter,official_final,https://en.wikipedia.org/wiki/2026_FIFA_World_Cup_squads#Argentina,2026-06-02
Argentina,5,Leandro Paredes,MF,31,Boca Juniors,Argentine Primera Division,,77,5,unknown,starter,official_final,https://en.wikipedia.org/wiki/2026_FIFA_World_Cup_squads#Argentina,2026-06-02
Argentina,6,Lisandro Martínez,DF,28,Manchester United,Premier League,,26,1,unknown,starter,official_final,https://en.wikipedia.org/wiki/2026_FIFA_World_Cup_squads#Argentina,2026-06-02
Argentina,7,Rodrigo De Paul,MF,32,Inter Miami CF,MLS,,85,2,unknown,starter,official_final,https://en.wikipedia.org/wiki/2026_FIFA_World_Cup_squads#Argentina,2026-06-02
Argentina,8,Valentín Barco,MF,21,Strasbourg,Ligue 1,,2,1,unknown,starter,official_final,https://en.wikipedia.org/wiki/2026_FIFA_World_Cup_squads#Argentina,2026-06-02
Argentina,9,Julián Alvarez,FW,26,Atlético Madrid,La Liga,,51,14,unknown,starter,official_final,https://en.wikipedia.org/wiki/2026_FIFA_World_Cup_squads#Argentina,2026-06-02
Argentina,10,Lionel Messi,FW,38,Inter Miami CF,MLS,,198,116,unknown,starter,official_final,https://en.wikipedia.org/wiki/2026_FIFA_World_Cup_squads#Argentina,2026-06-02
Argentina,11,Giovani Lo Celso,MF,30,Real Betis,La Liga,,65,4,unknown,starter,official_final,https://en.wikipedia.org/wiki/2026_FIFA_World_Cup_squads#Argentina,2026-06-02
Argentina,12,Gerónimo Rulli,GK,34,Marseille,Ligue 1,,7,0,unknown,reserve,official_final,https://en.wikipedia.org/wiki/2026_FIFA_World_Cup_squads#Argentina,2026-06-02
Argentina,13,Cristian Romero,DF,28,Tottenham Hotspur,Premier League,,49,3,unknown,rotation,official_final,https://en.wikipedia.org/wiki/2026_FIFA_World_Cup_squads#Argentina,2026-06-02
Argentina,14,Exequiel Palacios,MF,27,Bayer Leverkusen,Bundesliga,,38,0,unknown,rotation,official_final,https://en.wikipedia.org/wiki/2026_FIFA_World_Cup_squads#Argentina,2026-06-02
Argentina,15,Nicolás González,MF,28,Atlético Madrid,La Liga,,50,6,unknown,rotation,official_final,https://en.wikipedia.org/wiki/2026_FIFA_World_Cup_squads#Argentina,2026-06-02
Argentina,16,Thiago Almada,FW,25,Atlético Madrid,La Liga,,14,4,unknown,starter,official_final,https://en.wikipedia.org/wiki/2026_FIFA_World_Cup_squads#Argentina,2026-06-02
Argentina,17,Giuliano Simeone,FW,23,Atlético Madrid,La Liga,,11,1,unknown,starter,official_final,https://en.wikipedia.org/wiki/2026_FIFA_World_Cup_squads#Argentina,2026-06-02
Argentina,18,Nico Paz,FW,21,Como,Serie A,,8,1,unknown,rotation,official_final,https://en.wikipedia.org/wiki/2026_FIFA_World_Cup_squads#Argentina,2026-06-02
Argentina,19,Nicolás Otamendi,DF,38,Benfica,Primeira Liga,,130,8,unknown,rotation,official_final,https://en.wikipedia.org/wiki/2026_FIFA_World_Cup_squads#Argentina,2026-06-02
Argentina,20,Alexis Mac Allister,MF,27,Liverpool,Premier League,,44,6,unknown,rotation,official_final,https://en.wikipedia.org/wiki/2026_FIFA_World_Cup_squads#Argentina,2026-06-02
Argentina,21,José Manuel López,FW,25,Palmeiras,Brasileirao,,3,0,unknown,rotation,official_final,https://en.wikipedia.org/wiki/2026_FIFA_World_Cup_squads#Argentina,2026-06-02
Argentina,22,Lautaro Martínez,FW,28,Inter Milan,Serie A,,75,36,unknown,rotation,official_final,https://en.wikipedia.org/wiki/2026_FIFA_World_Cup_squads#Argentina,2026-06-02
Argentina,23,Emiliano Martínez,GK,33,Aston Villa,Premier League,,59,0,unknown,reserve,official_final,https://en.wikipedia.org/wiki/2026_FIFA_World_Cup_squads#Argentina,2026-06-02
Argentina,24,Enzo Fernández,MF,25,Chelsea,Premier League,,40,6,unknown,rotation,official_final,https://en.wikipedia.org/wiki/2026_FIFA_World_Cup_squads#Argentina,2026-06-02
Argentina,25,Facundo Medina,DF,27,Marseille,Ligue 1,,7,0,unknown,rotation,official_final,https://en.wikipedia.org/wiki/2026_FIFA_World_Cup_squads#Argentina,2026-06-02
Argentina,26,Nahuel Molina,DF,28,Atlético Madrid,La Liga,,58,1,unknown,rotation,official_final,https://en.wikipedia.org/wiki/2026_FIFA_World_Cup_squads#Argentina,2026-06-02
Austria,1,Alexander Schlager,GK,30,Red Bull Salzburg,AUT,,25,0,unknown,starter,official_final,https://en.wikipedia.org/wiki/2026_FIFA_World_Cup_squads#Austria,2026-06-02
Austria,2,David Affengruber,DF,25,Elche,La Liga,,1,0,unknown,starter,official_final,https://en.wikipedia.org/wiki/2026_FIFA_World_Cup_squads#Austria,2026-06-02
Austria,3,Kevin Danso,DF,27,Tottenham Hotspur,Premier League,,31,0,unknown,starter,official_final,https://en.wikipedia.org/wiki/2026_FIFA_World_Cup_squads#Austria,2026-06-02
Austria,4,Xaver Schlager,MF,28,RB Leipzig,Bundesliga,,50,4,unknown,starter,official_final,https://en.wikipedia.org/wiki/2026_FIFA_World_Cup_squads#Austria,2026-06-02
Austria,5,Stefan Posch,DF,29,Mainz 05,Bundesliga,,51,5,unknown,starter,official_final,https://en.wikipedia.org/wiki/2026_FIFA_World_Cup_squads#Austria,2026-06-02
Austria,6,Nicolas Seiwald,MF,25,RB Leipzig,Bundesliga,,46,1,unknown,starter,official_final,https://en.wikipedia.org/wiki/2026_FIFA_World_Cup_squads#Austria,2026-06-02
Austria,7,Marko Arnautović,FW,37,Red Star Belgrade,SRB,,132,47,unknown,starter,official_final,https://en.wikipedia.org/wiki/2026_FIFA_World_Cup_squads#Austria,2026-06-02
Austria,8,David Alaba,DF,33,Real Madrid,La Liga,,112,15,unknown,starter,official_final,https://en.wikipedia.org/wiki/2026_FIFA_World_Cup_squads#Austria,2026-06-02
Austria,9,Marcel Sabitzer,MF,32,Borussia Dortmund,Bundesliga,,97,25,unknown,starter,official_final,https://en.wikipedia.org/wiki/2026_FIFA_World_Cup_squads#Austria,2026-06-02
Austria,10,Florian Grillitsch,MF,30,Braga,Primeira Liga,,58,1,unknown,starter,official_final,https://en.wikipedia.org/wiki/2026_FIFA_World_Cup_squads#Austria,2026-06-02
Austria,11,Michael Gregoritsch,FW,32,FC Augsburg,Bundesliga,,74,24,unknown,starter,official_final,https://en.wikipedia.org/wiki/2026_FIFA_World_Cup_squads#Austria,2026-06-02
Austria,12,Florian Wiegele,GK,25,Viktoria Plzeň,CZE,,1,0,unknown,reserve,official_final,https://en.wikipedia.org/wiki/2026_FIFA_World_Cup_squads#Austria,2026-06-02
Austria,13,Patrick Pentz,GK,29,Brøndby,DEN,,18,0,unknown,reserve,official_final,https://en.wikipedia.org/wiki/2026_FIFA_World_Cup_squads#Austria,2026-06-02
Austria,14,Saša Kalajdžić,FW,28,LASK,AUT,,21,4,unknown,starter,official_final,https://en.wikipedia.org/wiki/2026_FIFA_World_Cup_squads#Austria,2026-06-02
Austria,15,Philipp Lienhart,DF,29,SC Freiburg,Bundesliga,,40,3,unknown,rotation,official_final,https://en.wikipedia.org/wiki/2026_FIFA_World_Cup_squads#Austria,2026-06-02
Austria,16,Phillipp Mwene,DF,32,Mainz 05,Bundesliga,,29,0,unknown,rotation,official_final,https://en.wikipedia.org/wiki/2026_FIFA_World_Cup_squads#Austria,2026-06-02
Austria,17,Carney Chukwuemeka,MF,22,Borussia Dortmund,Bundesliga,,2,1,unknown,rotation,official_final,https://en.wikipedia.org/wiki/2026_FIFA_World_Cup_squads#Austria,2026-06-02
Austria,18,Romano Schmid,MF,26,Werder Bremen,Bundesliga,,33,3,unknown,rotation,official_final,https://en.wikipedia.org/wiki/2026_FIFA_World_Cup_squads#Austria,2026-06-02
Austria,19,Konrad Laimer,MF,29,Bayern Munich,Bundesliga,,56,7,unknown,rotation,official_final,https://en.wikipedia.org/wiki/2026_FIFA_World_Cup_squads#Austria,2026-06-02
Austria,20,Patrick Wimmer,FW,25,VfL Wolfsburg,Bundesliga,,30,1,unknown,starter,official_final,https://en.wikipedia.org/wiki/2026_FIFA_World_Cup_squads#Austria,2026-06-02
Austria,21,Alexander Prass,MF,25,TSG Hoffenheim,Bundesliga,,18,0,unknown,rotation,official_final,https://en.wikipedia.org/wiki/2026_FIFA_World_Cup_squads#Austria,2026-06-02
Austria,22,Marco Friedl,DF,28,Werder Bremen,Bundesliga,,10,0,unknown,rotation,official_final,https://en.wikipedia.org/wiki/2026_FIFA_World_Cup_squads#Austria,2026-06-02
Austria,23,Paul Wanner,MF,20,PSV Eindhoven,Eredivisie,,2,0,unknown,squad,official_final,https://en.wikipedia.org/wiki/2026_FIFA_World_Cup_squads#Austria,2026-06-02
Austria,24,Michael Svoboda,DF,27,Venezia,Serie A,,4,0,unknown,rotation,official_final,https://en.wikipedia.org/wiki/2026_FIFA_World_Cup_squads#Austria,2026-06-02
Austria,25,Alessandro Schöpf,MF,32,Wolfsberger AC,AUT,,35,6,unknown,squad,official_final,https://en.wikipedia.org/wiki/2026_FIFA_World_Cup_squads#Austria,2026-06-02
Jordan,1,Yazeed Abulaila,GK,33,Al-Hussein,JOR,,75,0,unknown,starter,official_final,https://en.wikipedia.org/wiki/2026_FIFA_World_Cup_squads#Jordan,2026-06-02
Jordan,2,Mohammad Abu Hashish,DF,31,Al-Karma,IRQ,,55,1,unknown,starter,official_final,https://en.wikipedia.org/wiki/2026_FIFA_World_Cup_squads#Jordan,2026-06-02
Jordan,3,Abdallah Nasib,DF,32,Al-Zawraa,IRQ,,64,3,unknown,starter,official_final,https://en.wikipedia.org/wiki/2026_FIFA_World_Cup_squads#Jordan,2026-06-02
Jordan,4,Husam Abu Dahab,DF,26,Al-Faisaly,JOR,,17,0,unknown,starter,official_final,https://en.wikipedia.org/wiki/2026_FIFA_World_Cup_squads#Jordan,2026-06-02
Jordan,5,Yazan Al-Arab,DF,30,FC Seoul,K League 1,,79,3,unknown,starter,official_final,https://en.wikipedia.org/wiki/2026_FIFA_World_Cup_squads#Jordan,2026-06-02
Jordan,6,Amer Jamous,MF,23,Al-Zawraa,IRQ,,18,1,unknown,starter,official_final,https://en.wikipedia.org/wiki/2026_FIFA_World_Cup_squads#Jordan,2026-06-02
Jordan,7,Mohammad Abu Zrayq,FW,28,Raja Casablanca,MAR,,40,5,unknown,starter,official_final,https://en.wikipedia.org/wiki/2026_FIFA_World_Cup_squads#Jordan,2026-06-02
Jordan,8,Noor Al-Rawabdeh,MF,29,Selangor,MAS,,67,3,unknown,starter,official_final,https://en.wikipedia.org/wiki/2026_FIFA_World_Cup_squads#Jordan,2026-06-02
Jordan,9,Ali Olwan,FW,26,Al-Sailiya,Qatar Stars League,,65,29,unknown,starter,official_final,https://en.wikipedia.org/wiki/2026_FIFA_World_Cup_squads#Jordan,2026-06-02
Jordan,10,Musa Al-Taamari,FW,29,Rennes,Ligue 1,,91,24,unknown,starter,official_final,https://en.wikipedia.org/wiki/2026_FIFA_World_Cup_squads#Jordan,2026-06-02
Jordan,11,Odeh Al-Fakhouri,FW,20,Pyramids,EGY,,9,1,unknown,starter,official_final,https://en.wikipedia.org/wiki/2026_FIFA_World_Cup_squads#Jordan,2026-06-02
Jordan,12,Nour Bani Attiah,GK,33,Al-Faisaly,JOR,,4,0,unknown,reserve,official_final,https://en.wikipedia.org/wiki/2026_FIFA_World_Cup_squads#Jordan,2026-06-02
Jordan,13,Mahmoud Al-Mardi,FW,32,Al-Hussein,JOR,,88,9,unknown,rotation,official_final,https://en.wikipedia.org/wiki/2026_FIFA_World_Cup_squads#Jordan,2026-06-02
Jordan,14,Rajaei Ayed,MF,32,Al-Hussein,JOR,,72,0,unknown,starter,official_final,https://en.wikipedia.org/wiki/2026_FIFA_World_Cup_squads#Jordan,2026-06-02
Jordan,15,Ibrahim Sadeh,MF,26,Al-Karma,IRQ,,56,3,unknown,starter,official_final,https://en.wikipedia.org/wiki/2026_FIFA_World_Cup_squads#Jordan,2026-06-02
Jordan,16,Mo Abualnadi,DF,25,Selangor,MAS,,17,0,unknown,rotation,official_final,https://en.wikipedia.org/wiki/2026_FIFA_World_Cup_squads#Jordan,2026-06-02
Jordan,17,Salim Obaid,DF,34,Al-Hussein,JOR,,10,0,unknown,rotation,official_final,https://en.wikipedia.org/wiki/2026_FIFA_World_Cup_squads#Jordan,2026-06-02
Jordan,18,Ibrahim Sabra,FW,20,Lokomotiva Zagreb,CRO,,9,1,unknown,rotation,official_final,https://en.wikipedia.org/wiki/2026_FIFA_World_Cup_squads#Jordan,2026-06-02
Jordan,19,Saed Al-Rosan,DF,29,Al-Hussein,JOR,,20,2,unknown,rotation,official_final,https://en.wikipedia.org/wiki/2026_FIFA_World_Cup_squads#Jordan,2026-06-02
Jordan,20,Mohannad Abu Taha,MF,23,Al-Quwa Al-Jawiya,IRQ,,28,1,unknown,rotation,official_final,https://en.wikipedia.org/wiki/2026_FIFA_World_Cup_squads#Jordan,2026-06-02
Jordan,21,Nizar Al-Rashdan,MF,27,Qatar SC,Qatar Stars League,,46,4,unknown,rotation,official_final,https://en.wikipedia.org/wiki/2026_FIFA_World_Cup_squads#Jordan,2026-06-02
Jordan,22,Abdallah Al-Fakhouri,GK,26,Al-Wehdat,JOR,,11,0,unknown,reserve,official_final,https://en.wikipedia.org/wiki/2026_FIFA_World_Cup_squads#Jordan,2026-06-02
Jordan,23,Ihsan Haddad,DF,32,Al-Hussein,JOR,,91,2,unknown,rotation,official_final,https://en.wikipedia.org/wiki/2026_FIFA_World_Cup_squads#Jordan,2026-06-02
Jordan,24,Ali Azaizeh,FW,22,Al-Shabab,Saudi Pro League,,3,0,unknown,rotation,official_final,https://en.wikipedia.org/wiki/2026_FIFA_World_Cup_squads#Jordan,2026-06-02
Jordan,25,Mohammad Al-Dawoud,MF,34,Al-Wehdat,JOR,,12,1,unknown,rotation,official_final,https://en.wikipedia.org/wiki/2026_FIFA_World_Cup_squads#Jordan,2026-06-02
Jordan,26,Anas Badawi,DF,28,Al-Faisaly,JOR,,1,0,unknown,squad,official_final,https://en.wikipedia.org/wiki/2026_FIFA_World_Cup_squads#Jordan,2026-06-02
Colombia,1,David Ospina,GK,37,Atlético Nacional,COL,,129,0,unknown,starter,official_final,https://en.wikipedia.org/wiki/2026_FIFA_World_Cup_squads#Colombia,2026-06-02
Colombia,2,Daniel Muñoz,DF,30,Crystal Palace,Premier League,,44,3,unknown,starter,official_final,https://en.wikipedia.org/wiki/2026_FIFA_World_Cup_squads#Colombia,2026-06-02
Colombia,3,Jhon Lucumí,DF,27,Bologna,Serie A,,35,1,unknown,starter,official_final,https://en.wikipedia.org/wiki/2026_FIFA_World_Cup_squads#Colombia,2026-06-02
Colombia,4,Santiago Arias,DF,34,Independiente,Argentine Primera Division,,66,0,unknown,starter,official_final,https://en.wikipedia.org/wiki/2026_FIFA_World_Cup_squads#Colombia,2026-06-02
Colombia,5,Kevin Castaño,MF,25,River Plate,Argentine Primera Division,,24,0,unknown,starter,official_final,https://en.wikipedia.org/wiki/2026_FIFA_World_Cup_squads#Colombia,2026-06-02
Colombia,6,Richard Ríos,MF,26,Benfica,Primeira Liga,,30,2,unknown,starter,official_final,https://en.wikipedia.org/wiki/2026_FIFA_World_Cup_squads#Colombia,2026-06-02
Colombia,7,Luis Díaz,FW,29,Bayern Munich,Bundesliga,,72,21,unknown,starter,official_final,https://en.wikipedia.org/wiki/2026_FIFA_World_Cup_squads#Colombia,2026-06-02
Colombia,8,Jorge Carrascal,MF,28,Flamengo,Brasileirao,,22,2,unknown,starter,official_final,https://en.wikipedia.org/wiki/2026_FIFA_World_Cup_squads#Colombia,2026-06-02
Colombia,9,Jhon Córdoba,FW,33,Krasnodar,RUS,,21,6,unknown,starter,official_final,https://en.wikipedia.org/wiki/2026_FIFA_World_Cup_squads#Colombia,2026-06-02
Colombia,10,James Rodríguez,MF,34,Minnesota United FC,MLS,,124,31,unknown,starter,official_final,https://en.wikipedia.org/wiki/2026_FIFA_World_Cup_squads#Colombia,2026-06-02
Colombia,11,Jhon Arias,MF,28,Palmeiras,Brasileirao,,36,4,unknown,rotation,official_final,https://en.wikipedia.org/wiki/2026_FIFA_World_Cup_squads#Colombia,2026-06-02
Colombia,12,Camilo Vargas,GK,37,Atlas,Liga MX,,40,0,unknown,reserve,official_final,https://en.wikipedia.org/wiki/2026_FIFA_World_Cup_squads#Colombia,2026-06-02
Colombia,13,Yerry Mina,DF,31,Cagliari,Serie A,,52,8,unknown,starter,official_final,https://en.wikipedia.org/wiki/2026_FIFA_World_Cup_squads#Colombia,2026-06-02
Colombia,14,Gustavo Puerta,DF,22,Racing Santander,La Liga,,4,1,unknown,rotation,official_final,https://en.wikipedia.org/wiki/2026_FIFA_World_Cup_squads#Colombia,2026-06-02
Colombia,15,Juan Portilla,MF,27,Athletico Paranaense,Brasileirao,,8,0,unknown,rotation,official_final,https://en.wikipedia.org/wiki/2026_FIFA_World_Cup_squads#Colombia,2026-06-02
Colombia,16,Jefferson Lerma,MF,31,Crystal Palace,Premier League,,64,5,unknown,rotation,official_final,https://en.wikipedia.org/wiki/2026_FIFA_World_Cup_squads#Colombia,2026-06-02
Colombia,17,Johan Mojica,DF,33,Mallorca,La Liga,,43,1,unknown,rotation,official_final,https://en.wikipedia.org/wiki/2026_FIFA_World_Cup_squads#Colombia,2026-06-02
Colombia,18,Willer Ditta,DF,28,Cruz Azul,Liga MX,,3,0,unknown,rotation,official_final,https://en.wikipedia.org/wiki/2026_FIFA_World_Cup_squads#Colombia,2026-06-02
Colombia,19,Cucho Hernández,FW,27,Real Betis,La Liga,,7,2,unknown,starter,official_final,https://en.wikipedia.org/wiki/2026_FIFA_World_Cup_squads#Colombia,2026-06-02
Colombia,20,Juan Fernando Quintero,MF,33,River Plate,Argentine Primera Division,,47,6,unknown,rotation,official_final,https://en.wikipedia.org/wiki/2026_FIFA_World_Cup_squads#Colombia,2026-06-02
Colombia,21,Jaminton Campaz,FW,26,Rosario Central,Argentine Primera Division,,9,1,unknown,starter,official_final,https://en.wikipedia.org/wiki/2026_FIFA_World_Cup_squads#Colombia,2026-06-02
Colombia,22,Deiver Machado,DF,32,Nantes,Ligue 1,,14,0,unknown,rotation,official_final,https://en.wikipedia.org/wiki/2026_FIFA_World_Cup_squads#Colombia,2026-06-02
Colombia,23,Davinson Sánchez,DF,29,Galatasaray,TUR,,77,3,unknown,squad,official_final,https://en.wikipedia.org/wiki/2026_FIFA_World_Cup_squads#Colombia,2026-06-02
Colombia,24,Álvaro Montero,GK,31,Vélez Sarsfield,Argentine Primera Division,,11,0,unknown,reserve,official_final,https://en.wikipedia.org/wiki/2026_FIFA_World_Cup_squads#Colombia,2026-06-02
Colombia,25,Luis Suárez,FW,28,Sporting CP,Primeira Liga,,10,4,unknown,rotation,official_final,https://en.wikipedia.org/wiki/2026_FIFA_World_Cup_squads#Colombia,2026-06-02
Colombia,26,Andrés Gómez,FW,23,Vasco da Gama,Brasileirao,,6,2,unknown,rotation,official_final,https://en.wikipedia.org/wiki/2026_FIFA_World_Cup_squads#Colombia,2026-06-02
Congo DR,1,Lionel Mpasi,GK,31,Le Havre,Ligue 1,,27,0,unknown,starter,official_final,https://en.wikipedia.org/wiki/2026_FIFA_World_Cup_squads#DR_Congo,2026-06-02
Congo DR,2,Aaron Wan-Bissaka,DF,28,West Ham United,Premier League,,10,0,unknown,starter,official_final,https://en.wikipedia.org/wiki/2026_FIFA_World_Cup_squads#DR_Congo,2026-06-02
Congo DR,3,Steve Kapuadi,DF,28,Widzew Łódź,POL,,3,0,unknown,starter,official_final,https://en.wikipedia.org/wiki/2026_FIFA_World_Cup_squads#DR_Congo,2026-06-02
Congo DR,4,Axel Tuanzebe,DF,28,Burnley,Premier League,,12,1,unknown,starter,official_final,https://en.wikipedia.org/wiki/2026_FIFA_World_Cup_squads#DR_Congo,2026-06-02
Congo DR,5,Dylan Batubinsika,DF,30,AEL,GRE,,14,1,unknown,starter,official_final,https://en.wikipedia.org/wiki/2026_FIFA_World_Cup_squads#DR_Congo,2026-06-02
Congo DR,6,Ngal'ayel Mukau,MF,21,Lille,Ligue 1,,12,0,unknown,starter,official_final,https://en.wikipedia.org/wiki/2026_FIFA_World_Cup_squads#DR_Congo,2026-06-02
Congo DR,7,Nathanaël Mbuku,MF,24,Montpellier,Ligue 1,,17,2,unknown,starter,official_final,https://en.wikipedia.org/wiki/2026_FIFA_World_Cup_squads#DR_Congo,2026-06-02
Congo DR,8,Samuel Moutoussamy,MF,29,Atromitos,GRE,,56,0,unknown,starter,official_final,https://en.wikipedia.org/wiki/2026_FIFA_World_Cup_squads#DR_Congo,2026-06-02
Congo DR,9,Brian Cipenga,FW,28,Castellón,La Liga,,7,0,unknown,starter,official_final,https://en.wikipedia.org/wiki/2026_FIFA_World_Cup_squads#DR_Congo,2026-06-02
Congo DR,10,Théo Bongonda,MF,30,Spartak Moscow,RUS,,37,7,unknown,starter,official_final,https://en.wikipedia.org/wiki/2026_FIFA_World_Cup_squads#DR_Congo,2026-06-02
Congo DR,11,Gaël Kakuta,FW,34,AEL,GRE,,30,5,unknown,starter,official_final,https://en.wikipedia.org/wiki/2026_FIFA_World_Cup_squads#DR_Congo,2026-06-02
Congo DR,12,Joris Kayembe,DF,31,Genk,BEL,,24,0,unknown,rotation,official_final,https://en.wikipedia.org/wiki/2026_FIFA_World_Cup_squads#DR_Congo,2026-06-02
Congo DR,13,Meschak Elia,FW,28,Alanyaspor,TUR,,68,12,unknown,starter,official_final,https://en.wikipedia.org/wiki/2026_FIFA_World_Cup_squads#DR_Congo,2026-06-02
Congo DR,14,Noah Sadiki,MF,21,Sunderland,Premier League,,18,0,unknown,rotation,official_final,https://en.wikipedia.org/wiki/2026_FIFA_World_Cup_squads#DR_Congo,2026-06-02
Congo DR,15,Aaron Tshibola,MF,31,Kilmarnock,SCO,,16,1,unknown,rotation,official_final,https://en.wikipedia.org/wiki/2026_FIFA_World_Cup_squads#DR_Congo,2026-06-02
Congo DR,16,Timothy Fayulu,GK,26,Noah,ARM,,3,0,unknown,reserve,official_final,https://en.wikipedia.org/wiki/2026_FIFA_World_Cup_squads#DR_Congo,2026-06-02
Congo DR,17,Cédric Bakambu,FW,35,Real Betis,La Liga,,68,21,unknown,starter,official_final,https://en.wikipedia.org/wiki/2026_FIFA_World_Cup_squads#DR_Congo,2026-06-02
Congo DR,18,Charles Pickel,MF,29,Espanyol,La Liga,,33,1,unknown,rotation,official_final,https://en.wikipedia.org/wiki/2026_FIFA_World_Cup_squads#DR_Congo,2026-06-02
Congo DR,19,Fiston Mayele,FW,31,Pyramids,EGY,,37,6,unknown,rotation,official_final,https://en.wikipedia.org/wiki/2026_FIFA_World_Cup_squads#DR_Congo,2026-06-02
Congo DR,20,Yoane Wissa,FW,29,Newcastle United,Premier League,,36,9,unknown,rotation,official_final,https://en.wikipedia.org/wiki/2026_FIFA_World_Cup_squads#DR_Congo,2026-06-02
Congo DR,21,Matthieu Epolo,GK,21,Standard Liège,BEL,,1,0,unknown,reserve,official_final,https://en.wikipedia.org/wiki/2026_FIFA_World_Cup_squads#DR_Congo,2026-06-02
Congo DR,22,Chancel Mbemba,DF,31,Lille,Ligue 1,,107,7,unknown,rotation,official_final,https://en.wikipedia.org/wiki/2026_FIFA_World_Cup_squads#DR_Congo,2026-06-02
Congo DR,23,Simon Banza,FW,29,Al-Jazira,UAE,,14,2,unknown,rotation,official_final,https://en.wikipedia.org/wiki/2026_FIFA_World_Cup_squads#DR_Congo,2026-06-02
Congo DR,24,Gédéon Kalulu,DF,28,Aris Limassol,CYP,,27,0,unknown,rotation,official_final,https://en.wikipedia.org/wiki/2026_FIFA_World_Cup_squads#DR_Congo,2026-06-02
Congo DR,25,Edo Kayembe,MF,28,Watford,Premier League,,41,2,unknown,rotation,official_final,https://en.wikipedia.org/wiki/2026_FIFA_World_Cup_squads#DR_Congo,2026-06-02
Congo DR,26,Arthur Masuaku,DF,32,Lens,Ligue 1,,44,4,unknown,rotation,official_final,https://en.wikipedia.org/wiki/2026_FIFA_World_Cup_squads#DR_Congo,2026-06-02
Portugal,1,Diogo Costa,GK,26,Porto,Primeira Liga,,42,0,unknown,starter,official_final,https://en.wikipedia.org/wiki/2026_FIFA_World_Cup_squads#Portugal,2026-06-02
Portugal,2,Nélson Semedo,DF,32,Fenerbahçe,TUR,,48,0,unknown,starter,official_final,https://en.wikipedia.org/wiki/2026_FIFA_World_Cup_squads#Portugal,2026-06-02
Portugal,3,Rúben Dias,DF,29,Manchester City,Premier League,,74,3,unknown,starter,official_final,https://en.wikipedia.org/wiki/2026_FIFA_World_Cup_squads#Portugal,2026-06-02
Portugal,4,Tomás Araújo,DF,24,Benfica,Primeira Liga,,3,0,unknown,starter,official_final,https://en.wikipedia.org/wiki/2026_FIFA_World_Cup_squads#Portugal,2026-06-02
Portugal,5,Diogo Dalot,DF,27,Manchester United,Premier League,,33,3,unknown,starter,official_final,https://en.wikipedia.org/wiki/2026_FIFA_World_Cup_squads#Portugal,2026-06-02
Portugal,6,Matheus Nunes,MF,27,Manchester City,Premier League,,19,2,unknown,starter,official_final,https://en.wikipedia.org/wiki/2026_FIFA_World_Cup_squads#Portugal,2026-06-02
Portugal,7,Cristiano Ronaldo,FW,41,Al-Nassr,Saudi Pro League,,226,143,unknown,starter,official_final,https://en.wikipedia.org/wiki/2026_FIFA_World_Cup_squads#Portugal,2026-06-02
Portugal,8,Bruno Fernandes,MF,31,Manchester United,Premier League,,87,28,unknown,starter,official_final,https://en.wikipedia.org/wiki/2026_FIFA_World_Cup_squads#Portugal,2026-06-02
Portugal,9,Gonçalo Ramos,FW,24,Paris Saint-Germain,Ligue 1,,24,10,unknown,starter,official_final,https://en.wikipedia.org/wiki/2026_FIFA_World_Cup_squads#Portugal,2026-06-02
Portugal,10,Bernardo Silva,MF,31,Manchester City,Premier League,,107,14,unknown,starter,official_final,https://en.wikipedia.org/wiki/2026_FIFA_World_Cup_squads#Portugal,2026-06-02
Portugal,11,João Félix,FW,26,Al-Nassr,Saudi Pro League,,52,12,unknown,starter,official_final,https://en.wikipedia.org/wiki/2026_FIFA_World_Cup_squads#Portugal,2026-06-02
Portugal,12,José Sá,GK,33,Wolverhampton Wanderers,Premier League,,4,0,unknown,reserve,official_final,https://en.wikipedia.org/wiki/2026_FIFA_World_Cup_squads#Portugal,2026-06-02
Portugal,13,Renato Veiga,DF,22,Villarreal,La Liga,,11,1,unknown,rotation,official_final,https://en.wikipedia.org/wiki/2026_FIFA_World_Cup_squads#Portugal,2026-06-02
Portugal,14,Gonçalo Inácio,DF,24,Sporting CP,Primeira Liga,,20,2,unknown,rotation,official_final,https://en.wikipedia.org/wiki/2026_FIFA_World_Cup_squads#Portugal,2026-06-02
Portugal,15,João Neves,MF,21,Paris Saint-Germain,Ligue 1,,21,3,unknown,starter,official_final,https://en.wikipedia.org/wiki/2026_FIFA_World_Cup_squads#Portugal,2026-06-02
Portugal,16,Francisco Trincão,FW,26,Sporting CP,Primeira Liga,,17,3,unknown,starter,official_final,https://en.wikipedia.org/wiki/2026_FIFA_World_Cup_squads#Portugal,2026-06-02
Portugal,17,Rafael Leão,FW,27,Milan,Serie A,,43,5,unknown,rotation,official_final,https://en.wikipedia.org/wiki/2026_FIFA_World_Cup_squads#Portugal,2026-06-02
Portugal,18,Pedro Neto,FW,26,Chelsea,Premier League,,23,2,unknown,rotation,official_final,https://en.wikipedia.org/wiki/2026_FIFA_World_Cup_squads#Portugal,2026-06-02
Portugal,19,Gonçalo Guedes,FW,29,Real Sociedad,La Liga,,33,7,unknown,rotation,official_final,https://en.wikipedia.org/wiki/2026_FIFA_World_Cup_squads#Portugal,2026-06-02
Portugal,20,João Cancelo,DF,32,Barcelona,La Liga,,66,12,unknown,rotation,official_final,https://en.wikipedia.org/wiki/2026_FIFA_World_Cup_squads#Portugal,2026-06-02
Portugal,21,Rúben Neves,MF,29,Al-Hilal,Saudi Pro League,,65,1,unknown,rotation,official_final,https://en.wikipedia.org/wiki/2026_FIFA_World_Cup_squads#Portugal,2026-06-02
Portugal,22,Rui Silva,GK,32,Sporting CP,Primeira Liga,,2,0,unknown,reserve,official_final,https://en.wikipedia.org/wiki/2026_FIFA_World_Cup_squads#Portugal,2026-06-02
Portugal,23,Vitinha,MF,26,Paris Saint-Germain,Ligue 1,,37,0,unknown,rotation,official_final,https://en.wikipedia.org/wiki/2026_FIFA_World_Cup_squads#Portugal,2026-06-02
Portugal,24,Samú Costa,DF,25,Mallorca,La Liga,,4,0,unknown,rotation,official_final,https://en.wikipedia.org/wiki/2026_FIFA_World_Cup_squads#Portugal,2026-06-02
Portugal,25,Nuno Mendes,DF,23,Paris Saint-Germain,Ligue 1,,43,1,unknown,squad,official_final,https://en.wikipedia.org/wiki/2026_FIFA_World_Cup_squads#Portugal,2026-06-02
Portugal,26,Francisco Conceição,FW,23,Juventus,Serie A,,15,3,unknown,rotation,official_final,https://en.wikipedia.org/wiki/2026_FIFA_World_Cup_squads#Portugal,2026-06-02
Uzbekistan,1,Utkir Yusupov,GK,35,Navbahor,UZB,,39,0,unknown,starter,official_final,https://en.wikipedia.org/wiki/2026_FIFA_World_Cup_squads#Uzbekistan,2026-06-02
Uzbekistan,2,Abdukodir Khusanov,DF,22,Manchester City,Premier League,,25,0,unknown,starter,official_final,https://en.wikipedia.org/wiki/2026_FIFA_World_Cup_squads#Uzbekistan,2026-06-02
Uzbekistan,3,Khojiakbar Alijonov,DF,29,Pakhtakor,UZB,,40,2,unknown,starter,official_final,https://en.wikipedia.org/wiki/2026_FIFA_World_Cup_squads#Uzbekistan,2026-06-02
Uzbekistan,4,Farrukh Sayfiev,DF,35,Neftchi,UZB,,44,1,unknown,starter,official_final,https://en.wikipedia.org/wiki/2026_FIFA_World_Cup_squads#Uzbekistan,2026-06-02
Uzbekistan,5,Rustam Ashurmatov,DF,29,Esteghlal,IRN,,47,1,unknown,starter,official_final,https://en.wikipedia.org/wiki/2026_FIFA_World_Cup_squads#Uzbekistan,2026-06-02
Uzbekistan,6,Akmal Mozgovoy,MF,27,Pakhtakor,UZB,,23,1,unknown,starter,official_final,https://en.wikipedia.org/wiki/2026_FIFA_World_Cup_squads#Uzbekistan,2026-06-02
Uzbekistan,7,Otabek Shukurov,MF,29,Baniyas,UAE,,82,9,unknown,starter,official_final,https://en.wikipedia.org/wiki/2026_FIFA_World_Cup_squads#Uzbekistan,2026-06-02
Uzbekistan,8,Jamshid Iskanderov,MF,32,Neftchi,UZB,,37,4,unknown,starter,official_final,https://en.wikipedia.org/wiki/2026_FIFA_World_Cup_squads#Uzbekistan,2026-06-02
Uzbekistan,9,Odiljon Hamrobekov,MF,30,Tractor,IRN,,71,1,unknown,starter,official_final,https://en.wikipedia.org/wiki/2026_FIFA_World_Cup_squads#Uzbekistan,2026-06-02
Uzbekistan,10,Jaloliddin Masharipov,MF,32,Esteghlal,IRN,,74,12,unknown,rotation,official_final,https://en.wikipedia.org/wiki/2026_FIFA_World_Cup_squads#Uzbekistan,2026-06-02
Uzbekistan,11,Oston Urunov,MF,25,Persepolis,IRN,,40,10,unknown,rotation,official_final,https://en.wikipedia.org/wiki/2026_FIFA_World_Cup_squads#Uzbekistan,2026-06-02
Uzbekistan,12,Abduvohid Nematov,GK,25,Nasaf,UZB,,7,0,unknown,reserve,official_final,https://en.wikipedia.org/wiki/2026_FIFA_World_Cup_squads#Uzbekistan,2026-06-02
Uzbekistan,13,Sherzod Nasrullaev,DF,27,Nasaf,UZB,,29,2,unknown,rotation,official_final,https://en.wikipedia.org/wiki/2026_FIFA_World_Cup_squads#Uzbekistan,2026-06-02
Uzbekistan,14,Eldor Shomurodov,FW,30,İstanbul Başakşehir,TUR,,90,44,unknown,starter,official_final,https://en.wikipedia.org/wiki/2026_FIFA_World_Cup_squads#Uzbekistan,2026-06-02
Uzbekistan,15,Umar Eshmurodov,DF,33,Nasaf,UZB,,29,0,unknown,rotation,official_final,https://en.wikipedia.org/wiki/2026_FIFA_World_Cup_squads#Uzbekistan,2026-06-02
Uzbekistan,16,Botirali Ergashev,GK,30,Neftchi,UZB,,2,0,unknown,reserve,official_final,https://en.wikipedia.org/wiki/2026_FIFA_World_Cup_squads#Uzbekistan,2026-06-02
Uzbekistan,17,Dostonbek Khamdamov,MF,29,Pakhtakor,UZB,,33,5,unknown,rotation,official_final,https://en.wikipedia.org/wiki/2026_FIFA_World_Cup_squads#Uzbekistan,2026-06-02
Uzbekistan,18,Abdulla Abdullaev,DF,28,Dibba,UAE,,16,0,unknown,rotation,official_final,https://en.wikipedia.org/wiki/2026_FIFA_World_Cup_squads#Uzbekistan,2026-06-02
Uzbekistan,19,Azizjon Ganiev,MF,28,Al-Bataeh,UAE,,18,0,unknown,rotation,official_final,https://en.wikipedia.org/wiki/2026_FIFA_World_Cup_squads#Uzbekistan,2026-06-02
Uzbekistan,20,Azizbek Amonov,FW,28,Dinamo Samarqand,UZB,,11,2,unknown,starter,official_final,https://en.wikipedia.org/wiki/2026_FIFA_World_Cup_squads#Uzbekistan,2026-06-02
Uzbekistan,21,Igor Sergeev,FW,33,Persepolis,IRN,,81,24,unknown,starter,official_final,https://en.wikipedia.org/wiki/2026_FIFA_World_Cup_squads#Uzbekistan,2026-06-02
Uzbekistan,22,Abbosbek Fayzullaev,MF,22,İstanbul Başakşehir,TUR,,30,8,unknown,squad,official_final,https://en.wikipedia.org/wiki/2026_FIFA_World_Cup_squads#Uzbekistan,2026-06-02
Uzbekistan,23,Sherzod Esanov,MF,23,Bukhara,UZB,,0,0,unknown,squad,official_final,https://en.wikipedia.org/wiki/2026_FIFA_World_Cup_squads#Uzbekistan,2026-06-02
Uzbekistan,24,Bekhruz Karimov,DF,18,Surkhon,UZB,,2,0,unknown,rotation,official_final,https://en.wikipedia.org/wiki/2026_FIFA_World_Cup_squads#Uzbekistan,2026-06-02
Uzbekistan,25,Avazbek Ulmasaliev,DF,26,AGMK,UZB,,0,0,unknown,squad,official_final,https://en.wikipedia.org/wiki/2026_FIFA_World_Cup_squads#Uzbekistan,2026-06-02
Uzbekistan,26,Jakhongir Urozov,DF,22,Dinamo Samarqand,UZB,,2,0,unknown,squad,official_final,https://en.wikipedia.org/wiki/2026_FIFA_World_Cup_squads#Uzbekistan,2026-06-02
Croatia,1,Dominik Livaković,GK,31,Dinamo Zagreb,CRO,,73,0,unknown,starter,official_final,https://en.wikipedia.org/wiki/2026_FIFA_World_Cup_squads#Croatia,2026-06-02
Croatia,2,Josip Stanišić,DF,26,Bayern Munich,Bundesliga,,29,0,unknown,starter,official_final,https://en.wikipedia.org/wiki/2026_FIFA_World_Cup_squads#Croatia,2026-06-02
Croatia,3,Marin Pongračić,DF,28,Fiorentina,Serie A,,18,0,unknown,starter,official_final,https://en.wikipedia.org/wiki/2026_FIFA_World_Cup_squads#Croatia,2026-06-02
Croatia,4,Joško Gvardiol,DF,24,Manchester City,Premier League,,46,4,unknown,starter,official_final,https://en.wikipedia.org/wiki/2026_FIFA_World_Cup_squads#Croatia,2026-06-02
Croatia,5,Duje Ćaleta-Car,DF,29,Real Sociedad,La Liga,,38,1,unknown,starter,official_final,https://en.wikipedia.org/wiki/2026_FIFA_World_Cup_squads#Croatia,2026-06-02
Croatia,6,Josip Šutalo,DF,26,Ajax,Eredivisie,,31,0,unknown,rotation,official_final,https://en.wikipedia.org/wiki/2026_FIFA_World_Cup_squads#Croatia,2026-06-02
Croatia,7,Nikola Moro,MF,28,Bologna,Serie A,,9,0,unknown,starter,official_final,https://en.wikipedia.org/wiki/2026_FIFA_World_Cup_squads#Croatia,2026-06-02
Croatia,8,Mateo Kovačić,MF,32,Manchester City,Premier League,,111,5,unknown,starter,official_final,https://en.wikipedia.org/wiki/2026_FIFA_World_Cup_squads#Croatia,2026-06-02
Croatia,9,Andrej Kramarić,FW,34,TSG Hoffenheim,Bundesliga,,114,36,unknown,starter,official_final,https://en.wikipedia.org/wiki/2026_FIFA_World_Cup_squads#Croatia,2026-06-02
Croatia,10,Luka Modrić,MF,40,Milan,Serie A,,196,28,unknown,starter,official_final,https://en.wikipedia.org/wiki/2026_FIFA_World_Cup_squads#Croatia,2026-06-02
Croatia,11,Ante Budimir,FW,34,Osasuna,La Liga,,36,6,unknown,starter,official_final,https://en.wikipedia.org/wiki/2026_FIFA_World_Cup_squads#Croatia,2026-06-02
Croatia,12,Ivor Pandur,GK,26,Hull City,Premier League,,0,0,unknown,reserve,official_final,https://en.wikipedia.org/wiki/2026_FIFA_World_Cup_squads#Croatia,2026-06-02
Croatia,13,Nikola Vlašić,MF,28,Torino,Serie A,,61,10,unknown,starter,official_final,https://en.wikipedia.org/wiki/2026_FIFA_World_Cup_squads#Croatia,2026-06-02
Croatia,14,Ivan Perišić,FW,37,PSV Eindhoven,Eredivisie,,152,38,unknown,starter,official_final,https://en.wikipedia.org/wiki/2026_FIFA_World_Cup_squads#Croatia,2026-06-02
Croatia,15,Mario Pašalić,MF,31,Atalanta,Serie A,,83,11,unknown,rotation,official_final,https://en.wikipedia.org/wiki/2026_FIFA_World_Cup_squads#Croatia,2026-06-02
Croatia,16,Martin Baturina,MF,23,Como,Serie A,,17,1,unknown,rotation,official_final,https://en.wikipedia.org/wiki/2026_FIFA_World_Cup_squads#Croatia,2026-06-02
Croatia,17,Petar Sučić,MF,22,Inter Milan,Serie A,,15,1,unknown,rotation,official_final,https://en.wikipedia.org/wiki/2026_FIFA_World_Cup_squads#Croatia,2026-06-02
Croatia,18,Kristijan Jakić,DF,29,FC Augsburg,Bundesliga,,16,2,unknown,rotation,official_final,https://en.wikipedia.org/wiki/2026_FIFA_World_Cup_squads#Croatia,2026-06-02
Croatia,19,Toni Fruk,MF,25,Rijeka,CRO,,7,1,unknown,rotation,official_final,https://en.wikipedia.org/wiki/2026_FIFA_World_Cup_squads#Croatia,2026-06-02
Croatia,20,Igor Matanović,FW,23,SC Freiburg,Bundesliga,,8,2,unknown,starter,official_final,https://en.wikipedia.org/wiki/2026_FIFA_World_Cup_squads#Croatia,2026-06-02
Croatia,21,Luka Sučić,MF,23,Real Sociedad,La Liga,,19,1,unknown,squad,official_final,https://en.wikipedia.org/wiki/2026_FIFA_World_Cup_squads#Croatia,2026-06-02
Croatia,22,Luka Vušković,DF,19,Hamburger SV,Bundesliga,,4,1,unknown,rotation,official_final,https://en.wikipedia.org/wiki/2026_FIFA_World_Cup_squads#Croatia,2026-06-02
Croatia,23,Dominik Kotarski,GK,26,Copenhagen,DEN,,3,0,unknown,reserve,official_final,https://en.wikipedia.org/wiki/2026_FIFA_World_Cup_squads#Croatia,2026-06-02
Croatia,24,Marco Pašalić,FW,25,Orlando City SC,MLS,,13,1,unknown,rotation,official_final,https://en.wikipedia.org/wiki/2026_FIFA_World_Cup_squads#Croatia,2026-06-02
Croatia,25,Martin Erlić,DF,28,Midtjylland,DEN,,12,1,unknown,rotation,official_final,https://en.wikipedia.org/wiki/2026_FIFA_World_Cup_squads#Croatia,2026-06-02
Croatia,26,Petar Musa,FW,28,FC Dallas,MLS,,10,1,unknown,rotation,official_final,https://en.wikipedia.org/wiki/2026_FIFA_World_Cup_squads#Croatia,2026-06-02
England,1,Jordan Pickford,GK,32,Everton,Premier League,,82,0,unknown,starter,official_final,https://en.wikipedia.org/wiki/2026_FIFA_World_Cup_squads#England,2026-06-02
England,2,Ezri Konsa,DF,28,Aston Villa,Premier League,,18,1,unknown,starter,official_final,https://en.wikipedia.org/wiki/2026_FIFA_World_Cup_squads#England,2026-06-02
England,3,Nico O'Reilly,DF,21,Manchester City,Premier League,,3,0,unknown,starter,official_final,https://en.wikipedia.org/wiki/2026_FIFA_World_Cup_squads#England,2026-06-02
England,4,Declan Rice,MF,27,Arsenal,Premier League,,72,6,unknown,starter,official_final,https://en.wikipedia.org/wiki/2026_FIFA_World_Cup_squads#England,2026-06-02
England,5,John Stones,DF,32,Manchester City,Premier League,,87,3,unknown,starter,official_final,https://en.wikipedia.org/wiki/2026_FIFA_World_Cup_squads#England,2026-06-02
England,6,Marc Guéhi,DF,25,Manchester City,Premier League,,27,1,unknown,starter,official_final,https://en.wikipedia.org/wiki/2026_FIFA_World_Cup_squads#England,2026-06-02
England,7,Bukayo Saka,FW,24,Arsenal,Premier League,,48,14,unknown,starter,official_final,https://en.wikipedia.org/wiki/2026_FIFA_World_Cup_squads#England,2026-06-02
England,8,Elliot Anderson,MF,23,Nottingham Forest,Premier League,,7,0,unknown,starter,official_final,https://en.wikipedia.org/wiki/2026_FIFA_World_Cup_squads#England,2026-06-02
England,9,Harry Kane,FW,32,Bayern Munich,Bundesliga,,112,78,unknown,starter,official_final,https://en.wikipedia.org/wiki/2026_FIFA_World_Cup_squads#England,2026-06-02
England,10,Jude Bellingham,MF,22,Real Madrid,La Liga,,46,6,unknown,starter,official_final,https://en.wikipedia.org/wiki/2026_FIFA_World_Cup_squads#England,2026-06-02
England,11,Marcus Rashford,FW,28,Barcelona,La Liga,,70,18,unknown,starter,official_final,https://en.wikipedia.org/wiki/2026_FIFA_World_Cup_squads#England,2026-06-02
England,12,Tino Livramento,DF,23,Newcastle United,Premier League,,5,0,unknown,rotation,official_final,https://en.wikipedia.org/wiki/2026_FIFA_World_Cup_squads#England,2026-06-02
England,13,Dean Henderson,GK,29,Crystal Palace,Premier League,,4,0,unknown,reserve,official_final,https://en.wikipedia.org/wiki/2026_FIFA_World_Cup_squads#England,2026-06-02
England,14,Jordan Henderson,MF,35,Brentford,Premier League,,89,3,unknown,starter,official_final,https://en.wikipedia.org/wiki/2026_FIFA_World_Cup_squads#England,2026-06-02
England,15,Dan Burn,DF,34,Newcastle United,Premier League,,6,0,unknown,rotation,official_final,https://en.wikipedia.org/wiki/2026_FIFA_World_Cup_squads#England,2026-06-02
England,16,Kobbie Mainoo,MF,21,Manchester United,Premier League,,12,0,unknown,rotation,official_final,https://en.wikipedia.org/wiki/2026_FIFA_World_Cup_squads#England,2026-06-02
England,17,Morgan Rogers,MF,23,Aston Villa,Premier League,,13,1,unknown,rotation,official_final,https://en.wikipedia.org/wiki/2026_FIFA_World_Cup_squads#England,2026-06-02
England,18,Anthony Gordon,FW,25,Newcastle United,Premier League,,17,2,unknown,starter,official_final,https://en.wikipedia.org/wiki/2026_FIFA_World_Cup_squads#England,2026-06-02
England,19,Ollie Watkins,FW,30,Aston Villa,Premier League,,20,6,unknown,rotation,official_final,https://en.wikipedia.org/wiki/2026_FIFA_World_Cup_squads#England,2026-06-02
England,20,Noni Madueke,FW,24,Arsenal,Premier League,,10,1,unknown,rotation,official_final,https://en.wikipedia.org/wiki/2026_FIFA_World_Cup_squads#England,2026-06-02
England,21,Eberechi Eze,MF,27,Arsenal,Premier League,,16,3,unknown,rotation,official_final,https://en.wikipedia.org/wiki/2026_FIFA_World_Cup_squads#England,2026-06-02
England,22,Ivan Toney,FW,30,Al-Ahli,Saudi Pro League,,7,1,unknown,rotation,official_final,https://en.wikipedia.org/wiki/2026_FIFA_World_Cup_squads#England,2026-06-02
England,23,James Trafford,GK,23,Manchester City,Premier League,,1,0,unknown,reserve,official_final,https://en.wikipedia.org/wiki/2026_FIFA_World_Cup_squads#England,2026-06-02
England,24,Reece James,DF,26,Chelsea,Premier League,,22,1,unknown,rotation,official_final,https://en.wikipedia.org/wiki/2026_FIFA_World_Cup_squads#England,2026-06-02
England,25,Djed Spence,DF,25,Tottenham Hotspur,Premier League,,4,0,unknown,rotation,official_final,https://en.wikipedia.org/wiki/2026_FIFA_World_Cup_squads#England,2026-06-02
England,26,Jarell Quansah,DF,23,Bayer Leverkusen,Bundesliga,,1,0,unknown,squad,official_final,https://en.wikipedia.org/wiki/2026_FIFA_World_Cup_squads#England,2026-06-02
Ghana,1,Lawrence Ati-Zigi,GK,29,St. Gallen,SUI,,28,0,unknown,starter,official_final,https://en.wikipedia.org/wiki/2026_FIFA_World_Cup_squads#Ghana,2026-06-02
Ghana,2,Alidu Seidu,DF,26,Rennes,Ligue 1,,23,1,unknown,starter,official_final,https://en.wikipedia.org/wiki/2026_FIFA_World_Cup_squads#Ghana,2026-06-02
Ghana,3,Caleb Yirenkyi,MF,20,Nordsjælland,DEN,,10,0,unknown,starter,official_final,https://en.wikipedia.org/wiki/2026_FIFA_World_Cup_squads#Ghana,2026-06-02
Ghana,4,Jonas Adjetey,DF,22,VfL Wolfsburg,Bundesliga,,9,0,unknown,starter,official_final,https://en.wikipedia.org/wiki/2026_FIFA_World_Cup_squads#Ghana,2026-06-02
Ghana,5,Thomas Partey,MF,32,Villarreal,La Liga,,56,15,unknown,starter,official_final,https://en.wikipedia.org/wiki/2026_FIFA_World_Cup_squads#Ghana,2026-06-02
Ghana,6,Abdul Mumin,DF,28,Rayo Vallecano,La Liga,,4,0,unknown,starter,official_final,https://en.wikipedia.org/wiki/2026_FIFA_World_Cup_squads#Ghana,2026-06-02
Ghana,7,Abdul Fatawu,FW,22,Leicester City,Premier League,,27,3,unknown,starter,official_final,https://en.wikipedia.org/wiki/2026_FIFA_World_Cup_squads#Ghana,2026-06-02
Ghana,8,Kwasi Sibo,MF,27,Oviedo,La Liga,,7,0,unknown,starter,official_final,https://en.wikipedia.org/wiki/2026_FIFA_World_Cup_squads#Ghana,2026-06-02
Ghana,9,Jordan Ayew,FW,34,Leicester City,Premier League,,117,33,unknown,starter,official_final,https://en.wikipedia.org/wiki/2026_FIFA_World_Cup_squads#Ghana,2026-06-02
Ghana,10,Brandon Thomas-Asante,FW,27,Coventry City,Premier League,,7,1,unknown,starter,official_final,https://en.wikipedia.org/wiki/2026_FIFA_World_Cup_squads#Ghana,2026-06-02
Ghana,11,Antoine Semenyo,MF,26,Manchester City,Premier League,,34,3,unknown,starter,official_final,https://en.wikipedia.org/wiki/2026_FIFA_World_Cup_squads#Ghana,2026-06-02
Ghana,12,Joseph Anang,GK,26,St Patrick's Athletic,IRL,,1,0,unknown,reserve,official_final,https://en.wikipedia.org/wiki/2026_FIFA_World_Cup_squads#Ghana,2026-06-02
Ghana,13,Christopher Bonsu Baah,FW,21,Al-Qadsiah,Saudi Pro League,,8,0,unknown,starter,official_final,https://en.wikipedia.org/wiki/2026_FIFA_World_Cup_squads#Ghana,2026-06-02
Ghana,14,Gideon Mensah,DF,27,Auxerre,Ligue 1,,39,0,unknown,starter,official_final,https://en.wikipedia.org/wiki/2026_FIFA_World_Cup_squads#Ghana,2026-06-02
Ghana,15,Elisha Owusu,MF,28,Auxerre,Ligue 1,,19,0,unknown,rotation,official_final,https://en.wikipedia.org/wiki/2026_FIFA_World_Cup_squads#Ghana,2026-06-02
Ghana,16,Benjamin Asare,GK,33,Hearts of Oak,GHA,,10,0,unknown,reserve,official_final,https://en.wikipedia.org/wiki/2026_FIFA_World_Cup_squads#Ghana,2026-06-02
Ghana,17,Abdul Rahman Baba,DF,31,PAOK,GRE,,52,1,unknown,rotation,official_final,https://en.wikipedia.org/wiki/2026_FIFA_World_Cup_squads#Ghana,2026-06-02
Ghana,18,Jerome Opoku,DF,27,İstanbul Başakşehir,TUR,,10,1,unknown,rotation,official_final,https://en.wikipedia.org/wiki/2026_FIFA_World_Cup_squads#Ghana,2026-06-02
Ghana,19,Iñaki Williams,FW,31,Athletic Bilbao,La Liga,,25,2,unknown,rotation,official_final,https://en.wikipedia.org/wiki/2026_FIFA_World_Cup_squads#Ghana,2026-06-02
Ghana,20,Augustine Boakye,MF,25,Saint-Étienne,Ligue 1,,0,0,unknown,rotation,official_final,https://en.wikipedia.org/wiki/2026_FIFA_World_Cup_squads#Ghana,2026-06-02
Ghana,21,Kojo Peprah Oppong,DF,22,Nice,Ligue 1,,4,0,unknown,rotation,official_final,https://en.wikipedia.org/wiki/2026_FIFA_World_Cup_squads#Ghana,2026-06-02
Ghana,22,Kamaldeen Sulemana,FW,24,Atalanta,Serie A,,27,1,unknown,rotation,official_final,https://en.wikipedia.org/wiki/2026_FIFA_World_Cup_squads#Ghana,2026-06-02
Ghana,23,Derrick Luckassen,DF,30,Pafos,CYP,,1,0,unknown,rotation,official_final,https://en.wikipedia.org/wiki/2026_FIFA_World_Cup_squads#Ghana,2026-06-02
Ghana,24,Ernest Nuamah,FW,22,Lyon,Ligue 1,,18,4,unknown,rotation,official_final,https://en.wikipedia.org/wiki/2026_FIFA_World_Cup_squads#Ghana,2026-06-02
Ghana,25,Prince Kwabena Adu,FW,22,Viktoria Plzeň,CZE,,4,0,unknown,rotation,official_final,https://en.wikipedia.org/wiki/2026_FIFA_World_Cup_squads#Ghana,2026-06-02
Ghana,26,Marvin Senaya,DF,25,Auxerre,Ligue 1,,1,0,unknown,squad,official_final,https://en.wikipedia.org/wiki/2026_FIFA_World_Cup_squads#Ghana,2026-06-02
Panama,1,Luis Mejía,GK,35,Nacional,URU,,56,0,unknown,starter,official_final,https://en.wikipedia.org/wiki/2026_FIFA_World_Cup_squads#Panama,2026-06-02
Panama,2,César Blackman,DF,28,Slovan Bratislava,SVK,,38,3,unknown,starter,official_final,https://en.wikipedia.org/wiki/2026_FIFA_World_Cup_squads#Panama,2026-06-02
Panama,3,José Córdoba,DF,25,Norwich City,Premier League,,31,1,unknown,starter,official_final,https://en.wikipedia.org/wiki/2026_FIFA_World_Cup_squads#Panama,2026-06-02
Panama,4,Fidel Escobar,DF,31,Saprissa,CRC,,97,4,unknown,starter,official_final,https://en.wikipedia.org/wiki/2026_FIFA_World_Cup_squads#Panama,2026-06-02
Panama,5,Edgardo Fariña,DF,24,Pari Nizhny Novgorod,RUS,,16,0,unknown,starter,official_final,https://en.wikipedia.org/wiki/2026_FIFA_World_Cup_squads#Panama,2026-06-02
Panama,6,Cristian Martínez,MF,29,Ironi Kiryat Shmona,ISR,,64,2,unknown,starter,official_final,https://en.wikipedia.org/wiki/2026_FIFA_World_Cup_squads#Panama,2026-06-02
Panama,7,José Luis Rodríguez,MF,27,Juárez,Liga MX,,68,8,unknown,starter,official_final,https://en.wikipedia.org/wiki/2026_FIFA_World_Cup_squads#Panama,2026-06-02
Panama,8,Adalberto Carrasquilla,MF,27,UNAM,Liga MX,,73,3,unknown,starter,official_final,https://en.wikipedia.org/wiki/2026_FIFA_World_Cup_squads#Panama,2026-06-02
Panama,9,Tomás Rodríguez,FW,27,Saprissa,CRC,,12,3,unknown,starter,official_final,https://en.wikipedia.org/wiki/2026_FIFA_World_Cup_squads#Panama,2026-06-02
Panama,10,Ismael Díaz,MF,29,León,Liga MX,,55,17,unknown,starter,official_final,https://en.wikipedia.org/wiki/2026_FIFA_World_Cup_squads#Panama,2026-06-02
Panama,11,Yoel Bárcenas,MF,32,Mazatlán,Liga MX,,102,10,unknown,rotation,official_final,https://en.wikipedia.org/wiki/2026_FIFA_World_Cup_squads#Panama,2026-06-02
Panama,12,César Samudio,GK,32,Marathón,HON,,4,0,unknown,reserve,official_final,https://en.wikipedia.org/wiki/2026_FIFA_World_Cup_squads#Panama,2026-06-02
Panama,13,Jiovany Ramos,DF,29,Puerto Cabello,VEN,,21,1,unknown,rotation,official_final,https://en.wikipedia.org/wiki/2026_FIFA_World_Cup_squads#Panama,2026-06-02
Panama,14,Carlos Harvey,DF,26,Minnesota United FC,MLS,,26,3,unknown,rotation,official_final,https://en.wikipedia.org/wiki/2026_FIFA_World_Cup_squads#Panama,2026-06-02
Panama,15,Eric Davis,DF,35,Plaza Amador,PAN,,105,9,unknown,rotation,official_final,https://en.wikipedia.org/wiki/2026_FIFA_World_Cup_squads#Panama,2026-06-02
Panama,16,Andrés Andrade,DF,27,LASK,AUT,,48,1,unknown,rotation,official_final,https://en.wikipedia.org/wiki/2026_FIFA_World_Cup_squads#Panama,2026-06-02
Panama,17,José Fajardo,FW,32,Universidad Católica,ECU,,66,17,unknown,starter,official_final,https://en.wikipedia.org/wiki/2026_FIFA_World_Cup_squads#Panama,2026-06-02
Panama,18,Cecilio Waterman,FW,35,Universidad de Concepción,CHI,,53,14,unknown,starter,official_final,https://en.wikipedia.org/wiki/2026_FIFA_World_Cup_squads#Panama,2026-06-02
Panama,19,Alberto Quintero,MF,38,Plaza Amador,PAN,,140,7,unknown,rotation,official_final,https://en.wikipedia.org/wiki/2026_FIFA_World_Cup_squads#Panama,2026-06-02
Panama,20,Aníbal Godoy,MF,36,San Diego FC,MLS,,159,4,unknown,rotation,official_final,https://en.wikipedia.org/wiki/2026_FIFA_World_Cup_squads#Panama,2026-06-02
Panama,21,César Yanis,MF,30,Cobresal,CHI,,55,5,unknown,rotation,official_final,https://en.wikipedia.org/wiki/2026_FIFA_World_Cup_squads#Panama,2026-06-02
Panama,22,Orlando Mosquera,GK,31,Al-Fayha,Saudi Pro League,,47,0,unknown,reserve,official_final,https://en.wikipedia.org/wiki/2026_FIFA_World_Cup_squads#Panama,2026-06-02
Panama,23,Michael Amir Murillo,DF,30,Beşiktaş,TUR,,92,9,unknown,squad,official_final,https://en.wikipedia.org/wiki/2026_FIFA_World_Cup_squads#Panama,2026-06-02
Panama,24,Azarias Londoño,FW,24,Universidad Católica,ECU,,10,0,unknown,starter,official_final,https://en.wikipedia.org/wiki/2026_FIFA_World_Cup_squads#Panama,2026-06-02
Panama,25,Roderick Miller,DF,34,Turan Tovuz,AZE,,49,2,unknown,squad,official_final,https://en.wikipedia.org/wiki/2026_FIFA_World_Cup_squads#Panama,2026-06-02
Panama,26,Jorge Gutiérrez,DF,27,Deportivo La Guaira,VEN,,17,0,unknown,squad,official_final,https://en.wikipedia.org/wiki/2026_FIFA_World_Cup_squads#Panama,2026-06-02
