team,player,market_value_m,transfermarkt_url,source_url,snapshot_date
France,Robin Risser,30,https://www.transfermarkt.us/robin-risser/profil/spieler/743515,https://www.transfermarkt.us/frankreich/startseite/verein/3377,2026-06-12
France,Mike Maignan,20,https://www.transfermarkt.us/mike-maignan/profil/spieler/182906,https://www.transfermarkt.us/frankreich/startseite/verein/3377,2026-06-12
France,Brice Samba,7,https://www.transfermarkt.us/brice-samba/profil/spieler/191056,https://www.transfermarkt.us/frankreich/startseite/verein/3377,2026-06-12
France,William Saliba,100,https://www.transfermarkt.us/william-saliba/profil/spieler/495666,https://www.transfermarkt.us/frankreich/startseite/verein/3377,2026-06-12
France,Dayot Upamecano,70,https://www.transfermarkt.us/dayot-upamecano/profil/spieler/344695,https://www.transfermarkt.us/frankreich/startseite/verein/3377,2026-06-12
France,Maxence Lacroix,50,https://www.transfermarkt.us/maxence-lacroix/profil/spieler/434224,https://www.transfermarkt.us/frankreich/startseite/verein/3377,2026-06-12
France,Ibrahima Konaté,45,https://www.transfermarkt.us/ibrahima-konate/profil/spieler/357119,https://www.transfermarkt.us/frankreich/startseite/verein/3377,2026-06-12
France,Theo Hernández,20,https://www.transfermarkt.us/theo-hernandez/profil/spieler/339808,https://www.transfermarkt.us/frankreich/startseite/verein/3377,2026-06-12
France,Lucas Hernández,18,https://www.transfermarkt.us/lucas-hernandez/profil/spieler/281963,https://www.transfermarkt.us/frankreich/startseite/verein/3377,2026-06-12
France,Lucas Digne,6,https://www.transfermarkt.us/lucas-digne/profil/spieler/126664,https://www.transfermarkt.us/frankreich/startseite/verein/3377,2026-06-12
France,Jules Koundé,60,https://www.transfermarkt.us/jules-kounde/profil/spieler/411975,https://www.transfermarkt.us/frankreich/startseite/verein/3377,2026-06-12
France,Malo Gusto,35,https://www.transfermarkt.us/malo-gusto/profil/spieler/620322,https://www.transfermarkt.us/frankreich/startseite/verein/3377,2026-06-12
France,Aurélien Tchouaméni,70,https://www.transfermarkt.us/aurelien-tchouameni/profil/spieler/413112,https://www.transfermarkt.us/frankreich/startseite/verein/3377,2026-06-12
France,N'Golo Kanté,4,https://www.transfermarkt.us/ngolo-kante/profil/spieler/225083,https://www.transfermarkt.us/frankreich/startseite/verein/3377,2026-06-12
France,Warren Zaïre-Emery,80,https://www.transfermarkt.us/warren-zaire-emery/profil/spieler/810092,https://www.transfermarkt.us/frankreich/startseite/verein/3377,2026-06-12
France,Manu Koné,50,https://www.transfermarkt.us/manu-kone/profil/spieler/624690,https://www.transfermarkt.us/frankreich/startseite/verein/3377,2026-06-12
France,Adrien Rabiot,18,https://www.transfermarkt.us/adrien-rabiot/profil/spieler/182913,https://www.transfermarkt.us/frankreich/startseite/verein/3377,2026-06-12
France,Rayan Cherki,90,https://www.transfermarkt.us/rayan-cherki/profil/spieler/607223,https://www.transfermarkt.us/frankreich/startseite/verein/3377,2026-06-12
France,Bradley Barcola,70,https://www.transfermarkt.us/bradley-barcola/profil/spieler/708265,https://www.transfermarkt.us/frankreich/startseite/verein/3377,2026-06-12
France,Michael Olise,150,https://www.transfermarkt.us/michael-olise/profil/spieler/566723,https://www.transfermarkt.us/frankreich/startseite/verein/3377,2026-06-12
France,Désiré Doué,120,https://www.transfermarkt.us/desire-doue/profil/spieler/914562,https://www.transfermarkt.us/frankreich/startseite/verein/3377,2026-06-12
France,Maghnes Akliouche,50,https://www.transfermarkt.us/maghnes-akliouche/profil/spieler/745200,https://www.transfermarkt.us/frankreich/startseite/verein/3377,2026-06-12
France,Ousmane Dembélé,100,https://www.transfermarkt.us/ousmane-dembele/profil/spieler/288230,https://www.transfermarkt.us/frankreich/startseite/verein/3377,2026-06-12
France,Marcus Thuram,50,https://www.transfermarkt.us/marcus-thuram/profil/spieler/318528,https://www.transfermarkt.us/frankreich/startseite/verein/3377,2026-06-12
France,Jean-Philippe Mateta,30,https://www.transfermarkt.us/jean-philippe-mateta/profil/spieler/420002,https://www.transfermarkt.us/frankreich/startseite/verein/3377,2026-06-12
England,Dean Henderson,28,https://www.transfermarkt.us/dean-henderson/profil/spieler/258919,https://www.transfermarkt.us/england/startseite/verein/3299,2026-06-12
England,James Trafford,25,https://www.transfermarkt.us/james-trafford/profil/spieler/566799,https://www.transfermarkt.us/england/startseite/verein/3299,2026-06-12
England,Jordan Pickford,13,https://www.transfermarkt.us/jordan-pickford/profil/spieler/130164,https://www.transfermarkt.us/england/startseite/verein/3299,2026-06-12
England,Marc Guéhi,70,https://www.transfermarkt.us/marc-guehi/profil/spieler/392757,https://www.transfermarkt.us/england/startseite/verein/3299,2026-06-12
England,Jarell Quansah,45,https://www.transfermarkt.us/jarell-quansah/profil/spieler/632349,https://www.transfermarkt.us/england/startseite/verein/3299,2026-06-12
England,Ezri Konsa,40,https://www.transfermarkt.us/ezri-konsa/profil/spieler/413403,https://www.transfermarkt.us/england/startseite/verein/3299,2026-06-12
England,John Stones,12,https://www.transfermarkt.us/john-stones/profil/spieler/186590,https://www.transfermarkt.us/england/startseite/verein/3299,2026-06-12
England,Dan Burn,4,https://www.transfermarkt.us/dan-burn/profil/spieler/134270,https://www.transfermarkt.us/england/startseite/verein/3299,2026-06-12
England,Nico O'Reilly,70,https://www.transfermarkt.us/nico-oreilly/profil/spieler/743413,https://www.transfermarkt.us/england/startseite/verein/3299,2026-06-12
England,Djed Spence,30,https://www.transfermarkt.us/djed-spence/profil/spieler/483348,https://www.transfermarkt.us/england/startseite/verein/3299,2026-06-12
England,Reece James,60,https://www.transfermarkt.us/reece-james/profil/spieler/472423,https://www.transfermarkt.us/england/startseite/verein/3299,2026-06-12
England,Tino Livramento,45,https://www.transfermarkt.us/tino-livramento/profil/spieler/503981,https://www.transfermarkt.us/england/startseite/verein/3299,2026-06-12
England,Jordan Henderson,1.2,https://www.transfermarkt.us/jordan-henderson/profil/spieler/61651,https://www.transfermarkt.us/england/startseite/verein/3299,2026-06-12
England,Declan Rice,120,https://www.transfermarkt.us/declan-rice/profil/spieler/357662,https://www.transfermarkt.us/england/startseite/verein/3299,2026-06-12
England,Elliot Anderson,75,https://www.transfermarkt.us/elliot-anderson/profil/spieler/567576,https://www.transfermarkt.us/england/startseite/verein/3299,2026-06-12
England,Kobbie Mainoo,70,https://www.transfermarkt.us/kobbie-mainoo/profil/spieler/820374,https://www.transfermarkt.us/england/startseite/verein/3299,2026-06-12
England,Jude Bellingham,130,https://www.transfermarkt.us/jude-bellingham/profil/spieler/581678,https://www.transfermarkt.us/england/startseite/verein/3299,2026-06-12
England,Morgan Rogers,90,https://www.transfermarkt.us/morgan-rogers/profil/spieler/503743,https://www.transfermarkt.us/england/startseite/verein/3299,2026-06-12
England,Eberechi Eze,65,https://www.transfermarkt.us/eberechi-eze/profil/spieler/479999,https://www.transfermarkt.us/england/startseite/verein/3299,2026-06-12
England,Anthony Gordon,65,https://www.transfermarkt.us/anthony-gordon/profil/spieler/503733,https://www.transfermarkt.us/england/startseite/verein/3299,2026-06-12
England,Marcus Rashford,40,https://www.transfermarkt.us/marcus-rashford/profil/spieler/258923,https://www.transfermarkt.us/england/startseite/verein/3299,2026-06-12
England,Bukayo Saka,110,https://www.transfermarkt.us/bukayo-saka/profil/spieler/433177,https://www.transfermarkt.us/england/startseite/verein/3299,2026-06-12
England,Noni Madueke,50,https://www.transfermarkt.us/noni-madueke/profil/spieler/503987,https://www.transfermarkt.us/england/startseite/verein/3299,2026-06-12
England,Ollie Watkins,25,https://www.transfermarkt.us/ollie-watkins/profil/spieler/324358,https://www.transfermarkt.us/england/startseite/verein/3299,2026-06-12
England,Ivan Toney,20,https://www.transfermarkt.us/ivan-toney/profil/spieler/251664,https://www.transfermarkt.us/england/startseite/verein/3299,2026-06-12
Spain,Joan García,45,https://www.transfermarkt.us/joan-garcia/profil/spieler/561613,https://www.transfermarkt.us/spanien/startseite/verein/3375,2026-06-12
Spain,David Raya,30,https://www.transfermarkt.us/david-raya/profil/spieler/262749,https://www.transfermarkt.us/spanien/startseite/verein/3375,2026-06-12
Spain,Unai Simón,22,https://www.transfermarkt.us/unai-simon/profil/spieler/262396,https://www.transfermarkt.us/spanien/startseite/verein/3375,2026-06-12
Spain,Pau Cubarsí,80,https://www.transfermarkt.us/pau-cubarsi/profil/spieler/962110,https://www.transfermarkt.us/spanien/startseite/verein/3375,2026-06-12
Spain,Eric García,40,https://www.transfermarkt.us/eric-garcia/profil/spieler/466794,https://www.transfermarkt.us/spanien/startseite/verein/3375,2026-06-12
Spain,Marc Pubill,35,https://www.transfermarkt.us/marc-pubill/profil/spieler/844637,https://www.transfermarkt.us/spanien/startseite/verein/3375,2026-06-12
Spain,Aymeric Laporte,8,https://www.transfermarkt.us/aymeric-laporte/profil/spieler/176553,https://www.transfermarkt.us/spanien/startseite/verein/3375,2026-06-12
Spain,Marc Cucurella,50,https://www.transfermarkt.us/marc-cucurella/profil/spieler/284857,https://www.transfermarkt.us/spanien/startseite/verein/3375,2026-06-12
Spain,Alejandro Grimaldo,20,https://www.transfermarkt.us/alejandro-grimaldo/profil/spieler/193082,https://www.transfermarkt.us/spanien/startseite/verein/3375,2026-06-12
Spain,Pedro Porro,35,https://www.transfermarkt.us/pedro-porro/profil/spieler/553875,https://www.transfermarkt.us/spanien/startseite/verein/3375,2026-06-12
Spain,Marcos Llorente,20,https://www.transfermarkt.us/marcos-llorente/profil/spieler/282411,https://www.transfermarkt.us/spanien/startseite/verein/3375,2026-06-12
Spain,Martín Zubimendi,75,https://www.transfermarkt.us/martin-zubimendi/profil/spieler/423440,https://www.transfermarkt.us/spanien/startseite/verein/3375,2026-06-12
Spain,Pedri,150,https://www.transfermarkt.us/pedri/profil/spieler/683840,https://www.transfermarkt.us/spanien/startseite/verein/3375,2026-06-12
Spain,Fabián Ruiz,30,https://www.transfermarkt.us/fabian-ruiz/profil/spieler/350219,https://www.transfermarkt.us/spanien/startseite/verein/3375,2026-06-12
Spain,Gavi,30,https://www.transfermarkt.us/gavi/profil/spieler/646740,https://www.transfermarkt.us/spanien/startseite/verein/3375,2026-06-12
Spain,Mikel Merino,25,https://www.transfermarkt.us/mikel-merino/profil/spieler/338424,https://www.transfermarkt.us/spanien/startseite/verein/3375,2026-06-12
Spain,Dani Olmo,60,https://www.transfermarkt.us/dani-olmo/profil/spieler/293385,https://www.transfermarkt.us/spanien/startseite/verein/3375,2026-06-12
Spain,Álex Baena,40,https://www.transfermarkt.us/alex-baena/profil/spieler/548111,https://www.transfermarkt.us/spanien/startseite/verein/3375,2026-06-12
Spain,Nico Williams,40,https://www.transfermarkt.us/nico-williams/profil/spieler/709187,https://www.transfermarkt.us/spanien/startseite/verein/3375,2026-06-12
Spain,Víctor Muñoz,30,https://www.transfermarkt.us/victor-munoz/profil/spieler/935231,https://www.transfermarkt.us/spanien/startseite/verein/3375,2026-06-12
Spain,Lamine Yamal,200,https://www.transfermarkt.us/lamine-yamal/profil/spieler/937958,https://www.transfermarkt.us/spanien/startseite/verein/3375,2026-06-12
Spain,Yéremy Pino,30,https://www.transfermarkt.us/yeremy-pino/profil/spieler/568157,https://www.transfermarkt.us/spanien/startseite/verein/3375,2026-06-12
Spain,Ferran Torres,50,https://www.transfermarkt.us/ferran-torres/profil/spieler/398184,https://www.transfermarkt.us/spanien/startseite/verein/3375,2026-06-12
Spain,Mikel Oyarzabal,25,https://www.transfermarkt.us/mikel-oyarzabal/profil/spieler/351478,https://www.transfermarkt.us/spanien/startseite/verein/3375,2026-06-12
Spain,Borja Iglesias,2.8,https://www.transfermarkt.us/borja-iglesias/profil/spieler/278359,https://www.transfermarkt.us/spanien/startseite/verein/3375,2026-06-12
Portugal,Diogo Costa,40,https://www.transfermarkt.us/diogo-costa/profil/spieler/357153,https://www.transfermarkt.us/portugal/startseite/verein/3300,2026-06-12
Portugal,Rui Silva,7,https://www.transfermarkt.us/rui-silva/profil/spieler/234811,https://www.transfermarkt.us/portugal/startseite/verein/3300,2026-06-12
Portugal,José Sá,3.5,https://www.transfermarkt.us/jose-sa/profil/spieler/249994,https://www.transfermarkt.us/portugal/startseite/verein/3300,2026-06-12
Portugal,Rúben Dias,55,https://www.transfermarkt.us/ruben-dias/profil/spieler/258004,https://www.transfermarkt.us/portugal/startseite/verein/3300,2026-06-12
Portugal,Gonçalo Inácio,40,https://www.transfermarkt.us/goncalo-inacio/profil/spieler/549006,https://www.transfermarkt.us/portugal/startseite/verein/3300,2026-06-12
Portugal,Tomás Araújo,30,https://www.transfermarkt.us/tomas-araujo/profil/spieler/504087,https://www.transfermarkt.us/portugal/startseite/verein/3300,2026-06-12
Portugal,Renato Veiga,25,https://www.transfermarkt.us/renato-veiga/profil/spieler/805714,https://www.transfermarkt.us/portugal/startseite/verein/3300,2026-06-12
Portugal,Nuno Mendes,80,https://www.transfermarkt.us/nuno-mendes/profil/spieler/616341,https://www.transfermarkt.us/portugal/startseite/verein/3300,2026-06-12
Portugal,Matheus Nunes,50,https://www.transfermarkt.us/matheus-nunes/profil/spieler/601883,https://www.transfermarkt.us/portugal/startseite/verein/3300,2026-06-12
Portugal,Diogo Dalot,30,https://www.transfermarkt.us/diogo-dalot/profil/spieler/357147,https://www.transfermarkt.us/portugal/startseite/verein/3300,2026-06-12
Portugal,João Cancelo,8,https://www.transfermarkt.us/joao-cancelo/profil/spieler/182712,https://www.transfermarkt.us/portugal/startseite/verein/3300,2026-06-12
Portugal,Nélson Semedo,6,https://www.transfermarkt.us/nelson-semedo/profil/spieler/231572,https://www.transfermarkt.us/portugal/startseite/verein/3300,2026-06-12
Portugal,Vitinha,140,https://www.transfermarkt.us/vitinha/profil/spieler/487469,https://www.transfermarkt.us/portugal/startseite/verein/3300,2026-06-12
Portugal,Rúben Neves,25,https://www.transfermarkt.us/ruben-neves/profil/spieler/225161,https://www.transfermarkt.us/portugal/startseite/verein/3300,2026-06-12
Portugal,Samú Costa,15,https://www.transfermarkt.us/samu-costa/profil/spieler/657430,https://www.transfermarkt.us/portugal/startseite/verein/3300,2026-06-12
Portugal,João Neves,140,https://www.transfermarkt.us/joao-neves/profil/spieler/670681,https://www.transfermarkt.us/portugal/startseite/verein/3300,2026-06-12
Portugal,Francisco Trincão,40,https://www.transfermarkt.us/francisco-trincao/profil/spieler/412669,https://www.transfermarkt.us/portugal/startseite/verein/3300,2026-06-12
Portugal,Bruno Fernandes,35,https://www.transfermarkt.us/bruno-fernandes/profil/spieler/240306,https://www.transfermarkt.us/portugal/startseite/verein/3300,2026-06-12
Portugal,Bernardo Silva,22,https://www.transfermarkt.us/bernardo-silva/profil/spieler/241641,https://www.transfermarkt.us/portugal/startseite/verein/3300,2026-06-12
Portugal,Rafael Leão,50,https://www.transfermarkt.us/rafael-leao/profil/spieler/357164,https://www.transfermarkt.us/portugal/startseite/verein/3300,2026-06-12
Portugal,Gonçalo Guedes,6,https://www.transfermarkt.us/goncalo-guedes/profil/spieler/225122,https://www.transfermarkt.us/portugal/startseite/verein/3300,2026-06-12
Portugal,Pedro Neto,60,https://www.transfermarkt.us/pedro-neto/profil/spieler/487465,https://www.transfermarkt.us/portugal/startseite/verein/3300,2026-06-12
Portugal,Francisco Conceição,30,https://www.transfermarkt.us/francisco-conceicao/profil/spieler/487474,https://www.transfermarkt.us/portugal/startseite/verein/3300,2026-06-12
Portugal,João Félix,28,https://www.transfermarkt.us/joao-felix/profil/spieler/462250,https://www.transfermarkt.us/portugal/startseite/verein/3300,2026-06-12
Portugal,Gonçalo Ramos,30,https://www.transfermarkt.us/goncalo-ramos/profil/spieler/550550,https://www.transfermarkt.us/portugal/startseite/verein/3300,2026-06-12
Germany,Alexander Nübel,12,https://www.transfermarkt.us/alexander-nubel/profil/spieler/195778,https://www.transfermarkt.us/deutschland/startseite/verein/3262,2026-06-12
Germany,Manuel Neuer,4,https://www.transfermarkt.us/manuel-neuer/profil/spieler/17259,https://www.transfermarkt.us/deutschland/startseite/verein/3262,2026-06-12
Germany,Oliver Baumann,2.5,https://www.transfermarkt.us/oliver-baumann/profil/spieler/55089,https://www.transfermarkt.us/deutschland/startseite/verein/3262,2026-06-12
Germany,Nico Schlotterbeck,55,https://www.transfermarkt.us/nico-schlotterbeck/profil/spieler/388198,https://www.transfermarkt.us/deutschland/startseite/verein/3262,2026-06-12
Germany,Malick Thiaw,45,https://www.transfermarkt.us/malick-thiaw/profil/spieler/521964,https://www.transfermarkt.us/deutschland/startseite/verein/3262,2026-06-12
Germany,Jonathan Tah,28,https://www.transfermarkt.us/jonathan-tah/profil/spieler/196357,https://www.transfermarkt.us/deutschland/startseite/verein/3262,2026-06-12
Germany,Waldemar Anton,18,https://www.transfermarkt.us/waldemar-anton/profil/spieler/193004,https://www.transfermarkt.us/deutschland/startseite/verein/3262,2026-06-12
Germany,Antonio Rüdiger,6,https://www.transfermarkt.us/antonio-rudiger/profil/spieler/86202,https://www.transfermarkt.us/deutschland/startseite/verein/3262,2026-06-12
Germany,Nathaniel Brown,40,https://www.transfermarkt.us/nathaniel-brown/profil/spieler/691892,https://www.transfermarkt.us/deutschland/startseite/verein/3262,2026-06-12
Germany,David Raum,25,https://www.transfermarkt.us/david-raum/profil/spieler/318204,https://www.transfermarkt.us/deutschland/startseite/verein/3262,2026-06-12
Germany,Aleksandar Pavlovic,90,https://www.transfermarkt.us/aleksandar-pavlovic/profil/spieler/792380,https://www.transfermarkt.us/deutschland/startseite/verein/3262,2026-06-12
Germany,Angelo Stiller,45,https://www.transfermarkt.us/angelo-stiller/profil/spieler/443710,https://www.transfermarkt.us/deutschland/startseite/verein/3262,2026-06-12
Germany,Felix Nmecha,50,https://www.transfermarkt.us/felix-nmecha/profil/spieler/406640,https://www.transfermarkt.us/deutschland/startseite/verein/3262,2026-06-12
Germany,Assan Ouédraogo,28,https://www.transfermarkt.us/assan-ouedraogo/profil/spieler/897424,https://www.transfermarkt.us/deutschland/startseite/verein/3262,2026-06-12
Germany,Nadiem Amiri,17,https://www.transfermarkt.us/nadiem-amiri/profil/spieler/232454,https://www.transfermarkt.us/deutschland/startseite/verein/3262,2026-06-12
Germany,Leon Goretzka,12,https://www.transfermarkt.us/leon-goretzka/profil/spieler/153084,https://www.transfermarkt.us/deutschland/startseite/verein/3262,2026-06-12
Germany,Pascal Groß,2.5,https://www.transfermarkt.us/pascal-gross/profil/spieler/82873,https://www.transfermarkt.us/deutschland/startseite/verein/3262,2026-06-12
Germany,Jamal Musiala,100,https://www.transfermarkt.us/jamal-musiala/profil/spieler/580195,https://www.transfermarkt.us/deutschland/startseite/verein/3262,2026-06-12
Germany,Florian Wirtz,100,https://www.transfermarkt.us/florian-wirtz/profil/spieler/598577,https://www.transfermarkt.us/deutschland/startseite/verein/3262,2026-06-12
Germany,Jamie Leweling,40,https://www.transfermarkt.us/jamie-leweling/profil/spieler/518505,https://www.transfermarkt.us/deutschland/startseite/verein/3262,2026-06-12
Germany,Leroy Sané,20,https://www.transfermarkt.us/leroy-sane/profil/spieler/192565,https://www.transfermarkt.us/deutschland/startseite/verein/3262,2026-06-12
Germany,Kai Havertz,55,https://www.transfermarkt.us/kai-havertz/profil/spieler/309400,https://www.transfermarkt.us/deutschland/startseite/verein/3262,2026-06-12
Germany,Nick Woltemade,55,https://www.transfermarkt.us/nick-woltemade/profil/spieler/455661,https://www.transfermarkt.us/deutschland/startseite/verein/3262,2026-06-12
Germany,Maximilian Beier,40,https://www.transfermarkt.us/maximilian-beier/profil/spieler/578392,https://www.transfermarkt.us/deutschland/startseite/verein/3262,2026-06-12
Germany,Deniz Undav,22,https://www.transfermarkt.us/deniz-undav/profil/spieler/339314,https://www.transfermarkt.us/deutschland/startseite/verein/3262,2026-06-12
Brazil,Alisson,15,https://www.transfermarkt.us/alisson/profil/spieler/105470,https://www.transfermarkt.us/brasilien/startseite/verein/3439,2026-06-12
Brazil,Ederson,10,https://www.transfermarkt.us/ederson/profil/spieler/238223,https://www.transfermarkt.us/brasilien/startseite/verein/3439,2026-06-12
Brazil,Weverton,0.7,https://www.transfermarkt.us/weverton/profil/spieler/69400,https://www.transfermarkt.us/brasilien/startseite/verein/3439,2026-06-12
Brazil,Gabriel,75,https://www.transfermarkt.us/gabriel/profil/spieler/435338,https://www.transfermarkt.us/brasilien/startseite/verein/3439,2026-06-12
Brazil,Bremer,35,https://www.transfermarkt.us/bremer/profil/spieler/516716,https://www.transfermarkt.us/brasilien/startseite/verein/3439,2026-06-12
Brazil,Roger Ibañez,18,https://www.transfermarkt.us/roger-ibanez/profil/spieler/524481,https://www.transfermarkt.us/brasilien/startseite/verein/3439,2026-06-12
Brazil,Léo Pereira,12,https://www.transfermarkt.us/leo-pereira/profil/spieler/288431,https://www.transfermarkt.us/brasilien/startseite/verein/3439,2026-06-12
Brazil,Danilo,2,https://www.transfermarkt.us/danilo/profil/spieler/145707,https://www.transfermarkt.us/brasilien/startseite/verein/3439,2026-06-12
Brazil,Douglas Santos,7.5,https://www.transfermarkt.us/douglas-santos/profil/spieler/220793,https://www.transfermarkt.us/brasilien/startseite/verein/3439,2026-06-12
Brazil,Alex Sandro,1,https://www.transfermarkt.us/alex-sandro/profil/spieler/79960,https://www.transfermarkt.us/brasilien/startseite/verein/3439,2026-06-12
Brazil,Fabinho,12,https://www.transfermarkt.us/fabinho/profil/spieler/225693,https://www.transfermarkt.us/brasilien/startseite/verein/3439,2026-06-12
Brazil,Casemiro,6,https://www.transfermarkt.us/casemiro/profil/spieler/16306,https://www.transfermarkt.us/brasilien/startseite/verein/3439,2026-06-12
Brazil,Bruno Guimarães,70,https://www.transfermarkt.us/bruno-guimaraes/profil/spieler/520624,https://www.transfermarkt.us/brasilien/startseite/verein/3439,2026-06-12
Brazil,Éderson,45,https://www.transfermarkt.us/ederson/profil/spieler/607854,https://www.transfermarkt.us/brasilien/startseite/verein/3439,2026-06-12
Brazil,Danilo,32,https://www.transfermarkt.us/danilo/profil/spieler/808509,https://www.transfermarkt.us/brasilien/startseite/verein/3439,2026-06-12
Brazil,Lucas Paquetá,32,https://www.transfermarkt.us/lucas-paqueta/profil/spieler/444523,https://www.transfermarkt.us/brasilien/startseite/verein/3439,2026-06-12
Brazil,Neymar,8,https://www.transfermarkt.us/neymar/profil/spieler/68290,https://www.transfermarkt.us/brasilien/startseite/verein/3439,2026-06-12
Brazil,Vinicius Junior,140,https://www.transfermarkt.us/vinicius-junior/profil/spieler/371998,https://www.transfermarkt.us/brasilien/startseite/verein/3439,2026-06-12
Brazil,Matheus Cunha,75,https://www.transfermarkt.us/matheus-cunha/profil/spieler/517894,https://www.transfermarkt.us/brasilien/startseite/verein/3439,2026-06-12
Brazil,Raphinha,70,https://www.transfermarkt.us/raphinha/profil/spieler/411295,https://www.transfermarkt.us/brasilien/startseite/verein/3439,2026-06-12
Brazil,Gabriel Martinelli,45,https://www.transfermarkt.us/gabriel-martinelli/profil/spieler/655488,https://www.transfermarkt.us/brasilien/startseite/verein/3439,2026-06-12
Brazil,Rayan,60,https://www.transfermarkt.us/rayan/profil/spieler/1012564,https://www.transfermarkt.us/brasilien/startseite/verein/3439,2026-06-12
Brazil,Luiz Henrique,24,https://www.transfermarkt.us/luiz-henrique/profil/spieler/800175,https://www.transfermarkt.us/brasilien/startseite/verein/3439,2026-06-12
Brazil,Igor Thiago,65,https://www.transfermarkt.us/igor-thiago/profil/spieler/739443,https://www.transfermarkt.us/brasilien/startseite/verein/3439,2026-06-12
Brazil,Endrick,40,https://www.transfermarkt.us/endrick/profil/spieler/971570,https://www.transfermarkt.us/brasilien/startseite/verein/3439,2026-06-12
Argentina,Emiliano Martínez,12,https://www.transfermarkt.us/emiliano-martinez/profil/spieler/111873,https://www.transfermarkt.us/argentinien/startseite/verein/3437,2026-06-12
Argentina,Gerónimo Rulli,6,https://www.transfermarkt.us/geronimo-rulli/profil/spieler/229604,https://www.transfermarkt.us/argentinien/startseite/verein/3437,2026-06-12
Argentina,Juan Musso,3,https://www.transfermarkt.us/juan-musso/profil/spieler/242359,https://www.transfermarkt.us/argentinien/startseite/verein/3437,2026-06-12
Argentina,Cristian Romero,45,https://www.transfermarkt.us/cristian-romero/profil/spieler/355915,https://www.transfermarkt.us/argentinien/startseite/verein/3437,2026-06-12
Argentina,Lisandro Martínez,40,https://www.transfermarkt.us/lisandro-martinez/profil/spieler/480762,https://www.transfermarkt.us/argentinien/startseite/verein/3437,2026-06-12
Argentina,Marcos Senesi,25,https://www.transfermarkt.us/marcos-senesi/profil/spieler/469781,https://www.transfermarkt.us/argentinien/startseite/verein/3437,2026-06-12
Argentina,Facundo Medina,18,https://www.transfermarkt.us/facundo-medina/profil/spieler/474800,https://www.transfermarkt.us/argentinien/startseite/verein/3437,2026-06-12
Argentina,Nicolás Otamendi,1,https://www.transfermarkt.us/nicolas-otamendi/profil/spieler/54781,https://www.transfermarkt.us/argentinien/startseite/verein/3437,2026-06-12
Argentina,Nicolás Tagliafico,4,https://www.transfermarkt.us/nicolas-tagliafico/profil/spieler/131225,https://www.transfermarkt.us/argentinien/startseite/verein/3437,2026-06-12
Argentina,Nahuel Molina,15,https://www.transfermarkt.us/nahuel-molina/profil/spieler/424042,https://www.transfermarkt.us/argentinien/startseite/verein/3437,2026-06-12
Argentina,Gonzalo Montiel,4.5,https://www.transfermarkt.us/gonzalo-montiel/profil/spieler/402733,https://www.transfermarkt.us/argentinien/startseite/verein/3437,2026-06-12
Argentina,Leandro Paredes,5,https://www.transfermarkt.us/leandro-paredes/profil/spieler/166237,https://www.transfermarkt.us/argentinien/startseite/verein/3437,2026-06-12
Argentina,Enzo Fernández,90,https://www.transfermarkt.us/enzo-fernandez/profil/spieler/648195,https://www.transfermarkt.us/argentinien/startseite/verein/3437,2026-06-12
Argentina,Alexis Mac Allister,70,https://www.transfermarkt.us/alexis-mac-allister/profil/spieler/534033,https://www.transfermarkt.us/argentinien/startseite/verein/3437,2026-06-12
Argentina,Valentín Barco,40,https://www.transfermarkt.us/valentin-barco/profil/spieler/849410,https://www.transfermarkt.us/argentinien/startseite/verein/3437,2026-06-12
Argentina,Exequiel Palacios,25,https://www.transfermarkt.us/exequiel-palacios/profil/spieler/401578,https://www.transfermarkt.us/argentinien/startseite/verein/3437,2026-06-12
Argentina,Rodrigo De Paul,14,https://www.transfermarkt.us/rodrigo-de-paul/profil/spieler/255901,https://www.transfermarkt.us/argentinien/startseite/verein/3437,2026-06-12
Argentina,Nico Paz,80,https://www.transfermarkt.us/nico-paz/profil/spieler/948294,https://www.transfermarkt.us/argentinien/startseite/verein/3437,2026-06-12
Argentina,Giovani Lo Celso,8,https://www.transfermarkt.us/giovani-lo-celso/profil/spieler/348795,https://www.transfermarkt.us/argentinien/startseite/verein/3437,2026-06-12
Argentina,Nico González,22,https://www.transfermarkt.us/nico-gonzalez/profil/spieler/486031,https://www.transfermarkt.us/argentinien/startseite/verein/3437,2026-06-12
Argentina,Thiago Almada,15,https://www.transfermarkt.us/thiago-almada/profil/spieler/576028,https://www.transfermarkt.us/argentinien/startseite/verein/3437,2026-06-12
Argentina,Giuliano Simeone,40,https://www.transfermarkt.us/giuliano-simeone/profil/spieler/742201,https://www.transfermarkt.us/argentinien/startseite/verein/3437,2026-06-12
Argentina,Julián Alvarez,100,https://www.transfermarkt.us/julian-alvarez/profil/spieler/576024,https://www.transfermarkt.us/argentinien/startseite/verein/3437,2026-06-12
Argentina,Lautaro Martínez,85,https://www.transfermarkt.us/lautaro-martinez/profil/spieler/406625,https://www.transfermarkt.us/argentinien/startseite/verein/3437,2026-06-12
Argentina,José Manuel López,25,https://www.transfermarkt.us/jose-manuel-lopez/profil/spieler/844797,https://www.transfermarkt.us/argentinien/startseite/verein/3437,2026-06-12
Netherlands,Robin Roefs,28,https://www.transfermarkt.us/robin-roefs/profil/spieler/646991,https://www.transfermarkt.us/niederlande/startseite/verein/3379,2026-06-12
Netherlands,Mark Flekken,6,https://www.transfermarkt.us/mark-flekken/profil/spieler/125714,https://www.transfermarkt.us/niederlande/startseite/verein/3379,2026-06-12
Netherlands,Micky van de Ven,50,https://www.transfermarkt.us/micky-van-de-ven/profil/spieler/557459,https://www.transfermarkt.us/niederlande/startseite/verein/3379,2026-06-12
Netherlands,Jan Paul van Hecke,45,https://www.transfermarkt.us/jan-paul-van-hecke/profil/spieler/576314,https://www.transfermarkt.us/niederlande/startseite/verein/3379,2026-06-12
Netherlands,Nathan Aké,12,https://www.transfermarkt.us/nathan-ake/profil/spieler/177476,https://www.transfermarkt.us/niederlande/startseite/verein/3379,2026-06-12
Netherlands,Jorrel Hato,40,https://www.transfermarkt.us/jorrel-hato/profil/spieler/904802,https://www.transfermarkt.us/niederlande/startseite/verein/3379,2026-06-12
Netherlands,Mats Wieffer,25,https://www.transfermarkt.us/mats-wieffer/profil/spieler/415381,https://www.transfermarkt.us/niederlande/startseite/verein/3379,2026-06-12
Netherlands,Denzel Dumfries,25,https://www.transfermarkt.us/denzel-dumfries/profil/spieler/321528,https://www.transfermarkt.us/niederlande/startseite/verein/3379,2026-06-12
Netherlands,Lutsharel Geertruida,20,https://www.transfermarkt.us/lutsharel-geertruida/profil/spieler/420210,https://www.transfermarkt.us/niederlande/startseite/verein/3379,2026-06-12
Netherlands,Ryan Gravenberch,80,https://www.transfermarkt.us/ryan-gravenberch/profil/spieler/478573,https://www.transfermarkt.us/niederlande/startseite/verein/3379,2026-06-12
Netherlands,Teun Koopmeiners,14,https://www.transfermarkt.us/teun-koopmeiners/profil/spieler/360518,https://www.transfermarkt.us/niederlande/startseite/verein/3379,2026-06-12
Netherlands,Marten de Roon,3.2,https://www.transfermarkt.us/marten-de-roon/profil/spieler/133179,https://www.transfermarkt.us/niederlande/startseite/verein/3379,2026-06-12
Netherlands,Tijjani Reijnders,50,https://www.transfermarkt.us/tijjani-reijnders/profil/spieler/460939,https://www.transfermarkt.us/niederlande/startseite/verein/3379,2026-06-12
Netherlands,Frenkie de Jong,35,https://www.transfermarkt.us/frenkie-de-jong/profil/spieler/326330,https://www.transfermarkt.us/niederlande/startseite/verein/3379,2026-06-12
Netherlands,Quinten Timber,25,https://www.transfermarkt.us/quinten-timber/profil/spieler/420213,https://www.transfermarkt.us/niederlande/startseite/verein/3379,2026-06-12
Netherlands,Justin Kluivert,25,https://www.transfermarkt.us/justin-kluivert/profil/spieler/330659,https://www.transfermarkt.us/niederlande/startseite/verein/3379,2026-06-12
Netherlands,Guus Til,15,https://www.transfermarkt.us/guus-til/profil/spieler/372267,https://www.transfermarkt.us/niederlande/startseite/verein/3379,2026-06-12
Netherlands,Cody Gakpo,60,https://www.transfermarkt.us/cody-gakpo/profil/spieler/434675,https://www.transfermarkt.us/niederlande/startseite/verein/3379,2026-06-12
Netherlands,Crysencio Summerville,35,https://www.transfermarkt.us/crysencio-summerville/profil/spieler/474701,https://www.transfermarkt.us/niederlande/startseite/verein/3379,2026-06-12
Netherlands,Noa Lang,22,https://www.transfermarkt.us/noa-lang/profil/spieler/339332,https://www.transfermarkt.us/niederlande/startseite/verein/3379,2026-06-12
Netherlands,Donyell Malen,45,https://www.transfermarkt.us/donyell-malen/profil/spieler/326029,https://www.transfermarkt.us/niederlande/startseite/verein/3379,2026-06-12
Netherlands,Brian Brobbey,30,https://www.transfermarkt.us/brian-brobbey/profil/spieler/473169,https://www.transfermarkt.us/niederlande/startseite/verein/3379,2026-06-12
Netherlands,Memphis Depay,7,https://www.transfermarkt.us/memphis-depay/profil/spieler/167850,https://www.transfermarkt.us/niederlande/startseite/verein/3379,2026-06-12
Netherlands,Wout Weghorst,2,https://www.transfermarkt.us/wout-weghorst/profil/spieler/228645,https://www.transfermarkt.us/niederlande/startseite/verein/3379,2026-06-12
Norway,Sander Tangvik,3,https://www.transfermarkt.us/sander-tangvik/profil/spieler/549378,https://www.transfermarkt.us/norwegen/startseite/verein/3440,2026-06-12
Norway,Egil Selvik,1.5,https://www.transfermarkt.us/egil-selvik/profil/spieler/380744,https://www.transfermarkt.us/norwegen/startseite/verein/3440,2026-06-12
Norway,Ørjan Nyland,0.8,https://www.transfermarkt.us/orjan-nyland/profil/spieler/73517,https://www.transfermarkt.us/norwegen/startseite/verein/3440,2026-06-12
Norway,Kristoffer Ajer,18,https://www.transfermarkt.us/kristoffer-ajer/profil/spieler/328658,https://www.transfermarkt.us/norwegen/startseite/verein/3440,2026-06-12
Norway,Leo Østigård,13,https://www.transfermarkt.us/leo-ostigard/profil/spieler/367284,https://www.transfermarkt.us/norwegen/startseite/verein/3440,2026-06-12
Norway,Torbjørn Heggem,13,https://www.transfermarkt.us/torbjorn-heggem/profil/spieler/464469,https://www.transfermarkt.us/norwegen/startseite/verein/3440,2026-06-12
Norway,Henrik Falchener,6,https://www.transfermarkt.us/henrik-falchener/profil/spieler/743088,https://www.transfermarkt.us/norwegen/startseite/verein/3440,2026-06-12
Norway,Sondre Langås,4,https://www.transfermarkt.us/sondre-langas/profil/spieler/737837,https://www.transfermarkt.us/norwegen/startseite/verein/3440,2026-06-12
Norway,David Møller Wolfe,8,https://www.transfermarkt.us/david-moller-wolfe/profil/spieler/661427,https://www.transfermarkt.us/norwegen/startseite/verein/3440,2026-06-12
Norway,Fredrik Bjørkan,3.5,https://www.transfermarkt.us/fredrik-bjorkan/profil/spieler/364938,https://www.transfermarkt.us/norwegen/startseite/verein/3440,2026-06-12
Norway,Julian Ryerson,25,https://www.transfermarkt.us/julian-ryerson/profil/spieler/370789,https://www.transfermarkt.us/norwegen/startseite/verein/3440,2026-06-12
Norway,Marcus Pedersen,3.5,https://www.transfermarkt.us/marcus-pedersen/profil/spieler/583404,https://www.transfermarkt.us/norwegen/startseite/verein/3440,2026-06-12
Norway,Sander Berge,25,https://www.transfermarkt.us/sander-berge/profil/spieler/333014,https://www.transfermarkt.us/norwegen/startseite/verein/3440,2026-06-12
Norway,Patrick Berg,8,https://www.transfermarkt.us/patrick-berg/profil/spieler/308439,https://www.transfermarkt.us/norwegen/startseite/verein/3440,2026-06-12
Norway,Fredrik Aursnes,15,https://www.transfermarkt.us/fredrik-aursnes/profil/spieler/223367,https://www.transfermarkt.us/norwegen/startseite/verein/3440,2026-06-12
Norway,Kristian Thorstvedt,12,https://www.transfermarkt.us/kristian-thorstvedt/profil/spieler/564785,https://www.transfermarkt.us/norwegen/startseite/verein/3440,2026-06-12
Norway,Morten Thorsby,2.8,https://www.transfermarkt.us/morten-thorsby/profil/spieler/226524,https://www.transfermarkt.us/norwegen/startseite/verein/3440,2026-06-12
Norway,Thelo Aasgaard,2.8,https://www.transfermarkt.us/thelo-aasgaard/profil/spieler/647384,https://www.transfermarkt.us/norwegen/startseite/verein/3440,2026-06-12
Norway,Antonio Nusa,32,https://www.transfermarkt.us/antonio-nusa/profil/spieler/894914,https://www.transfermarkt.us/norwegen/startseite/verein/3440,2026-06-12
Norway,Andreas Schjelderup,30,https://www.transfermarkt.us/andreas-schjelderup/profil/spieler/670103,https://www.transfermarkt.us/norwegen/startseite/verein/3440,2026-06-12
Norway,Jens Petter Hauge,12,https://www.transfermarkt.us/jens-petter-hauge/profil/spieler/422355,https://www.transfermarkt.us/norwegen/startseite/verein/3440,2026-06-12
Norway,Oscar Bobb,28,https://www.transfermarkt.us/oscar-bobb/profil/spieler/661207,https://www.transfermarkt.us/norwegen/startseite/verein/3440,2026-06-12
Norway,Erling Haaland,200,https://www.transfermarkt.us/erling-haaland/profil/spieler/418560,https://www.transfermarkt.us/norwegen/startseite/verein/3440,2026-06-12
Norway,Jørgen Strand Larsen,40,https://www.transfermarkt.us/jorgen-strand-larsen/profil/spieler/429983,https://www.transfermarkt.us/norwegen/startseite/verein/3440,2026-06-12
Norway,Alexander Sørloth,18,https://www.transfermarkt.us/alexander-sorloth/profil/spieler/238407,https://www.transfermarkt.us/norwegen/startseite/verein/3440,2026-06-12
Belgium,Senne Lammens,35,https://www.transfermarkt.us/senne-lammens/profil/spieler/503883,https://www.transfermarkt.us/belgien/startseite/verein/3382,2026-06-12
Belgium,Mike Penders,25,https://www.transfermarkt.us/mike-penders/profil/spieler/834397,https://www.transfermarkt.us/belgien/startseite/verein/3382,2026-06-12
Belgium,Thibaut Courtois,15,https://www.transfermarkt.us/thibaut-courtois/profil/spieler/108390,https://www.transfermarkt.us/belgien/startseite/verein/3382,2026-06-12
Belgium,Nathan Ngoy,25,https://www.transfermarkt.us/nathan-ngoy/profil/spieler/548254,https://www.transfermarkt.us/belgien/startseite/verein/3382,2026-06-12
Belgium,Koni De Winter,23,https://www.transfermarkt.us/koni-de-winter/profil/spieler/490384,https://www.transfermarkt.us/belgien/startseite/verein/3382,2026-06-12
Belgium,Arthur Theate,17,https://www.transfermarkt.us/arthur-theate/profil/spieler/368891,https://www.transfermarkt.us/belgien/startseite/verein/3382,2026-06-12
Belgium,Brandon Mechele,2.8,https://www.transfermarkt.us/brandon-mechele/profil/spieler/236168,https://www.transfermarkt.us/belgien/startseite/verein/3382,2026-06-12
Belgium,Maxim De Cuyper,22,https://www.transfermarkt.us/maxim-de-cuyper/profil/spieler/429915,https://www.transfermarkt.us/belgien/startseite/verein/3382,2026-06-12
Belgium,Joaquin Seys,20,https://www.transfermarkt.us/joaquin-seys/profil/spieler/981196,https://www.transfermarkt.us/belgien/startseite/verein/3382,2026-06-12
Belgium,Timothy Castagne,8,https://www.transfermarkt.us/timothy-castagne/profil/spieler/262226,https://www.transfermarkt.us/belgien/startseite/verein/3382,2026-06-12
Belgium,Thomas Meunier,1.5,https://www.transfermarkt.us/thomas-meunier/profil/spieler/100986,https://www.transfermarkt.us/belgien/startseite/verein/3382,2026-06-12
Belgium,Amadou Onana,45,https://www.transfermarkt.us/amadou-onana/profil/spieler/485706,https://www.transfermarkt.us/belgien/startseite/verein/3382,2026-06-12
Belgium,Nicolas Raskin,12,https://www.transfermarkt.us/nicolas-raskin/profil/spieler/422763,https://www.transfermarkt.us/belgien/startseite/verein/3382,2026-06-12
Belgium,Axel Witsel,1.2,https://www.transfermarkt.us/axel-witsel/profil/spieler/35047,https://www.transfermarkt.us/belgien/startseite/verein/3382,2026-06-12
Belgium,Alexis Saelemaekers,20,https://www.transfermarkt.us/alexis-saelemaekers/profil/spieler/381950,https://www.transfermarkt.us/belgien/startseite/verein/3382,2026-06-12
Belgium,Diego Moreira,25,https://www.transfermarkt.us/diego-moreira/profil/spieler/655006,https://www.transfermarkt.us/belgien/startseite/verein/3382,2026-06-12
Belgium,Charles De Ketelaere,30,https://www.transfermarkt.us/charles-de-ketelaere/profil/spieler/435772,https://www.transfermarkt.us/belgien/startseite/verein/3382,2026-06-12
Belgium,Kevin De Bruyne,8,https://www.transfermarkt.us/kevin-de-bruyne/profil/spieler/88755,https://www.transfermarkt.us/belgien/startseite/verein/3382,2026-06-12
Belgium,Hans Vanaken,5,https://www.transfermarkt.us/hans-vanaken/profil/spieler/137576,https://www.transfermarkt.us/belgien/startseite/verein/3382,2026-06-12
Belgium,Jérémy Doku,75,https://www.transfermarkt.us/jeremy-doku/profil/spieler/486049,https://www.transfermarkt.us/belgien/startseite/verein/3382,2026-06-12
Belgium,Leandro Trossard,18,https://www.transfermarkt.us/leandro-trossard/profil/spieler/144028,https://www.transfermarkt.us/belgien/startseite/verein/3382,2026-06-12
Belgium,Dodi Lukébakio,15,https://www.transfermarkt.us/dodi-lukebakio/profil/spieler/303259,https://www.transfermarkt.us/belgien/startseite/verein/3382,2026-06-12
Belgium,Matias Fernandez-Pardo,35,https://www.transfermarkt.us/matias-fernandez-pardo/profil/spieler/724129,https://www.transfermarkt.us/belgien/startseite/verein/3382,2026-06-12
Belgium,Romelu Lukaku,6,https://www.transfermarkt.us/romelu-lukaku/profil/spieler/96341,https://www.transfermarkt.us/belgien/startseite/verein/3382,2026-06-12
Cote d'Ivoire,Yahia Fofana,5,https://www.transfermarkt.us/yahia-fofana/profil/spieler/418651,https://www.transfermarkt.us/elfenbeinkuste/startseite/verein/3591,2026-06-12
Cote d'Ivoire,Alban Lafont,3,https://www.transfermarkt.us/alban-lafont/profil/spieler/357117,https://www.transfermarkt.us/elfenbeinkuste/startseite/verein/3591,2026-06-12
Cote d'Ivoire,Mohamed Koné,2,https://www.transfermarkt.us/mohamed-kone/profil/spieler/911985,https://www.transfermarkt.us/elfenbeinkuste/startseite/verein/3591,2026-06-12
Cote d'Ivoire,Ousmane Diomande,42,https://www.transfermarkt.us/ousmane-diomande/profil/spieler/974982,https://www.transfermarkt.us/elfenbeinkuste/startseite/verein/3591,2026-06-12
Cote d'Ivoire,Wilfried Singo,23,https://www.transfermarkt.us/wilfried-singo/profil/spieler/648779,https://www.transfermarkt.us/elfenbeinkuste/startseite/verein/3591,2026-06-12
Cote d'Ivoire,Emmanuel Agbadou,16,https://www.transfermarkt.us/emmanuel-agbadou/profil/spieler/683895,https://www.transfermarkt.us/elfenbeinkuste/startseite/verein/3591,2026-06-12
Cote d'Ivoire,Odilon Kossounou,15,https://www.transfermarkt.us/odilon-kossounou/profil/spieler/644771,https://www.transfermarkt.us/elfenbeinkuste/startseite/verein/3591,2026-06-12
Cote d'Ivoire,Christopher Operi,4,https://www.transfermarkt.us/christopher-operi/profil/spieler/469976,https://www.transfermarkt.us/elfenbeinkuste/startseite/verein/3591,2026-06-12
Cote d'Ivoire,Ghislain Konan,3,https://www.transfermarkt.us/ghislain-konan/profil/spieler/422850,https://www.transfermarkt.us/elfenbeinkuste/startseite/verein/3591,2026-06-12
Cote d'Ivoire,Guéla Doué,20,https://www.transfermarkt.us/guela-doue/profil/spieler/711980,https://www.transfermarkt.us/elfenbeinkuste/startseite/verein/3591,2026-06-12
Cote d'Ivoire,Ibrahim Sangaré,20,https://www.transfermarkt.us/ibrahim-sangare/profil/spieler/375885,https://www.transfermarkt.us/elfenbeinkuste/startseite/verein/3591,2026-06-12
Cote d'Ivoire,Jean Michaël Seri,0.1,https://www.transfermarkt.us/jean-michael-seri/profil/spieler/178614,https://www.transfermarkt.us/elfenbeinkuste/startseite/verein/3591,2026-06-12
Cote d'Ivoire,Christ Inao Oulaï,23,https://www.transfermarkt.us/christ-inao-oulai/profil/spieler/1279526,https://www.transfermarkt.us/elfenbeinkuste/startseite/verein/3591,2026-06-12
Cote d'Ivoire,Seko Fofana,8,https://www.transfermarkt.us/seko-fofana/profil/spieler/182893,https://www.transfermarkt.us/elfenbeinkuste/startseite/verein/3591,2026-06-12
Cote d'Ivoire,Yan Diomande,90,https://www.transfermarkt.us/yan-diomande/profil/spieler/1390649,https://www.transfermarkt.us/elfenbeinkuste/startseite/verein/3591,2026-06-12
Cote d'Ivoire,Bazoumana Touré,40,https://www.transfermarkt.us/bazoumana-toure/profil/spieler/1067904,https://www.transfermarkt.us/elfenbeinkuste/startseite/verein/3591,2026-06-12
Cote d'Ivoire,Simon Adingra,22,https://www.transfermarkt.us/simon-adingra/profil/spieler/658536,https://www.transfermarkt.us/elfenbeinkuste/startseite/verein/3591,2026-06-12
Cote d'Ivoire,Parfait Guiagon,5,https://www.transfermarkt.us/parfait-guiagon/profil/spieler/624913,https://www.transfermarkt.us/elfenbeinkuste/startseite/verein/3591,2026-06-12
Cote d'Ivoire,Amad Diallo,45,https://www.transfermarkt.us/amad-diallo/profil/spieler/536835,https://www.transfermarkt.us/elfenbeinkuste/startseite/verein/3591,2026-06-12
Cote d'Ivoire,Evann Guessand,25,https://www.transfermarkt.us/evann-guessand/profil/spieler/500689,https://www.transfermarkt.us/elfenbeinkuste/startseite/verein/3591,2026-06-12
Cote d'Ivoire,Nicolas Pépé,6,https://www.transfermarkt.us/nicolas-pepe/profil/spieler/343052,https://www.transfermarkt.us/elfenbeinkuste/startseite/verein/3591,2026-06-12
Cote d'Ivoire,Ange-Yoan Bonny,35,https://www.transfermarkt.us/ange-yoan-bonny/profil/spieler/827734,https://www.transfermarkt.us/elfenbeinkuste/startseite/verein/3591,2026-06-12
Cote d'Ivoire,Elye Wahi,18,https://www.transfermarkt.us/elye-wahi/profil/spieler/659542,https://www.transfermarkt.us/elfenbeinkuste/startseite/verein/3591,2026-06-12
Cote d'Ivoire,Oumar Diakité,5,https://www.transfermarkt.us/oumar-diakite/profil/spieler/847279,https://www.transfermarkt.us/elfenbeinkuste/startseite/verein/3591,2026-06-12
Senegal,Yehvann Diouf,7,https://www.transfermarkt.us/yehvann-diouf/profil/spieler/448632,https://www.transfermarkt.us/senegal/startseite/verein/3499,2026-06-12
Senegal,Edouard Mendy,4,https://www.transfermarkt.us/edouard-mendy/profil/spieler/442531,https://www.transfermarkt.us/senegal/startseite/verein/3499,2026-06-12
Senegal,Mory Diaw,0.9,https://www.transfermarkt.us/mory-diaw/profil/spieler/164904,https://www.transfermarkt.us/senegal/startseite/verein/3499,2026-06-12
Senegal,Mamadou Sarr,22,https://www.transfermarkt.us/mamadou-sarr/profil/spieler/910905,https://www.transfermarkt.us/senegal/startseite/verein/3499,2026-06-12
Senegal,Moussa Niakhaté,15,https://www.transfermarkt.us/moussa-niakhate/profil/spieler/291200,https://www.transfermarkt.us/senegal/startseite/verein/3499,2026-06-12
Senegal,Antoine Mendy,10,https://www.transfermarkt.us/antoine-mendy/profil/spieler/891998,https://www.transfermarkt.us/senegal/startseite/verein/3499,2026-06-12
Senegal,Abdoulaye Seck,0.4,https://www.transfermarkt.us/abdoulaye-seck/profil/spieler/265383,https://www.transfermarkt.us/senegal/startseite/verein/3499,2026-06-12
Senegal,El Hadji Malick Diouf,28,https://www.transfermarkt.us/el-hadji-malick-diouf/profil/spieler/1111589,https://www.transfermarkt.us/senegal/startseite/verein/3499,2026-06-12
Senegal,Ismail Jakobs,8,https://www.transfermarkt.us/ismail-jakobs/profil/spieler/375137,https://www.transfermarkt.us/senegal/startseite/verein/3499,2026-06-12
Senegal,Idrissa Gueye,0.5,https://www.transfermarkt.us/idrissa-gueye/profil/spieler/126665,https://www.transfermarkt.us/senegal/startseite/verein/3499,2026-06-12
Senegal,Lamine Camara,40,https://www.transfermarkt.us/lamine-camara/profil/spieler/918969,https://www.transfermarkt.us/senegal/startseite/verein/3499,2026-06-12
Senegal,Pape Gueye,40,https://www.transfermarkt.us/pape-gueye/profil/spieler/485963,https://www.transfermarkt.us/senegal/startseite/verein/3499,2026-06-12
Senegal,Habib Diarra,35,https://www.transfermarkt.us/habib-diarra/profil/spieler/876631,https://www.transfermarkt.us/senegal/startseite/verein/3499,2026-06-12
Senegal,Pape Matar Sarr,30,https://www.transfermarkt.us/pape-matar-sarr/profil/spieler/568693,https://www.transfermarkt.us/senegal/startseite/verein/3499,2026-06-12
Senegal,Bara Sapoko Ndiaye,4,https://www.transfermarkt.us/bara-sapoko-ndiaye/profil/spieler/1497653,https://www.transfermarkt.us/senegal/startseite/verein/3499,2026-06-12
Senegal,Pathé Ciss,1.8,https://www.transfermarkt.us/pathe-ciss/profil/spieler/525578,https://www.transfermarkt.us/senegal/startseite/verein/3499,2026-06-12
Senegal,Krépin Diatta,6,https://www.transfermarkt.us/krepin-diatta/profil/spieler/490426,https://www.transfermarkt.us/senegal/startseite/verein/3499,2026-06-12
Senegal,Assane Diao,30,https://www.transfermarkt.us/assane-diao/profil/spieler/1061282,https://www.transfermarkt.us/senegal/startseite/verein/3499,2026-06-12
Senegal,Sadio Mané,6,https://www.transfermarkt.us/sadio-mane/profil/spieler/200512,https://www.transfermarkt.us/senegal/startseite/verein/3499,2026-06-12
Senegal,Iliman Ndiaye,55,https://www.transfermarkt.us/iliman-ndiaye/profil/spieler/623570,https://www.transfermarkt.us/senegal/startseite/verein/3499,2026-06-12
Senegal,Ismaïla Sarr,40,https://www.transfermarkt.us/ismaila-sarr/profil/spieler/410225,https://www.transfermarkt.us/senegal/startseite/verein/3499,2026-06-12
Senegal,Ibrahim Mbaye,30,https://www.transfermarkt.us/ibrahim-mbaye/profil/spieler/1185888,https://www.transfermarkt.us/senegal/startseite/verein/3499,2026-06-12
Senegal,Nicolas Jackson,40,https://www.transfermarkt.us/nicolas-jackson/profil/spieler/776890,https://www.transfermarkt.us/senegal/startseite/verein/3499,2026-06-12
Senegal,Bamba Dieng,15,https://www.transfermarkt.us/bamba-dieng/profil/spieler/822458,https://www.transfermarkt.us/senegal/startseite/verein/3499,2026-06-12
Senegal,Cherif Ndiaye,5,https://www.transfermarkt.us/cherif-ndiaye/profil/spieler/480705,https://www.transfermarkt.us/senegal/startseite/verein/3499,2026-06-12
Türkiye,Uğurcan Çakır,15,https://www.transfermarkt.us/ugurcan-cakir/profil/spieler/292199,https://www.transfermarkt.us/turkei/startseite/verein/3381,2026-06-12
Türkiye,Altay Bayındır,5,https://www.transfermarkt.us/altay-bayindir/profil/spieler/336077,https://www.transfermarkt.us/turkei/startseite/verein/3381,2026-06-12
Türkiye,Mert Günok,0.5,https://www.transfermarkt.us/mert-gunok/profil/spieler/51894,https://www.transfermarkt.us/turkei/startseite/verein/3381,2026-06-12
Türkiye,Ozan Kabak,15,https://www.transfermarkt.us/ozan-kabak/profil/spieler/361260,https://www.transfermarkt.us/turkei/startseite/verein/3381,2026-06-12
Türkiye,Merih Demiral,12,https://www.transfermarkt.us/merih-demiral/profil/spieler/340879,https://www.transfermarkt.us/turkei/startseite/verein/3381,2026-06-12
Türkiye,Abdülkerim Bardakcı,6.5,https://www.transfermarkt.us/abdulkerim-bardakci/profil/spieler/199316,https://www.transfermarkt.us/turkei/startseite/verein/3381,2026-06-12
Türkiye,Çağlar Söyüncü,3.5,https://www.transfermarkt.us/caglar-soyuncu/profil/spieler/320141,https://www.transfermarkt.us/turkei/startseite/verein/3381,2026-06-12
Türkiye,Samet Akaydin,1.2,https://www.transfermarkt.us/samet-akaydin/profil/spieler/295024,https://www.transfermarkt.us/turkei/startseite/verein/3381,2026-06-12
Türkiye,Ferdi Kadıoğlu,35,https://www.transfermarkt.us/ferdi-kadioglu/profil/spieler/369316,https://www.transfermarkt.us/turkei/startseite/verein/3381,2026-06-12
Türkiye,Eren Elmalı,5,https://www.transfermarkt.us/eren-elmali/profil/spieler/616894,https://www.transfermarkt.us/turkei/startseite/verein/3381,2026-06-12
Türkiye,Zeki Çelik,14,https://www.transfermarkt.us/zeki-celik/profil/spieler/251075,https://www.transfermarkt.us/turkei/startseite/verein/3381,2026-06-12
Türkiye,Mert Müldür,7,https://www.transfermarkt.us/mert-muldur/profil/spieler/353922,https://www.transfermarkt.us/turkei/startseite/verein/3381,2026-06-12
Türkiye,İsmail Yüksek,15,https://www.transfermarkt.us/ismail-yuksek/profil/spieler/613725,https://www.transfermarkt.us/turkei/startseite/verein/3381,2026-06-12
Türkiye,Salih Özcan,3.5,https://www.transfermarkt.us/salih-ozcan/profil/spieler/244940,https://www.transfermarkt.us/turkei/startseite/verein/3381,2026-06-12
Türkiye,Kaan Ayhan,1.5,https://www.transfermarkt.us/kaan-ayhan/profil/spieler/119031,https://www.transfermarkt.us/turkei/startseite/verein/3381,2026-06-12
Türkiye,Orkun Kökçü,25,https://www.transfermarkt.us/orkun-kokcu/profil/spieler/454567,https://www.transfermarkt.us/turkei/startseite/verein/3381,2026-06-12
Türkiye,Arda Güler,90,https://www.transfermarkt.us/arda-guler/profil/spieler/861410,https://www.transfermarkt.us/turkei/startseite/verein/3381,2026-06-12
Türkiye,Can Uzun,45,https://www.transfermarkt.us/can-uzun/profil/spieler/816585,https://www.transfermarkt.us/turkei/startseite/verein/3381,2026-06-12
Türkiye,Barış Alper Yılmaz,30,https://www.transfermarkt.us/baris-alper-yilmaz/profil/spieler/541537,https://www.transfermarkt.us/turkei/startseite/verein/3381,2026-06-12
Türkiye,Kerem Aktürkoğlu,20,https://www.transfermarkt.us/kerem-akturkoglu/profil/spieler/382528,https://www.transfermarkt.us/turkei/startseite/verein/3381,2026-06-12
Türkiye,Yunus Akgün,18,https://www.transfermarkt.us/yunus-akgun/profil/spieler/396908,https://www.transfermarkt.us/turkei/startseite/verein/3381,2026-06-12
Türkiye,Oğuz Aydın,7,https://www.transfermarkt.us/oguz-aydin/profil/spieler/563749,https://www.transfermarkt.us/turkei/startseite/verein/3381,2026-06-12
Türkiye,İrfan Can Kahveci,3,https://www.transfermarkt.us/irfan-can-kahveci/profil/spieler/216603,https://www.transfermarkt.us/turkei/startseite/verein/3381,2026-06-12
Türkiye,Deniz Gül,5,https://www.transfermarkt.us/deniz-gul/profil/spieler/1063292,https://www.transfermarkt.us/turkei/startseite/verein/3381,2026-06-12
Morocco,Yassine Bounou,3,https://www.transfermarkt.us/yassine-bounou/profil/spieler/207834,https://www.transfermarkt.us/marokko/startseite/verein/3575,2026-06-12
Morocco,Ahmed Reda Tagnaouti,1,https://www.transfermarkt.us/ahmed-reda-tagnaouti/profil/spieler/238997,https://www.transfermarkt.us/marokko/startseite/verein/3575,2026-06-12
Morocco,Munir El Kajoui,0.6,https://www.transfermarkt.us/munir-el-kajoui/profil/spieler/97925,https://www.transfermarkt.us/marokko/startseite/verein/3575,2026-06-12
Morocco,Chadi Riad,15,https://www.transfermarkt.us/chadi-riad/profil/spieler/689637,https://www.transfermarkt.us/marokko/startseite/verein/3575,2026-06-12
Morocco,Issa Diop,8,https://www.transfermarkt.us/issa-diop/profil/spieler/272622,https://www.transfermarkt.us/marokko/startseite/verein/3575,2026-06-12
Morocco,Redouane Halhal,5,https://www.transfermarkt.us/redouane-halhal/profil/spieler/913660,https://www.transfermarkt.us/marokko/startseite/verein/3575,2026-06-12
Morocco,Marwane Saadane,0.4,https://www.transfermarkt.us/marwane-saadane/profil/spieler/210009,https://www.transfermarkt.us/marokko/startseite/verein/3575,2026-06-12
Morocco,Youssef Belammari,1.2,https://www.transfermarkt.us/youssef-belammari/profil/spieler/518804,https://www.transfermarkt.us/marokko/startseite/verein/3575,2026-06-12
Morocco,Zakaria El Ouahdi,17,https://www.transfermarkt.us/zakaria-el-ouahdi/profil/spieler/820474,https://www.transfermarkt.us/marokko/startseite/verein/3575,2026-06-12
Morocco,Sofyan Amrabat,10,https://www.transfermarkt.us/sofyan-amrabat/profil/spieler/287579,https://www.transfermarkt.us/marokko/startseite/verein/3575,2026-06-12
Morocco,Ayyoub Bouaddi,50,https://www.transfermarkt.us/ayyoub-bouaddi/profil/spieler/1097139,https://www.transfermarkt.us/marokko/startseite/verein/3575,2026-06-12
Morocco,Neil El Aynaoui,23,https://www.transfermarkt.us/neil-el-aynaoui/profil/spieler/901019,https://www.transfermarkt.us/marokko/startseite/verein/3575,2026-06-12
Morocco,Samir El Mourabet,22,https://www.transfermarkt.us/samir-el-mourabet/profil/spieler/1130514,https://www.transfermarkt.us/marokko/startseite/verein/3575,2026-06-12
Morocco,Azzedine Ounahi,10,https://www.transfermarkt.us/azzedine-ounahi/profil/spieler/593482,https://www.transfermarkt.us/marokko/startseite/verein/3575,2026-06-12
Morocco,Ismael Saibari,40,https://www.transfermarkt.us/ismael-saibari/profil/spieler/702869,https://www.transfermarkt.us/marokko/startseite/verein/3575,2026-06-12
Morocco,Bilal El Khannouss,35,https://www.transfermarkt.us/bilal-el-khannouss/profil/spieler/654982,https://www.transfermarkt.us/marokko/startseite/verein/3575,2026-06-12
Morocco,Soufiane Rahimi,6,https://www.transfermarkt.us/soufiane-rahimi/profil/spieler/598506,https://www.transfermarkt.us/marokko/startseite/verein/3575,2026-06-12
Morocco,Amine Sbaï,4,https://www.transfermarkt.us/amine-sbai/profil/spieler/851220,https://www.transfermarkt.us/marokko/startseite/verein/3575,2026-06-12
Morocco,Brahim Díaz,35,https://www.transfermarkt.us/brahim-diaz/profil/spieler/314678,https://www.transfermarkt.us/marokko/startseite/verein/3575,2026-06-12
Morocco,Chemsdine Talbi,25,https://www.transfermarkt.us/chemsdine-talbi/profil/spieler/743384,https://www.transfermarkt.us/marokko/startseite/verein/3575,2026-06-12
Morocco,Gessime Yassine,12,https://www.transfermarkt.us/gessime-yassine/profil/spieler/1151929,https://www.transfermarkt.us/marokko/startseite/verein/3575,2026-06-12
Morocco,Ayoube Amaimouni-Echghouyab,10,https://www.transfermarkt.us/ayoube-amaimouni-echghouyab/profil/spieler/799993,https://www.transfermarkt.us/marokko/startseite/verein/3575,2026-06-12
Morocco,Ayoub El Kaabi,4.5,https://www.transfermarkt.us/ayoub-el-kaabi/profil/spieler/521127,https://www.transfermarkt.us/marokko/startseite/verein/3575,2026-06-12
Sweden,Viktor Johansson,12,https://www.transfermarkt.us/viktor-johansson/profil/spieler/273742,https://www.transfermarkt.us/schweden/startseite/verein/3557,2026-06-12
Sweden,Jacob Widell Zetterström,2.5,https://www.transfermarkt.us/jacob-widell-zetterstrom/profil/spieler/549440,https://www.transfermarkt.us/schweden/startseite/verein/3557,2026-06-12
Sweden,Kristoffer Nordfeldt,0.18,https://www.transfermarkt.us/kristoffer-nordfeldt/profil/spieler/75890,https://www.transfermarkt.us/schweden/startseite/verein/3557,2026-06-12
Sweden,Isak Hien,22,https://www.transfermarkt.us/isak-hien/profil/spieler/503075,https://www.transfermarkt.us/schweden/startseite/verein/3557,2026-06-12
Sweden,Gustaf Lagerbielke,10,https://www.transfermarkt.us/gustaf-lagerbielke/profil/spieler/485395,https://www.transfermarkt.us/schweden/startseite/verein/3557,2026-06-12
Sweden,Hjalmar Ekdal,5,https://www.transfermarkt.us/hjalmar-ekdal/profil/spieler/392179,https://www.transfermarkt.us/schweden/startseite/verein/3557,2026-06-12
Sweden,Eric Smith,5,https://www.transfermarkt.us/eric-smith/profil/spieler/292534,https://www.transfermarkt.us/schweden/startseite/verein/3557,2026-06-12
Sweden,Carl Starfelt,4.5,https://www.transfermarkt.us/carl-starfelt/profil/spieler/258987,https://www.transfermarkt.us/schweden/startseite/verein/3557,2026-06-12
Sweden,Daniel Svensson,22,https://www.transfermarkt.us/daniel-svensson/profil/spieler/579287,https://www.transfermarkt.us/schweden/startseite/verein/3557,2026-06-12
Sweden,Gabriel Gudmundsson,20,https://www.transfermarkt.us/gabriel-gudmundsson/profil/spieler/362108,https://www.transfermarkt.us/schweden/startseite/verein/3557,2026-06-12
Sweden,Ken Sema,0.8,https://www.transfermarkt.us/ken-sema/profil/spieler/252345,https://www.transfermarkt.us/schweden/startseite/verein/3557,2026-06-12
Sweden,Jesper Karlström,4,https://www.transfermarkt.us/jesper-karlstrom/profil/spieler/222855,https://www.transfermarkt.us/schweden/startseite/verein/3557,2026-06-12
Sweden,Lucas Bergvall,35,https://www.transfermarkt.us/lucas-bergvall/profil/spieler/866246,https://www.transfermarkt.us/schweden/startseite/verein/3557,2026-06-12
Sweden,Yasin Ayari,35,https://www.transfermarkt.us/yasin-ayari/profil/spieler/667287,https://www.transfermarkt.us/schweden/startseite/verein/3557,2026-06-12
Sweden,Mattias Svanberg,8,https://www.transfermarkt.us/mattias-svanberg/profil/spieler/342405,https://www.transfermarkt.us/schweden/startseite/verein/3557,2026-06-12
Sweden,Besfort Zeneli,6,https://www.transfermarkt.us/besfort-zeneli/profil/spieler/715653,https://www.transfermarkt.us/schweden/startseite/verein/3557,2026-06-12
Sweden,Herman Johansson,1.8,https://www.transfermarkt.us/herman-johansson/profil/spieler/744853,https://www.transfermarkt.us/schweden/startseite/verein/3557,2026-06-12
Sweden,Elliot Stroud,5,https://www.transfermarkt.us/elliot-stroud/profil/spieler/687622,https://www.transfermarkt.us/schweden/startseite/verein/3557,2026-06-12
Sweden,Benjamin Nygren,14,https://www.transfermarkt.us/benjamin-nygren/profil/spieler/475949,https://www.transfermarkt.us/schweden/startseite/verein/3557,2026-06-12
Sweden,Taha Ali,1.5,https://www.transfermarkt.us/taha-ali/profil/spieler/731771,https://www.transfermarkt.us/schweden/startseite/verein/3557,2026-06-12
Sweden,Anthony Elanga,32,https://www.transfermarkt.us/anthony-elanga/profil/spieler/583189,https://www.transfermarkt.us/schweden/startseite/verein/3557,2026-06-12
Sweden,Alexander Bernhardsson,3,https://www.transfermarkt.us/alexander-bernhardsson/profil/spieler/633454,https://www.transfermarkt.us/schweden/startseite/verein/3557,2026-06-12
Sweden,Alexander Isak,85,https://www.transfermarkt.us/alexander-isak/profil/spieler/349066,https://www.transfermarkt.us/schweden/startseite/verein/3557,2026-06-12
Sweden,Viktor Gyökeres,65,https://www.transfermarkt.us/viktor-gyokeres/profil/spieler/325443,https://www.transfermarkt.us/schweden/startseite/verein/3557,2026-06-12
Sweden,Gustaf Nilsson,1.8,https://www.transfermarkt.us/gustaf-nilsson/profil/spieler/320440,https://www.transfermarkt.us/schweden/startseite/verein/3557,2026-06-12
Croatia,Dominik Kotarski,5,https://www.transfermarkt.us/dominik-kotarski/profil/spieler/370997,https://www.transfermarkt.us/kroatien/startseite/verein/3556,2026-06-12
Croatia,Ivor Pandur,4.5,https://www.transfermarkt.us/ivor-pandur/profil/spieler/371013,https://www.transfermarkt.us/kroatien/startseite/verein/3556,2026-06-12
Croatia,Dominik Livakovic,4,https://www.transfermarkt.us/dominik-livakovic/profil/spieler/205927,https://www.transfermarkt.us/kroatien/startseite/verein/3556,2026-06-12
Croatia,Josko Gvardiol,70,https://www.transfermarkt.us/josko-gvardiol/profil/spieler/475959,https://www.transfermarkt.us/kroatien/startseite/verein/3556,2026-06-12
Croatia,Luka Vuskovic,60,https://www.transfermarkt.us/luka-vuskovic/profil/spieler/892160,https://www.transfermarkt.us/kroatien/startseite/verein/3556,2026-06-12
Croatia,Josip Sutalo,12,https://www.transfermarkt.us/josip-sutalo/profil/spieler/371001,https://www.transfermarkt.us/kroatien/startseite/verein/3556,2026-06-12
Croatia,Marin Pongracic,6.5,https://www.transfermarkt.us/marin-pongracic/profil/spieler/282144,https://www.transfermarkt.us/kroatien/startseite/verein/3556,2026-06-12
Croatia,Martin Erlić,4,https://www.transfermarkt.us/martin-erlic/profil/spieler/357003,https://www.transfermarkt.us/kroatien/startseite/verein/3556,2026-06-12
Croatia,Duje Caleta-Car,2.8,https://www.transfermarkt.us/duje-caleta-car/profil/spieler/238266,https://www.transfermarkt.us/kroatien/startseite/verein/3556,2026-06-12
Croatia,Josip Stanisic,40,https://www.transfermarkt.us/josip-stanisic/profil/spieler/483046,https://www.transfermarkt.us/kroatien/startseite/verein/3556,2026-06-12
Croatia,Nikola Moro,7,https://www.transfermarkt.us/nikola-moro/profil/spieler/316934,https://www.transfermarkt.us/kroatien/startseite/verein/3556,2026-06-12
Croatia,Kristijan Jakic,6,https://www.transfermarkt.us/kristijan-jakic/profil/spieler/374954,https://www.transfermarkt.us/kroatien/startseite/verein/3556,2026-06-12
Croatia,Petar Sučić,40,https://www.transfermarkt.us/petar-sucic/profil/spieler/668207,https://www.transfermarkt.us/kroatien/startseite/verein/3556,2026-06-12
Croatia,Mateo Kovacic,10,https://www.transfermarkt.us/mateo-kovacic/profil/spieler/51471,https://www.transfermarkt.us/kroatien/startseite/verein/3556,2026-06-12
Croatia,Luka Sucic,10,https://www.transfermarkt.us/luka-sucic/profil/spieler/502722,https://www.transfermarkt.us/kroatien/startseite/verein/3556,2026-06-12
Croatia,Mario Pašalić,6,https://www.transfermarkt.us/mario-pasalic/profil/spieler/205938,https://www.transfermarkt.us/kroatien/startseite/verein/3556,2026-06-12
Croatia,Martin Baturina,30,https://www.transfermarkt.us/martin-baturina/profil/spieler/580451,https://www.transfermarkt.us/kroatien/startseite/verein/3556,2026-06-12
Croatia,Nikola Vlašić,10,https://www.transfermarkt.us/nikola-vlasic/profil/spieler/293200,https://www.transfermarkt.us/kroatien/startseite/verein/3556,2026-06-12
Croatia,Toni Fruk,9,https://www.transfermarkt.us/toni-fruk/profil/spieler/432758,https://www.transfermarkt.us/kroatien/startseite/verein/3556,2026-06-12
Croatia,Andrej Kramaric,2.5,https://www.transfermarkt.us/andrej-kramaric/profil/spieler/46580,https://www.transfermarkt.us/kroatien/startseite/verein/3556,2026-06-12
Croatia,Ivan Perišić,1.2,https://www.transfermarkt.us/ivan-perisic/profil/spieler/42460,https://www.transfermarkt.us/kroatien/startseite/verein/3556,2026-06-12
Croatia,Marco Pašalić,6.5,https://www.transfermarkt.us/marco-pasalic/profil/spieler/395928,https://www.transfermarkt.us/kroatien/startseite/verein/3556,2026-06-12
Croatia,Igor Matanovic,22,https://www.transfermarkt.us/igor-matanovic/profil/spieler/605268,https://www.transfermarkt.us/kroatien/startseite/verein/3556,2026-06-12
Croatia,Petar Musa,12,https://www.transfermarkt.us/petar-musa/profil/spieler/387110,https://www.transfermarkt.us/kroatien/startseite/verein/3556,2026-06-12
Croatia,Ante Budimir,2.8,https://www.transfermarkt.us/ante-budimir/profil/spieler/46413,https://www.transfermarkt.us/kroatien/startseite/verein/3556,2026-06-12
USA,Matt Turner,2.5,https://www.transfermarkt.us/matt-turner/profil/spieler/425306,https://www.transfermarkt.us/vereinigte-staaten/startseite/verein/3505,2026-06-12
USA,Chris Brady,2.5,https://www.transfermarkt.us/chris-brady/profil/spieler/765504,https://www.transfermarkt.us/vereinigte-staaten/startseite/verein/3505,2026-06-12
USA,Matt Freese,2,https://www.transfermarkt.us/matt-freese/profil/spieler/500309,https://www.transfermarkt.us/vereinigte-staaten/startseite/verein/3505,2026-06-12
USA,Chris Richards,28,https://www.transfermarkt.us/chris-richards/profil/spieler/578539,https://www.transfermarkt.us/vereinigte-staaten/startseite/verein/3505,2026-06-12
USA,Mark McKenzie,7,https://www.transfermarkt.us/mark-mckenzie/profil/spieler/429259,https://www.transfermarkt.us/vereinigte-staaten/startseite/verein/3505,2026-06-12
USA,Auston Trusty,6,https://www.transfermarkt.us/auston-trusty/profil/spieler/389253,https://www.transfermarkt.us/vereinigte-staaten/startseite/verein/3505,2026-06-12
USA,Miles Robinson,3.5,https://www.transfermarkt.us/miles-robinson/profil/spieler/468022,https://www.transfermarkt.us/vereinigte-staaten/startseite/verein/3505,2026-06-12
USA,Antonee Robinson,22,https://www.transfermarkt.us/antonee-robinson/profil/spieler/349701,https://www.transfermarkt.us/vereinigte-staaten/startseite/verein/3505,2026-06-12
USA,Sergiño Dest,18,https://www.transfermarkt.us/sergino-dest/profil/spieler/361104,https://www.transfermarkt.us/vereinigte-staaten/startseite/verein/3505,2026-06-12
USA,Joe Scally,7,https://www.transfermarkt.us/joe-scally/profil/spieler/504153,https://www.transfermarkt.us/vereinigte-staaten/startseite/verein/3505,2026-06-12
USA,Alex Freeman,3.5,https://www.transfermarkt.us/alex-freeman/profil/spieler/985806,https://www.transfermarkt.us/vereinigte-staaten/startseite/verein/3505,2026-06-12
USA,Tyler Adams,25,https://www.transfermarkt.us/tyler-adams/profil/spieler/332705,https://www.transfermarkt.us/vereinigte-staaten/startseite/verein/3505,2026-06-12
USA,Weston McKennie,30,https://www.transfermarkt.us/weston-mckennie/profil/spieler/332697,https://www.transfermarkt.us/vereinigte-staaten/startseite/verein/3505,2026-06-12
USA,Sebastian Berhalter,8,https://www.transfermarkt.us/sebastian-berhalter/profil/spieler/734761,https://www.transfermarkt.us/vereinigte-staaten/startseite/verein/3505,2026-06-12
USA,Cristian Roldán,3.5,https://www.transfermarkt.us/cristian-roldan/profil/spieler/354792,https://www.transfermarkt.us/vereinigte-staaten/startseite/verein/3505,2026-06-12
USA,Timothy Weah,20,https://www.transfermarkt.us/timothy-weah/profil/spieler/370846,https://www.transfermarkt.us/vereinigte-staaten/startseite/verein/3505,2026-06-12
USA,Malik Tillman,30,https://www.transfermarkt.us/malik-tillman/profil/spieler/467437,https://www.transfermarkt.us/vereinigte-staaten/startseite/verein/3505,2026-06-12
USA,Brenden Aaronson,22,https://www.transfermarkt.us/brenden-aaronson/profil/spieler/393323,https://www.transfermarkt.us/vereinigte-staaten/startseite/verein/3505,2026-06-12
USA,Giovanni Reyna,4,https://www.transfermarkt.us/giovanni-reyna/profil/spieler/504215,https://www.transfermarkt.us/vereinigte-staaten/startseite/verein/3505,2026-06-12
USA,Max Arfsten,5,https://www.transfermarkt.us/max-arfsten/profil/spieler/993063,https://www.transfermarkt.us/vereinigte-staaten/startseite/verein/3505,2026-06-12
USA,Christian Pulisic,40,https://www.transfermarkt.us/christian-pulisic/profil/spieler/315779,https://www.transfermarkt.us/vereinigte-staaten/startseite/verein/3505,2026-06-12
USA,Álex Zendejas,10,https://www.transfermarkt.us/alex-zendejas/profil/spieler/351505,https://www.transfermarkt.us/vereinigte-staaten/startseite/verein/3505,2026-06-12
USA,Folarin Balogun,40,https://www.transfermarkt.us/folarin-balogun/profil/spieler/503770,https://www.transfermarkt.us/vereinigte-staaten/startseite/verein/3505,2026-06-12
USA,Ricardo Pepi,30,https://www.transfermarkt.us/ricardo-pepi/profil/spieler/627207,https://www.transfermarkt.us/vereinigte-staaten/startseite/verein/3505,2026-06-12
USA,Haji Wright,16,https://www.transfermarkt.us/haji-wright/profil/spieler/315291,https://www.transfermarkt.us/vereinigte-staaten/startseite/verein/3505,2026-06-12
Ecuador,Gonzalo Valle,1.8,https://www.transfermarkt.us/gonzalo-valle/profil/spieler/351941,https://www.transfermarkt.us/ecuador/startseite/verein/5750,2026-06-12
Ecuador,Moisés Ramírez,0.8,https://www.transfermarkt.us/moises-ramirez/profil/spieler/450233,https://www.transfermarkt.us/ecuador/startseite/verein/5750,2026-06-12
Ecuador,Hernán Galíndez,0.3,https://www.transfermarkt.us/hernan-galindez/profil/spieler/77127,https://www.transfermarkt.us/ecuador/startseite/verein/5750,2026-06-12
Ecuador,Willian Pacho,80,https://www.transfermarkt.us/willian-pacho/profil/spieler/661171,https://www.transfermarkt.us/ecuador/startseite/verein/5750,2026-06-12
Ecuador,Piero Hincapié,50,https://www.transfermarkt.us/piero-hincapie/profil/spieler/659813,https://www.transfermarkt.us/ecuador/startseite/verein/5750,2026-06-12
Ecuador,Joel Ordóñez,33,https://www.transfermarkt.us/joel-ordonez/profil/spieler/893661,https://www.transfermarkt.us/ecuador/startseite/verein/5750,2026-06-12
Ecuador,Jackson Porozo,2.5,https://www.transfermarkt.us/jackson-porozo/profil/spieler/491616,https://www.transfermarkt.us/ecuador/startseite/verein/5750,2026-06-12
Ecuador,Félix Torres,1,https://www.transfermarkt.us/felix-torres/profil/spieler/468174,https://www.transfermarkt.us/ecuador/startseite/verein/5750,2026-06-12
Ecuador,Pervis Estupiñán,12,https://www.transfermarkt.us/pervis-estupinan/profil/spieler/349599,https://www.transfermarkt.us/ecuador/startseite/verein/5750,2026-06-12
Ecuador,Yaimar Medina,4,https://www.transfermarkt.us/yaimar-medina/profil/spieler/893659,https://www.transfermarkt.us/ecuador/startseite/verein/5750,2026-06-12
Ecuador,Angelo Preciado,3.5,https://www.transfermarkt.us/angelo-preciado/profil/spieler/450241,https://www.transfermarkt.us/ecuador/startseite/verein/5750,2026-06-12
Ecuador,Moisés Caicedo,100,https://www.transfermarkt.us/moises-caicedo/profil/spieler/687626,https://www.transfermarkt.us/ecuador/startseite/verein/5750,2026-06-12
Ecuador,Jordy Alcívar,2,https://www.transfermarkt.us/jordy-alcivar/profil/spieler/598145,https://www.transfermarkt.us/ecuador/startseite/verein/5750,2026-06-12
Ecuador,Denil Castillo,7,https://www.transfermarkt.us/denil-castillo/profil/spieler/941418,https://www.transfermarkt.us/ecuador/startseite/verein/5750,2026-06-12
Ecuador,Alan Franco,4.5,https://www.transfermarkt.us/alan-franco/profil/spieler/400960,https://www.transfermarkt.us/ecuador/startseite/verein/5750,2026-06-12
Ecuador,Kendry Páez,8,https://www.transfermarkt.us/kendry-paez/profil/spieler/1052439,https://www.transfermarkt.us/ecuador/startseite/verein/5750,2026-06-12
Ecuador,Pedro Vite,6,https://www.transfermarkt.us/pedro-vite/profil/spieler/659806,https://www.transfermarkt.us/ecuador/startseite/verein/5750,2026-06-12
Ecuador,Nilson Angulo,17,https://www.transfermarkt.us/nilson-angulo/profil/spieler/903611,https://www.transfermarkt.us/ecuador/startseite/verein/5750,2026-06-12
Ecuador,Gonzalo Plata,9,https://www.transfermarkt.us/gonzalo-plata/profil/spieler/592735,https://www.transfermarkt.us/ecuador/startseite/verein/5750,2026-06-12
Ecuador,Alan Minda,3,https://www.transfermarkt.us/alan-minda/profil/spieler/897051,https://www.transfermarkt.us/ecuador/startseite/verein/5750,2026-06-12
Ecuador,Anthony Valencia,1.8,https://www.transfermarkt.us/anthony-valencia/profil/spieler/974374,https://www.transfermarkt.us/ecuador/startseite/verein/5750,2026-06-12
Ecuador,John Yeboah,5.5,https://www.transfermarkt.us/john-yeboah/profil/spieler/439914,https://www.transfermarkt.us/ecuador/startseite/verein/5750,2026-06-12
Ecuador,Jeremy Arévalo,7,https://www.transfermarkt.us/jeremy-arevalo/profil/spieler/971663,https://www.transfermarkt.us/ecuador/startseite/verein/5750,2026-06-12
Ecuador,Kevin Rodríguez,6,https://www.transfermarkt.us/kevin-rodriguez/profil/spieler/684159,https://www.transfermarkt.us/ecuador/startseite/verein/5750,2026-06-12
Ecuador,Jordy Caicedo,2,https://www.transfermarkt.us/jordy-caicedo/profil/spieler/360412,https://www.transfermarkt.us/ecuador/startseite/verein/5750,2026-06-12
Uruguay,Santiago Mele,2,https://www.transfermarkt.us/santiago-mele/profil/spieler/320739,https://www.transfermarkt.us/uruguay/startseite/verein/3449,2026-06-12
Uruguay,Sergio Rochet,1.8,https://www.transfermarkt.us/sergio-rochet/profil/spieler/264014,https://www.transfermarkt.us/uruguay/startseite/verein/3449,2026-06-12
Uruguay,Fernando Muslera,0.7,https://www.transfermarkt.us/fernando-muslera/profil/spieler/58088,https://www.transfermarkt.us/uruguay/startseite/verein/3449,2026-06-12
Uruguay,Ronald Araujo,20,https://www.transfermarkt.us/ronald-araujo/profil/spieler/480267,https://www.transfermarkt.us/uruguay/startseite/verein/3449,2026-06-12
Uruguay,Santiago Bueno,10,https://www.transfermarkt.us/santiago-bueno/profil/spieler/438001,https://www.transfermarkt.us/uruguay/startseite/verein/3449,2026-06-12
Uruguay,Sebastián Cáceres,4.5,https://www.transfermarkt.us/sebastian-caceres/profil/spieler/532389,https://www.transfermarkt.us/uruguay/startseite/verein/3449,2026-06-12
Uruguay,Maxi Araújo,35,https://www.transfermarkt.us/maxi-araujo/profil/spieler/572675,https://www.transfermarkt.us/uruguay/startseite/verein/3449,2026-06-12
Uruguay,Mathías Olivera,15,https://www.transfermarkt.us/mathias-olivera/profil/spieler/376514,https://www.transfermarkt.us/uruguay/startseite/verein/3449,2026-06-12
Uruguay,Joaquín Piquerez,12,https://www.transfermarkt.us/joaquin-piquerez/profil/spieler/496268,https://www.transfermarkt.us/uruguay/startseite/verein/3449,2026-06-12
Uruguay,Juan Manuel Sanabria,4,https://www.transfermarkt.us/juan-manuel-sanabria/profil/spieler/446106,https://www.transfermarkt.us/uruguay/startseite/verein/3449,2026-06-12
Uruguay,Matías Viña,3.5,https://www.transfermarkt.us/matias-vina/profil/spieler/439072,https://www.transfermarkt.us/uruguay/startseite/verein/3449,2026-06-12
Uruguay,Guillermo Varela,1,https://www.transfermarkt.us/guillermo-varela/profil/spieler/188862,https://www.transfermarkt.us/uruguay/startseite/verein/3449,2026-06-12
Uruguay,Manuel Ugarte,25,https://www.transfermarkt.us/manuel-ugarte/profil/spieler/476701,https://www.transfermarkt.us/uruguay/startseite/verein/3449,2026-06-12
Uruguay,Rodrigo Bentancur,20,https://www.transfermarkt.us/rodrigo-bentancur/profil/spieler/354362,https://www.transfermarkt.us/uruguay/startseite/verein/3449,2026-06-12
Uruguay,Emiliano Martínez,6.5,https://www.transfermarkt.us/emiliano-martinez/profil/spieler/707447,https://www.transfermarkt.us/uruguay/startseite/verein/3449,2026-06-12
Uruguay,Federico Valverde,90,https://www.transfermarkt.us/federico-valverde/profil/spieler/369081,https://www.transfermarkt.us/uruguay/startseite/verein/3449,2026-06-12
Uruguay,Nicolás de la Cruz,8,https://www.transfermarkt.us/nicolas-de-la-cruz/profil/spieler/397458,https://www.transfermarkt.us/uruguay/startseite/verein/3449,2026-06-12
Uruguay,Rodrigo Zalazar,30,https://www.transfermarkt.us/rodrigo-zalazar/profil/spieler/606752,https://www.transfermarkt.us/uruguay/startseite/verein/3449,2026-06-12
Uruguay,Agustín Canobbio,8,https://www.transfermarkt.us/agustin-canobbio/profil/spieler/457533,https://www.transfermarkt.us/uruguay/startseite/verein/3449,2026-06-12
Uruguay,Brian Rodríguez,8,https://www.transfermarkt.us/brian-rodriguez/profil/spieler/465818,https://www.transfermarkt.us/uruguay/startseite/verein/3449,2026-06-12
Uruguay,Facundo Pellistri,5,https://www.transfermarkt.us/facundo-pellistri/profil/spieler/676318,https://www.transfermarkt.us/uruguay/startseite/verein/3449,2026-06-12
Uruguay,Darwin Núñez,20,https://www.transfermarkt.us/darwin-nunez/profil/spieler/546543,https://www.transfermarkt.us/uruguay/startseite/verein/3449,2026-06-12
Uruguay,Federico Viñas,4,https://www.transfermarkt.us/federico-vinas/profil/spieler/578419,https://www.transfermarkt.us/uruguay/startseite/verein/3449,2026-06-12
Uruguay,Rodrigo Aguirre,2.3,https://www.transfermarkt.us/rodrigo-aguirre/profil/spieler/189410,https://www.transfermarkt.us/uruguay/startseite/verein/3449,2026-06-12
Switzerland,Gregor Kobel,40,https://www.transfermarkt.us/gregor-kobel/profil/spieler/257814,https://www.transfermarkt.us/schweiz/startseite/verein/3384,2026-06-12
Switzerland,Marvin Keller,6,https://www.transfermarkt.us/marvin-keller/profil/spieler/500763,https://www.transfermarkt.us/schweiz/startseite/verein/3384,2026-06-12
Switzerland,Yvon Mvogo,2.5,https://www.transfermarkt.us/yvon-mvogo/profil/spieler/147051,https://www.transfermarkt.us/schweiz/startseite/verein/3384,2026-06-12
Switzerland,Manuel Akanji,17,https://www.transfermarkt.us/manuel-akanji/profil/spieler/284730,https://www.transfermarkt.us/schweiz/startseite/verein/3384,2026-06-12
Switzerland,Aurèle Amenda,10,https://www.transfermarkt.us/aurele-amenda/profil/spieler/635645,https://www.transfermarkt.us/schweiz/startseite/verein/3384,2026-06-12
Switzerland,Luca Jaquez,10,https://www.transfermarkt.us/luca-jaquez/profil/spieler/539798,https://www.transfermarkt.us/schweiz/startseite/verein/3384,2026-06-12
Switzerland,Nico Elvedi,8,https://www.transfermarkt.us/nico-elvedi/profil/spieler/192635,https://www.transfermarkt.us/schweiz/startseite/verein/3384,2026-06-12
Switzerland,Eray Cömert,2.5,https://www.transfermarkt.us/eray-comert/profil/spieler/298583,https://www.transfermarkt.us/schweiz/startseite/verein/3384,2026-06-12
Switzerland,Miro Muheim,5,https://www.transfermarkt.us/miro-muheim/profil/spieler/298603,https://www.transfermarkt.us/schweiz/startseite/verein/3384,2026-06-12
Switzerland,Ricardo Rodríguez,1.4,https://www.transfermarkt.us/ricardo-rodriguez/profil/spieler/86784,https://www.transfermarkt.us/schweiz/startseite/verein/3384,2026-06-12
Switzerland,Silvan Widmer,0.8,https://www.transfermarkt.us/silvan-widmer/profil/spieler/168989,https://www.transfermarkt.us/schweiz/startseite/verein/3384,2026-06-12
Switzerland,Denis Zakaria,25,https://www.transfermarkt.us/denis-zakaria/profil/spieler/334526,https://www.transfermarkt.us/schweiz/startseite/verein/3384,2026-06-12
Switzerland,Ardon Jashari,25,https://www.transfermarkt.us/ardon-jashari/profil/spieler/608172,https://www.transfermarkt.us/schweiz/startseite/verein/3384,2026-06-12
Switzerland,Johan Manzambi,50,https://www.transfermarkt.us/johan-manzambi/profil/spieler/927353,https://www.transfermarkt.us/schweiz/startseite/verein/3384,2026-06-12
Switzerland,Djibril Sow,7.5,https://www.transfermarkt.us/djibril-sow/profil/spieler/212723,https://www.transfermarkt.us/schweiz/startseite/verein/3384,2026-06-12
Switzerland,Michel Aebischer,4,https://www.transfermarkt.us/michel-aebischer/profil/spieler/237658,https://www.transfermarkt.us/schweiz/startseite/verein/3384,2026-06-12
Switzerland,Remo Freuler,3,https://www.transfermarkt.us/remo-freuler/profil/spieler/148252,https://www.transfermarkt.us/schweiz/startseite/verein/3384,2026-06-12
Switzerland,Fabian Rieder,12,https://www.transfermarkt.us/fabian-rieder/profil/spieler/507341,https://www.transfermarkt.us/schweiz/startseite/verein/3384,2026-06-12
Switzerland,Christian Fassnacht,2,https://www.transfermarkt.us/christian-fassnacht/profil/spieler/250490,https://www.transfermarkt.us/schweiz/startseite/verein/3384,2026-06-12
Switzerland,Noah Okafor,25,https://www.transfermarkt.us/noah-okafor/profil/spieler/346890,https://www.transfermarkt.us/schweiz/startseite/verein/3384,2026-06-12
Switzerland,Rubén Vargas,12,https://www.transfermarkt.us/ruben-vargas/profil/spieler/345886,https://www.transfermarkt.us/schweiz/startseite/verein/3384,2026-06-12
Switzerland,Dan Ndoye,32,https://www.transfermarkt.us/dan-ndoye/profil/spieler/365108,https://www.transfermarkt.us/schweiz/startseite/verein/3384,2026-06-12
Switzerland,Breel Embolo,15,https://www.transfermarkt.us/breel-embolo/profil/spieler/237662,https://www.transfermarkt.us/schweiz/startseite/verein/3384,2026-06-12
Switzerland,Zeki Amdouni,7,https://www.transfermarkt.us/zeki-amdouni/profil/spieler/548729,https://www.transfermarkt.us/schweiz/startseite/verein/3384,2026-06-12
Switzerland,Cedric Itten,1.8,https://www.transfermarkt.us/cedric-itten/profil/spieler/243856,https://www.transfermarkt.us/schweiz/startseite/verein/3384,2026-06-12
Colombia,Álvaro Montero,2.5,https://www.transfermarkt.us/alvaro-montero/profil/spieler/292985,https://www.transfermarkt.us/kolumbien/startseite/verein/3816,2026-06-12
Colombia,Camilo Vargas,0.45,https://www.transfermarkt.us/camilo-vargas/profil/spieler/74113,https://www.transfermarkt.us/kolumbien/startseite/verein/3816,2026-06-12
Colombia,David Ospina,0.1,https://www.transfermarkt.us/david-ospina/profil/spieler/73396,https://www.transfermarkt.us/kolumbien/startseite/verein/3816,2026-06-12
Colombia,Jhon Lucumí,22,https://www.transfermarkt.us/jhon-lucumi/profil/spieler/413565,https://www.transfermarkt.us/kolumbien/startseite/verein/3816,2026-06-12
Colombia,Davinson Sánchez,16,https://www.transfermarkt.us/davinson-sanchez/profil/spieler/341429,https://www.transfermarkt.us/kolumbien/startseite/verein/3816,2026-06-12
Colombia,Willer Ditta,5.5,https://www.transfermarkt.us/willer-ditta/profil/spieler/609255,https://www.transfermarkt.us/kolumbien/startseite/verein/3816,2026-06-12
Colombia,Yerry Mina,2.5,https://www.transfermarkt.us/yerry-mina/profil/spieler/289446,https://www.transfermarkt.us/kolumbien/startseite/verein/3816,2026-06-12
Colombia,Deiver Machado,1.8,https://www.transfermarkt.us/deiver-machado/profil/spieler/332560,https://www.transfermarkt.us/kolumbien/startseite/verein/3816,2026-06-12
Colombia,Johan Mojica,1.5,https://www.transfermarkt.us/johan-mojica/profil/spieler/262939,https://www.transfermarkt.us/kolumbien/startseite/verein/3816,2026-06-12
Colombia,Daniel Muñoz,22,https://www.transfermarkt.us/daniel-munoz/profil/spieler/493003,https://www.transfermarkt.us/kolumbien/startseite/verein/3816,2026-06-12
Colombia,Santiago Arias,1.2,https://www.transfermarkt.us/santiago-arias/profil/spieler/120443,https://www.transfermarkt.us/kolumbien/startseite/verein/3816,2026-06-12
Colombia,Richard Ríos,25,https://www.transfermarkt.us/richard-rios/profil/spieler/735573,https://www.transfermarkt.us/kolumbien/startseite/verein/3816,2026-06-12
Colombia,Jefferson Lerma,6,https://www.transfermarkt.us/jefferson-lerma/profil/spieler/262980,https://www.transfermarkt.us/kolumbien/startseite/verein/3816,2026-06-12
Colombia,Kevin Castaño,5,https://www.transfermarkt.us/kevin-castano/profil/spieler/857948,https://www.transfermarkt.us/kolumbien/startseite/verein/3816,2026-06-12
Colombia,Gustavo Puerta,10,https://www.transfermarkt.us/gustavo-puerta/profil/spieler/936981,https://www.transfermarkt.us/kolumbien/startseite/verein/3816,2026-06-12
Colombia,Juan Portilla,5,https://www.transfermarkt.us/juan-portilla/profil/spieler/585747,https://www.transfermarkt.us/kolumbien/startseite/verein/3816,2026-06-12
Colombia,Jorge Carrascal,13,https://www.transfermarkt.us/jorge-carrascal/profil/spieler/354145,https://www.transfermarkt.us/kolumbien/startseite/verein/3816,2026-06-12
Colombia,Juan Fernando Quintero,1.8,https://www.transfermarkt.us/juan-fernando-quintero/profil/spieler/122582,https://www.transfermarkt.us/kolumbien/startseite/verein/3816,2026-06-12
Colombia,Luis Díaz,70,https://www.transfermarkt.us/luis-diaz/profil/spieler/480692,https://www.transfermarkt.us/kolumbien/startseite/verein/3816,2026-06-12
Colombia,Andrés Gómez,11,https://www.transfermarkt.us/andres-gomez/profil/spieler/957461,https://www.transfermarkt.us/kolumbien/startseite/verein/3816,2026-06-12
Colombia,Jáminton Campaz,5.5,https://www.transfermarkt.us/jaminton-campaz/profil/spieler/491553,https://www.transfermarkt.us/kolumbien/startseite/verein/3816,2026-06-12
Colombia,Jhon Arias,15,https://www.transfermarkt.us/jhon-arias/profil/spieler/588989,https://www.transfermarkt.us/kolumbien/startseite/verein/3816,2026-06-12
Colombia,Luis Suárez,30,https://www.transfermarkt.us/luis-suarez/profil/spieler/424784,https://www.transfermarkt.us/kolumbien/startseite/verein/3816,2026-06-12
Colombia,Cucho Hernández,18,https://www.transfermarkt.us/cucho-hernandez/profil/spieler/459463,https://www.transfermarkt.us/kolumbien/startseite/verein/3816,2026-06-12
Colombia,Jhon Córdoba,10,https://www.transfermarkt.us/jhon-cordoba/profil/spieler/185245,https://www.transfermarkt.us/kolumbien/startseite/verein/3816,2026-06-12
Japan,Zion Suzuki,20,https://www.transfermarkt.us/zion-suzuki/profil/spieler/432298,https://www.transfermarkt.us/japan/startseite/verein/3435,2026-06-12
Japan,Keisuke Osako,2,https://www.transfermarkt.us/keisuke-osako/profil/spieler/415521,https://www.transfermarkt.us/japan/startseite/verein/3435,2026-06-12
Japan,Tomoki Hayakawa,2,https://www.transfermarkt.us/tomoki-hayakawa/profil/spieler/683271,https://www.transfermarkt.us/japan/startseite/verein/3435,2026-06-12
Japan,Hiroki Ito,18,https://www.transfermarkt.us/hiroki-ito/profil/spieler/353892,https://www.transfermarkt.us/japan/startseite/verein/3435,2026-06-12
Japan,Tsuyoshi Watanabe,10,https://www.transfermarkt.us/tsuyoshi-watanabe/profil/spieler/598791,https://www.transfermarkt.us/japan/startseite/verein/3435,2026-06-12
Japan,Ko Itakura,8,https://www.transfermarkt.us/ko-itakura/profil/spieler/355816,https://www.transfermarkt.us/japan/startseite/verein/3435,2026-06-12
Japan,Ayumu Seko,5,https://www.transfermarkt.us/ayumu-seko/profil/spieler/405389,https://www.transfermarkt.us/japan/startseite/verein/3435,2026-06-12
Japan,Junnosuke Suzuki,3.5,https://www.transfermarkt.us/junnosuke-suzuki/profil/spieler/848856,https://www.transfermarkt.us/japan/startseite/verein/3435,2026-06-12
Japan,Shogo Taniguchi,0.75,https://www.transfermarkt.us/shogo-taniguchi/profil/spieler/307870,https://www.transfermarkt.us/japan/startseite/verein/3435,2026-06-12
Japan,Yuto Nagatomo,0.1,https://www.transfermarkt.us/yuto-nagatomo/profil/spieler/79522,https://www.transfermarkt.us/japan/startseite/verein/3435,2026-06-12
Japan,Yukinari Sugawara,5.5,https://www.transfermarkt.us/yukinari-sugawara/profil/spieler/405385,https://www.transfermarkt.us/japan/startseite/verein/3435,2026-06-12
Japan,Takehiro Tomiyasu,5,https://www.transfermarkt.us/takehiro-tomiyasu/profil/spieler/331560,https://www.transfermarkt.us/japan/startseite/verein/3435,2026-06-12
Japan,Kaishu Sano,40,https://www.transfermarkt.us/kaishu-sano/profil/spieler/643574,https://www.transfermarkt.us/japan/startseite/verein/3435,2026-06-12
Japan,Ao Tanaka,13,https://www.transfermarkt.us/ao-tanaka/profil/spieler/489359,https://www.transfermarkt.us/japan/startseite/verein/3435,2026-06-12
Japan,Daichi Kamada,10,https://www.transfermarkt.us/daichi-kamada/profil/spieler/356141,https://www.transfermarkt.us/japan/startseite/verein/3435,2026-06-12
Japan,Daizen Maeda,13,https://www.transfermarkt.us/daizen-maeda/profil/spieler/420931,https://www.transfermarkt.us/japan/startseite/verein/3435,2026-06-12
Japan,Keito Nakamura,10,https://www.transfermarkt.us/keito-nakamura/profil/spieler/405397,https://www.transfermarkt.us/japan/startseite/verein/3435,2026-06-12
Japan,Takefusa Kubo,20,https://www.transfermarkt.us/takefusa-kubo/profil/spieler/405398,https://www.transfermarkt.us/japan/startseite/verein/3435,2026-06-12
Japan,Ritsu Doan,17,https://www.transfermarkt.us/ritsu-doan/profil/spieler/358504,https://www.transfermarkt.us/japan/startseite/verein/3435,2026-06-12
Japan,Junya Ito,3,https://www.transfermarkt.us/junya-ito/profil/spieler/348791,https://www.transfermarkt.us/japan/startseite/verein/3435,2026-06-12
Japan,Yuito Suzuki,24,https://www.transfermarkt.us/yuito-suzuki/profil/spieler/668606,https://www.transfermarkt.us/japan/startseite/verein/3435,2026-06-12
Japan,Ayase Ueda,17,https://www.transfermarkt.us/ayase-ueda/profil/spieler/589128,https://www.transfermarkt.us/japan/startseite/verein/3435,2026-06-12
Japan,Keisuke Goto,10,https://www.transfermarkt.us/keisuke-goto/profil/spieler/916623,https://www.transfermarkt.us/japan/startseite/verein/3435,2026-06-12
Japan,Kento Shiogai,8,https://www.transfermarkt.us/kento-shiogai/profil/spieler/1144627,https://www.transfermarkt.us/japan/startseite/verein/3435,2026-06-12
Japan,Shuto Machino,4,https://www.transfermarkt.us/shuto-machino/profil/spieler/550580,https://www.transfermarkt.us/japan/startseite/verein/3435,2026-06-12
Japan,Koki Ogawa,2,https://www.transfermarkt.us/koki-ogawa/profil/spieler/351567,https://www.transfermarkt.us/japan/startseite/verein/3435,2026-06-12
Algeria,Luca Zidane,1,https://www.transfermarkt.us/luca-zidane/profil/spieler/283489,https://www.transfermarkt.us/algerien/startseite/verein/3614,2026-06-12
Algeria,Oussama Benbout,0.85,https://www.transfermarkt.us/oussama-benbout/profil/spieler/437982,https://www.transfermarkt.us/algerien/startseite/verein/3614,2026-06-12
Algeria,Melvin Mastil,0.25,https://www.transfermarkt.us/melvin-mastil/profil/spieler/534398,https://www.transfermarkt.us/algerien/startseite/verein/3614,2026-06-12
Algeria,Ramy Bensebaini,7,https://www.transfermarkt.us/ramy-bensebaini/profil/spieler/284732,https://www.transfermarkt.us/algerien/startseite/verein/3614,2026-06-12
Algeria,Samir Chergui,3,https://www.transfermarkt.us/samir-chergui/profil/spieler/668167,https://www.transfermarkt.us/algerien/startseite/verein/3614,2026-06-12
Algeria,Zineddine Belaid,1.8,https://www.transfermarkt.us/zineddine-belaid/profil/spieler/625142,https://www.transfermarkt.us/algerien/startseite/verein/3614,2026-06-12
Algeria,Mohamed Amine Tougai,1.3,https://www.transfermarkt.us/mohamed-amine-tougai/profil/spieler/592396,https://www.transfermarkt.us/algerien/startseite/verein/3614,2026-06-12
Algeria,Achref Abada,1,https://www.transfermarkt.us/achref-abada/profil/spieler/949929,https://www.transfermarkt.us/algerien/startseite/verein/3614,2026-06-12
Algeria,Rayan Aït-Nouri,40,https://www.transfermarkt.us/rayan-ait-nouri/profil/spieler/578391,https://www.transfermarkt.us/algerien/startseite/verein/3614,2026-06-12
Algeria,Jaouen Hadjam,7,https://www.transfermarkt.us/jaouen-hadjam/profil/spieler/750903,https://www.transfermarkt.us/algerien/startseite/verein/3614,2026-06-12
Algeria,Rafik Belghali,7,https://www.transfermarkt.us/rafik-belghali/profil/spieler/864306,https://www.transfermarkt.us/algerien/startseite/verein/3614,2026-06-12
Algeria,Ramiz Zerrouki,6.5,https://www.transfermarkt.us/ramiz-zerrouki/profil/spieler/416660,https://www.transfermarkt.us/algerien/startseite/verein/3614,2026-06-12
Algeria,Nabil Bentaleb,4.5,https://www.transfermarkt.us/nabil-bentaleb/profil/spieler/245537,https://www.transfermarkt.us/algerien/startseite/verein/3614,2026-06-12
Algeria,Hicham Boudaoui,12,https://www.transfermarkt.us/hicham-boudaoui/profil/spieler/560593,https://www.transfermarkt.us/algerien/startseite/verein/3614,2026-06-12
Algeria,Yassine Titraoui,7,https://www.transfermarkt.us/yassine-titraoui/profil/spieler/748445,https://www.transfermarkt.us/algerien/startseite/verein/3614,2026-06-12
Algeria,Ibrahim Maza,45,https://www.transfermarkt.us/ibrahim-maza/profil/spieler/905011,https://www.transfermarkt.us/algerien/startseite/verein/3614,2026-06-12
Algeria,Farès Chaïbi,15,https://www.transfermarkt.us/fares-chaibi/profil/spieler/855015,https://www.transfermarkt.us/algerien/startseite/verein/3614,2026-06-12
Algeria,Houssem Aouar,8,https://www.transfermarkt.us/houssem-aouar/profil/spieler/395693,https://www.transfermarkt.us/algerien/startseite/verein/3614,2026-06-12
Algeria,Adil Boulbina,3,https://www.transfermarkt.us/adil-boulbina/profil/spieler/748443,https://www.transfermarkt.us/algerien/startseite/verein/3614,2026-06-12
Algeria,Anis Hadj Moussa,23,https://www.transfermarkt.us/anis-hadj-moussa/profil/spieler/917911,https://www.transfermarkt.us/algerien/startseite/verein/3614,2026-06-12
Algeria,Farès Ghedjemis,7.5,https://www.transfermarkt.us/fares-ghedjemis/profil/spieler/888738,https://www.transfermarkt.us/algerien/startseite/verein/3614,2026-06-12
Algeria,Riyad Mahrez,5,https://www.transfermarkt.us/riyad-mahrez/profil/spieler/171424,https://www.transfermarkt.us/algerien/startseite/verein/3614,2026-06-12
Algeria,Amine Gouiri,28,https://www.transfermarkt.us/amine-gouiri/profil/spieler/418659,https://www.transfermarkt.us/algerien/startseite/verein/3614,2026-06-12
Algeria,Mohamed Amoura,20,https://www.transfermarkt.us/mohamed-amoura/profil/spieler/746910,https://www.transfermarkt.us/algerien/startseite/verein/3614,2026-06-12
Algeria,Nadhir Benbouali,1.2,https://www.transfermarkt.us/nadhir-benbouali/profil/spieler/840254,https://www.transfermarkt.us/algerien/startseite/verein/3614,2026-06-12
Austria,Florian Wiegele,2.2,https://www.transfermarkt.us/florian-wiegele/profil/spieler/393999,https://www.transfermarkt.us/osterreich/startseite/verein/3383,2026-06-12
Austria,Patrick Pentz,2.2,https://www.transfermarkt.us/patrick-pentz/profil/spieler/223972,https://www.transfermarkt.us/osterreich/startseite/verein/3383,2026-06-12
Austria,Alexander Schlager,2,https://www.transfermarkt.us/alexander-schlager/profil/spieler/186374,https://www.transfermarkt.us/osterreich/startseite/verein/3383,2026-06-12
Austria,David Affengruber,20,https://www.transfermarkt.us/david-affengruber/profil/spieler/452483,https://www.transfermarkt.us/osterreich/startseite/verein/3383,2026-06-12
Austria,Kevin Danso,20,https://www.transfermarkt.us/kevin-danso/profil/spieler/263236,https://www.transfermarkt.us/osterreich/startseite/verein/3383,2026-06-12
Austria,Philipp Lienhart,10,https://www.transfermarkt.us/philipp-lienhart/profil/spieler/225657,https://www.transfermarkt.us/osterreich/startseite/verein/3383,2026-06-12
Austria,Marco Friedl,10,https://www.transfermarkt.us/marco-friedl/profil/spieler/156990,https://www.transfermarkt.us/osterreich/startseite/verein/3383,2026-06-12
Austria,Stefan Posch,6,https://www.transfermarkt.us/stefan-posch/profil/spieler/223974,https://www.transfermarkt.us/osterreich/startseite/verein/3383,2026-06-12
Austria,Michael Svoboda,3.5,https://www.transfermarkt.us/michael-svoboda/profil/spieler/438961,https://www.transfermarkt.us/osterreich/startseite/verein/3383,2026-06-12
Austria,Phillipp Mwene,1.5,https://www.transfermarkt.us/phillipp-mwene/profil/spieler/127573,https://www.transfermarkt.us/osterreich/startseite/verein/3383,2026-06-12
Austria,Konrad Laimer,32,https://www.transfermarkt.us/konrad-laimer/profil/spieler/223967,https://www.transfermarkt.us/osterreich/startseite/verein/3383,2026-06-12
Austria,Nicolas Seiwald,25,https://www.transfermarkt.us/nicolas-seiwald/profil/spieler/404950,https://www.transfermarkt.us/osterreich/startseite/verein/3383,2026-06-12
Austria,Dejan Ljubicic,3,https://www.transfermarkt.us/dejan-ljubicic/profil/spieler/287188,https://www.transfermarkt.us/osterreich/startseite/verein/3383,2026-06-12
Austria,Florian Grillitsch,2.5,https://www.transfermarkt.us/florian-grillitsch/profil/spieler/195736,https://www.transfermarkt.us/osterreich/startseite/verein/3383,2026-06-12
Austria,Paul Wanner,22,https://www.transfermarkt.us/paul-wanner/profil/spieler/900909,https://www.transfermarkt.us/osterreich/startseite/verein/3383,2026-06-12
Austria,Carney Chukwuemeka,20,https://www.transfermarkt.us/carney-chukwuemeka/profil/spieler/659459,https://www.transfermarkt.us/osterreich/startseite/verein/3383,2026-06-12
Austria,Xaver Schlager,10,https://www.transfermarkt.us/xaver-schlager/profil/spieler/223979,https://www.transfermarkt.us/osterreich/startseite/verein/3383,2026-06-12
Austria,Marcel Sabitzer,6,https://www.transfermarkt.us/marcel-sabitzer/profil/spieler/106987,https://www.transfermarkt.us/osterreich/startseite/verein/3383,2026-06-12
Austria,Alessandro Schöpf,0.8,https://www.transfermarkt.us/alessandro-schopf/profil/spieler/118397,https://www.transfermarkt.us/osterreich/startseite/verein/3383,2026-06-12
Austria,Alexander Prass,9,https://www.transfermarkt.us/alexander-prass/profil/spieler/434116,https://www.transfermarkt.us/osterreich/startseite/verein/3383,2026-06-12
Austria,Romano Schmid,15,https://www.transfermarkt.us/romano-schmid/profil/spieler/346853,https://www.transfermarkt.us/osterreich/startseite/verein/3383,2026-06-12
Austria,Patrick Wimmer,12,https://www.transfermarkt.us/patrick-wimmer/profil/spieler/533295,https://www.transfermarkt.us/osterreich/startseite/verein/3383,2026-06-12
Austria,Sasa Kalajdzic,4,https://www.transfermarkt.us/sasa-kalajdzic/profil/spieler/369567,https://www.transfermarkt.us/osterreich/startseite/verein/3383,2026-06-12
Austria,Marko Arnautovic,2,https://www.transfermarkt.us/marko-arnautovic/profil/spieler/41384,https://www.transfermarkt.us/osterreich/startseite/verein/3383,2026-06-12
Austria,Michael Gregoritsch,1.5,https://www.transfermarkt.us/michael-gregoritsch/profil/spieler/120205,https://www.transfermarkt.us/osterreich/startseite/verein/3383,2026-06-12
Ghana,Lawrence Ati Zigi,1.5,https://www.transfermarkt.us/lawrence-ati-zigi/profil/spieler/254285,https://www.transfermarkt.us/ghana/startseite/verein/3441,2026-06-12
Ghana,Joseph Anang,0.35,https://www.transfermarkt.us/joseph-anang/profil/spieler/576099,https://www.transfermarkt.us/ghana/startseite/verein/3441,2026-06-12
Ghana,Benjamin Asare,0.1,https://www.transfermarkt.us/benjamin-asare/profil/spieler/837368,https://www.transfermarkt.us/ghana/startseite/verein/3441,2026-06-12
Ghana,Kojo Peprah Oppong,10,https://www.transfermarkt.us/kojo-peprah-oppong/profil/spieler/1113451,https://www.transfermarkt.us/ghana/startseite/verein/3441,2026-06-12
Ghana,Alidu Seidu,6,https://www.transfermarkt.us/alidu-seidu/profil/spieler/798404,https://www.transfermarkt.us/ghana/startseite/verein/3441,2026-06-12
Ghana,Jonas Adjetey,6,https://www.transfermarkt.us/jonas-adjetey/profil/spieler/734676,https://www.transfermarkt.us/ghana/startseite/verein/3441,2026-06-12
Ghana,Jerome Opoku,5,https://www.transfermarkt.us/jerome-opoku/profil/spieler/408563,https://www.transfermarkt.us/ghana/startseite/verein/3441,2026-06-12
Ghana,Abdul Mumin,3,https://www.transfermarkt.us/abdul-mumin/profil/spieler/451801,https://www.transfermarkt.us/ghana/startseite/verein/3441,2026-06-12
Ghana,Derrick Luckassen,1,https://www.transfermarkt.us/derrick-luckassen/profil/spieler/241457,https://www.transfermarkt.us/ghana/startseite/verein/3441,2026-06-12
Ghana,Gideon Mensah,4,https://www.transfermarkt.us/gideon-mensah/profil/spieler/397171,https://www.transfermarkt.us/ghana/startseite/verein/3441,2026-06-12
Ghana,Abdul Rahman Baba,2,https://www.transfermarkt.us/abdul-rahman-baba/profil/spieler/224884,https://www.transfermarkt.us/ghana/startseite/verein/3441,2026-06-12
Ghana,Marvin Senaya,3,https://www.transfermarkt.us/marvin-senaya/profil/spieler/830890,https://www.transfermarkt.us/ghana/startseite/verein/3441,2026-06-12
Ghana,Elisha Owusu,4,https://www.transfermarkt.us/elisha-owusu/profil/spieler/395695,https://www.transfermarkt.us/ghana/startseite/verein/3441,2026-06-12
Ghana,Thomas Partey,2,https://www.transfermarkt.us/thomas-partey/profil/spieler/230784,https://www.transfermarkt.us/ghana/startseite/verein/3441,2026-06-12
Ghana,Caleb Yirenkyi,10,https://www.transfermarkt.us/caleb-yirenkyi/profil/spieler/1240763,https://www.transfermarkt.us/ghana/startseite/verein/3441,2026-06-12
Ghana,Kwasi Sibo,1.4,https://www.transfermarkt.us/kwasi-sibo/profil/spieler/538006,https://www.transfermarkt.us/ghana/startseite/verein/3441,2026-06-12
Ghana,Emmanuel Agyei,0.25,https://www.transfermarkt.us/emmanuel-agyei/profil/spieler/960062,https://www.transfermarkt.us/ghana/startseite/verein/3441,2026-06-12
Ghana,Augustine Boakye,6,https://www.transfermarkt.us/augustine-boakye/profil/spieler/579263,https://www.transfermarkt.us/ghana/startseite/verein/3441,2026-06-12
Ghana,Kamaldeen Sulemana,17,https://www.transfermarkt.us/kamaldeen-sulemana/profil/spieler/746695,https://www.transfermarkt.us/ghana/startseite/verein/3441,2026-06-12
Ghana,Christopher Bonsu Baah,14,https://www.transfermarkt.us/christopher-bonsu-baah/profil/spieler/1119447,https://www.transfermarkt.us/ghana/startseite/verein/3441,2026-06-12
Ghana,Antoine Semenyo,80,https://www.transfermarkt.us/antoine-semenyo/profil/spieler/583255,https://www.transfermarkt.us/ghana/startseite/verein/3441,2026-06-12
Ghana,Abdul Fatawu,20,https://www.transfermarkt.us/abdul-fatawu/profil/spieler/864121,https://www.transfermarkt.us/ghana/startseite/verein/3441,2026-06-12
Ghana,Ernest Nuamah,10,https://www.transfermarkt.us/ernest-nuamah/profil/spieler/955070,https://www.transfermarkt.us/ghana/startseite/verein/3441,2026-06-12
Ghana,Iñaki Williams,8,https://www.transfermarkt.us/inaki-williams/profil/spieler/255508,https://www.transfermarkt.us/ghana/startseite/verein/3441,2026-06-12
Ghana,Brandon Thomas-Asante,16,https://www.transfermarkt.us/brandon-thomas-asante/profil/spieler/451747,https://www.transfermarkt.us/ghana/startseite/verein/3441,2026-06-12
Ghana,Prince Adu,3,https://www.transfermarkt.us/prince-adu/profil/spieler/734799,https://www.transfermarkt.us/ghana/startseite/verein/3441,2026-06-12
Canada,Dayne St. Clair,3.5,https://www.transfermarkt.us/dayne-st-clair/profil/spieler/439750,https://www.transfermarkt.us/kanada/startseite/verein/3510,2026-06-12
Canada,Maxime Crépeau,1.8,https://www.transfermarkt.us/maxime-crepeau/profil/spieler/189014,https://www.transfermarkt.us/kanada/startseite/verein/3510,2026-06-12
Canada,Owen Goodman,0.55,https://www.transfermarkt.us/owen-goodman/profil/spieler/814848,https://www.transfermarkt.us/kanada/startseite/verein/3510,2026-06-12
Canada,Moïse Bombito,7,https://www.transfermarkt.us/moise-bombito/profil/spieler/1089202,https://www.transfermarkt.us/kanada/startseite/verein/3510,2026-06-12
Canada,Alfie Jones,6,https://www.transfermarkt.us/alfie-jones/profil/spieler/340990,https://www.transfermarkt.us/kanada/startseite/verein/3510,2026-06-12
Canada,Derek Cornelius,2.5,https://www.transfermarkt.us/derek-cornelius/profil/spieler/328609,https://www.transfermarkt.us/kanada/startseite/verein/3510,2026-06-12
Canada,Joel Waterman,2,https://www.transfermarkt.us/joel-waterman/profil/spieler/441738,https://www.transfermarkt.us/kanada/startseite/verein/3510,2026-06-12
Canada,Luc De Fougerolles,1,https://www.transfermarkt.us/luc-de-fougerolles/profil/spieler/921995,https://www.transfermarkt.us/kanada/startseite/verein/3510,2026-06-12
Canada,Alistair Johnston,8,https://www.transfermarkt.us/alistair-johnston/profil/spieler/637446,https://www.transfermarkt.us/kanada/startseite/verein/3510,2026-06-12
Canada,Richie Laryea,1,https://www.transfermarkt.us/richie-laryea/profil/spieler/417348,https://www.transfermarkt.us/kanada/startseite/verein/3510,2026-06-12
Canada,Niko Sigur,4,https://www.transfermarkt.us/niko-sigur/profil/spieler/1045375,https://www.transfermarkt.us/kanada/startseite/verein/3510,2026-06-12
Canada,Ismaël Koné,25,https://www.transfermarkt.us/ismael-kone/profil/spieler/921655,https://www.transfermarkt.us/kanada/startseite/verein/3510,2026-06-12
Canada,Nathan-Dylan Saliba,7.5,https://www.transfermarkt.us/nathan-dylan-saliba/profil/spieler/842420,https://www.transfermarkt.us/kanada/startseite/verein/3510,2026-06-12
Canada,Stephen Eustaquio,6,https://www.transfermarkt.us/stephen-eustaquio/profil/spieler/512913,https://www.transfermarkt.us/kanada/startseite/verein/3510,2026-06-12
Canada,Jonathan Osorio,1,https://www.transfermarkt.us/jonathan-osorio/profil/spieler/260807,https://www.transfermarkt.us/kanada/startseite/verein/3510,2026-06-12
Canada,Mathieu Choinière,0.8,https://www.transfermarkt.us/mathieu-choiniere/profil/spieler/589006,https://www.transfermarkt.us/kanada/startseite/verein/3510,2026-06-12
Canada,Ali Ahmed,5,https://www.transfermarkt.us/ali-ahmed/profil/spieler/995642,https://www.transfermarkt.us/kanada/startseite/verein/3510,2026-06-12
Canada,Liam Millar,3,https://www.transfermarkt.us/liam-millar/profil/spieler/487417,https://www.transfermarkt.us/kanada/startseite/verein/3510,2026-06-12
Canada,Jacob Shaffelburg,2.5,https://www.transfermarkt.us/jacob-shaffelburg/profil/spieler/637632,https://www.transfermarkt.us/kanada/startseite/verein/3510,2026-06-12
Canada,Jayden Nelson,2,https://www.transfermarkt.us/jayden-nelson/profil/spieler/635445,https://www.transfermarkt.us/kanada/startseite/verein/3510,2026-06-12
Canada,Tajon Buchanan,12,https://www.transfermarkt.us/tajon-buchanan/profil/spieler/638793,https://www.transfermarkt.us/kanada/startseite/verein/3510,2026-06-12
Canada,Jonathan David,30,https://www.transfermarkt.us/jonathan-david/profil/spieler/533738,https://www.transfermarkt.us/kanada/startseite/verein/3510,2026-06-12
Canada,Promise David,17,https://www.transfermarkt.us/promise-david/profil/spieler/888785,https://www.transfermarkt.us/kanada/startseite/verein/3510,2026-06-12
Canada,Tani Oluwaseyi,7,https://www.transfermarkt.us/tani-oluwaseyi/profil/spieler/972465,https://www.transfermarkt.us/kanada/startseite/verein/3510,2026-06-12
Canada,Cyle Larin,2.5,https://www.transfermarkt.us/cyle-larin/profil/spieler/343463,https://www.transfermarkt.us/kanada/startseite/verein/3510,2026-06-12
Mexico,Raúl Rangel,6.5,https://www.transfermarkt.us/raul-rangel/profil/spieler/802855,https://www.transfermarkt.us/mexiko/startseite/verein/6303,2026-06-12
Mexico,Carlos Acevedo,2.8,https://www.transfermarkt.us/carlos-acevedo/profil/spieler/356042,https://www.transfermarkt.us/mexiko/startseite/verein/6303,2026-06-12
Mexico,Guillermo Ochoa,0.25,https://www.transfermarkt.us/guillermo-ochoa/profil/spieler/29559,https://www.transfermarkt.us/mexiko/startseite/verein/6303,2026-06-12
Mexico,Johan Vásquez,12,https://www.transfermarkt.us/johan-vasquez/profil/spieler/532937,https://www.transfermarkt.us/mexiko/startseite/verein/6303,2026-06-12
Mexico,Luis Romo,3,https://www.transfermarkt.us/luis-romo/profil/spieler/532938,https://www.transfermarkt.us/mexiko/startseite/verein/6303,2026-06-12
Mexico,Mateo Chávez,4,https://www.transfermarkt.us/mateo-chavez/profil/spieler/1066953,https://www.transfermarkt.us/mexiko/startseite/verein/6303,2026-06-12
Mexico,Jesús Gallardo,2.8,https://www.transfermarkt.us/jesus-gallardo/profil/spieler/344854,https://www.transfermarkt.us/mexiko/startseite/verein/6303,2026-06-12
Mexico,Israel Reyes,6.5,https://www.transfermarkt.us/israel-reyes/profil/spieler/687558,https://www.transfermarkt.us/mexiko/startseite/verein/6303,2026-06-12
Mexico,Jorge Sánchez,2,https://www.transfermarkt.us/jorge-sanchez/profil/spieler/356044,https://www.transfermarkt.us/mexiko/startseite/verein/6303,2026-06-12
Mexico,Érik Lira,12,https://www.transfermarkt.us/erik-lira/profil/spieler/602324,https://www.transfermarkt.us/mexiko/startseite/verein/6303,2026-06-12
Mexico,Luis Chávez,6,https://www.transfermarkt.us/luis-chavez/profil/spieler/331059,https://www.transfermarkt.us/mexiko/startseite/verein/6303,2026-06-12
Mexico,Obed Vargas,10,https://www.transfermarkt.us/obed-vargas/profil/spieler/889435,https://www.transfermarkt.us/mexiko/startseite/verein/6303,2026-06-12
Mexico,Orbelín Pineda,7,https://www.transfermarkt.us/orbelin-pineda/profil/spieler/334042,https://www.transfermarkt.us/mexiko/startseite/verein/6303,2026-06-12
Mexico,Álvaro Fidalgo,6,https://www.transfermarkt.us/alvaro-fidalgo/profil/spieler/261503,https://www.transfermarkt.us/mexiko/startseite/verein/6303,2026-06-12
Mexico,Gilberto Mora,10,https://www.transfermarkt.us/gilberto-mora/profil/spieler/1155723,https://www.transfermarkt.us/mexiko/startseite/verein/6303,2026-06-12
Mexico,Brian Gutiérrez,8,https://www.transfermarkt.us/brian-gutierrez/profil/spieler/724443,https://www.transfermarkt.us/mexiko/startseite/verein/6303,2026-06-12
Mexico,Alexis Vega,8,https://www.transfermarkt.us/alexis-vega/profil/spieler/424689,https://www.transfermarkt.us/mexiko/startseite/verein/6303,2026-06-12
Mexico,César Huerta,3.5,https://www.transfermarkt.us/cesar-huerta/profil/spieler/540315,https://www.transfermarkt.us/mexiko/startseite/verein/6303,2026-06-12
Mexico,Roberto Alvarado,7.5,https://www.transfermarkt.us/roberto-alvarado/profil/spieler/353583,https://www.transfermarkt.us/mexiko/startseite/verein/6303,2026-06-12
Mexico,Santiago Gimenez,18,https://www.transfermarkt.us/santiago-gimenez/profil/spieler/552955,https://www.transfermarkt.us/mexiko/startseite/verein/6303,2026-06-12
Mexico,Armando González,15,https://www.transfermarkt.us/armando-gonzalez/profil/spieler/837619,https://www.transfermarkt.us/mexiko/startseite/verein/6303,2026-06-12
Mexico,Julián Quiñones,14,https://www.transfermarkt.us/julian-quinones/profil/spieler/416090,https://www.transfermarkt.us/mexiko/startseite/verein/6303,2026-06-12
Mexico,Raúl Jiménez,3,https://www.transfermarkt.us/raul-jimenez/profil/spieler/206040,https://www.transfermarkt.us/mexiko/startseite/verein/6303,2026-06-12
Mexico,Guillermo Martínez,1.5,https://www.transfermarkt.us/guillermo-martinez/profil/spieler/347932,https://www.transfermarkt.us/mexiko/startseite/verein/6303,2026-06-12
Czechia,Lukas Hornicek,18,https://www.transfermarkt.us/lukas-hornicek/profil/spieler/629773,https://www.transfermarkt.us/tschechien/startseite/verein/3445,2026-06-12
Czechia,Matej Kovar,8,https://www.transfermarkt.us/matej-kovar/profil/spieler/550829,https://www.transfermarkt.us/tschechien/startseite/verein/3445,2026-06-12
Czechia,Jindrich Stanek,2,https://www.transfermarkt.us/jindrich-stanek/profil/spieler/242089,https://www.transfermarkt.us/tschechien/startseite/verein/3445,2026-06-12
Czechia,Robin Hranac,10,https://www.transfermarkt.us/robin-hranac/profil/spieler/620217,https://www.transfermarkt.us/tschechien/startseite/verein/3445,2026-06-12
Czechia,Stepan Chaloupek,10,https://www.transfermarkt.us/stepan-chaloupek/profil/spieler/944827,https://www.transfermarkt.us/tschechien/startseite/verein/3445,2026-06-12
Czechia,David Zima,7,https://www.transfermarkt.us/david-zima/profil/spieler/544149,https://www.transfermarkt.us/tschechien/startseite/verein/3445,2026-06-12
Czechia,Tomas Holes,1,https://www.transfermarkt.us/tomas-holes/profil/spieler/216278,https://www.transfermarkt.us/tschechien/startseite/verein/3445,2026-06-12
Czechia,Jaroslav Zelený,0.6,https://www.transfermarkt.us/jaroslav-zeleny/profil/spieler/142219,https://www.transfermarkt.us/tschechien/startseite/verein/3445,2026-06-12
Czechia,David Jurásek,5,https://www.transfermarkt.us/david-jurasek/profil/spieler/500054,https://www.transfermarkt.us/tschechien/startseite/verein/3445,2026-06-12
Czechia,Vladimír Coufal,2.5,https://www.transfermarkt.us/vladimir-coufal/profil/spieler/157672,https://www.transfermarkt.us/tschechien/startseite/verein/3445,2026-06-12
Czechia,Tomáš Souček,10,https://www.transfermarkt.us/tomas-soucek/profil/spieler/283628,https://www.transfermarkt.us/tschechien/startseite/verein/3445,2026-06-12
Czechia,Michal Sadílek,8,https://www.transfermarkt.us/michal-sadilek/profil/spieler/321204,https://www.transfermarkt.us/tschechien/startseite/verein/3445,2026-06-12
Czechia,Lukas Cerv,6,https://www.transfermarkt.us/lukas-cerv/profil/spieler/611049,https://www.transfermarkt.us/tschechien/startseite/verein/3445,2026-06-12
Czechia,Hugo Sochurek,3.5,https://www.transfermarkt.us/hugo-sochurek/profil/spieler/1206877,https://www.transfermarkt.us/tschechien/startseite/verein/3445,2026-06-12
Czechia,Alexandr Sojka,2.3,https://www.transfermarkt.us/alexandr-sojka/profil/spieler/826103,https://www.transfermarkt.us/tschechien/startseite/verein/3445,2026-06-12
Czechia,Vladimír Darida,0.38,https://www.transfermarkt.us/vladimir-darida/profil/spieler/179643,https://www.transfermarkt.us/tschechien/startseite/verein/3445,2026-06-12
Czechia,David Doudera,3.5,https://www.transfermarkt.us/david-doudera/profil/spieler/493758,https://www.transfermarkt.us/tschechien/startseite/verein/3445,2026-06-12
Czechia,Pavel Sulc,20,https://www.transfermarkt.us/pavel-sulc/profil/spieler/500053,https://www.transfermarkt.us/tschechien/startseite/verein/3445,2026-06-12
Czechia,Denis Visinsky,3,https://www.transfermarkt.us/denis-visinsky/profil/spieler/652060,https://www.transfermarkt.us/tschechien/startseite/verein/3445,2026-06-12
Czechia,Lukas Provod,8,https://www.transfermarkt.us/lukas-provod/profil/spieler/292779,https://www.transfermarkt.us/tschechien/startseite/verein/3445,2026-06-12
Czechia,Patrik Schick,18,https://www.transfermarkt.us/patrik-schick/profil/spieler/242086,https://www.transfermarkt.us/tschechien/startseite/verein/3445,2026-06-12
Czechia,Adam Hlozek,10,https://www.transfermarkt.us/adam-hlozek/profil/spieler/552057,https://www.transfermarkt.us/tschechien/startseite/verein/3445,2026-06-12
Czechia,Mojmír Chytil,4,https://www.transfermarkt.us/mojmir-chytil/profil/spieler/405855,https://www.transfermarkt.us/tschechien/startseite/verein/3445,2026-06-12
Czechia,Jan Kuchta,2.7,https://www.transfermarkt.us/jan-kuchta/profil/spieler/334802,https://www.transfermarkt.us/tschechien/startseite/verein/3445,2026-06-12
Scotland,Angus Gunn,1,https://www.transfermarkt.us/angus-gunn/profil/spieler/201574,https://www.transfermarkt.us/schottland/startseite/verein/3380,2026-06-12
Scotland,Liam Kelly,0.8,https://www.transfermarkt.us/liam-kelly/profil/spieler/208772,https://www.transfermarkt.us/schottland/startseite/verein/3380,2026-06-12
Scotland,Craig Gordon,0.05,https://www.transfermarkt.us/craig-gordon/profil/spieler/12589,https://www.transfermarkt.us/schottland/startseite/verein/3380,2026-06-12
Scotland,Scott McKenna,4,https://www.transfermarkt.us/scott-mckenna/profil/spieler/255906,https://www.transfermarkt.us/schottland/startseite/verein/3380,2026-06-12
Scotland,Jack Hendry,2.5,https://www.transfermarkt.us/jack-hendry/profil/spieler/363223,https://www.transfermarkt.us/schottland/startseite/verein/3380,2026-06-12
Scotland,John Souttar,2,https://www.transfermarkt.us/john-souttar/profil/spieler/235767,https://www.transfermarkt.us/schottland/startseite/verein/3380,2026-06-12
Scotland,Dominic Hyam,2,https://www.transfermarkt.us/dominic-hyam/profil/spieler/263268,https://www.transfermarkt.us/schottland/startseite/verein/3380,2026-06-12
Scotland,Grant Hanley,0.2,https://www.transfermarkt.us/grant-hanley/profil/spieler/121385,https://www.transfermarkt.us/schottland/startseite/verein/3380,2026-06-12
Scotland,Kieran Tierney,8,https://www.transfermarkt.us/kieran-tierney/profil/spieler/300716,https://www.transfermarkt.us/schottland/startseite/verein/3380,2026-06-12
Scotland,Aaron Hickey,16,https://www.transfermarkt.us/aaron-hickey/profil/spieler/591949,https://www.transfermarkt.us/schottland/startseite/verein/3380,2026-06-12
Scotland,Nathan Patterson,10,https://www.transfermarkt.us/nathan-patterson/profil/spieler/424015,https://www.transfermarkt.us/schottland/startseite/verein/3380,2026-06-12
Scotland,Anthony Ralston,1.5,https://www.transfermarkt.us/anthony-ralston/profil/spieler/388171,https://www.transfermarkt.us/schottland/startseite/verein/3380,2026-06-12
Scotland,Scott McTominay,40,https://www.transfermarkt.us/scott-mctominay/profil/spieler/315969,https://www.transfermarkt.us/schottland/startseite/verein/3380,2026-06-12
Scotland,Lewis Ferguson,14,https://www.transfermarkt.us/lewis-ferguson/profil/spieler/428563,https://www.transfermarkt.us/schottland/startseite/verein/3380,2026-06-12
Scotland,John McGinn,13,https://www.transfermarkt.us/john-mcginn/profil/spieler/193116,https://www.transfermarkt.us/schottland/startseite/verein/3380,2026-06-12
Scotland,Ryan Christie,8,https://www.transfermarkt.us/ryan-christie/profil/spieler/188077,https://www.transfermarkt.us/schottland/startseite/verein/3380,2026-06-12
Scotland,Tyler Fletcher,1.5,https://www.transfermarkt.us/tyler-fletcher/profil/spieler/1049911,https://www.transfermarkt.us/schottland/startseite/verein/3380,2026-06-12
Scotland,Kenny McLean,0.4,https://www.transfermarkt.us/kenny-mclean/profil/spieler/126600,https://www.transfermarkt.us/schottland/startseite/verein/3380,2026-06-12
Scotland,Findlay Curtis,2,https://www.transfermarkt.us/findlay-curtis/profil/spieler/1082993,https://www.transfermarkt.us/schottland/startseite/verein/3380,2026-06-12
Scotland,Ben Gannon-Doak,15,https://www.transfermarkt.us/ben-gannon-doak/profil/spieler/719673,https://www.transfermarkt.us/schottland/startseite/verein/3380,2026-06-12
Scotland,George Hirst,10,https://www.transfermarkt.us/george-hirst/profil/spieler/420808,https://www.transfermarkt.us/schottland/startseite/verein/3380,2026-06-12
Scotland,Ché Adams,5,https://www.transfermarkt.us/che-adams/profil/spieler/346779,https://www.transfermarkt.us/schottland/startseite/verein/3380,2026-06-12
Scotland,Lawrence Shankland,3,https://www.transfermarkt.us/lawrence-shankland/profil/spieler/225744,https://www.transfermarkt.us/schottland/startseite/verein/3380,2026-06-12
Scotland,Ross Stewart,2.5,https://www.transfermarkt.us/ross-stewart/profil/spieler/447995,https://www.transfermarkt.us/schottland/startseite/verein/3380,2026-06-12
Scotland,Lyndon Dykes,0.8,https://www.transfermarkt.us/lyndon-dykes/profil/spieler/347138,https://www.transfermarkt.us/schottland/startseite/verein/3380,2026-06-12
Paraguay,Orlando Gill,6,https://www.transfermarkt.us/orlando-gill/profil/spieler/643259,https://www.transfermarkt.us/paraguay/startseite/verein/3581,2026-06-12
Paraguay,Gastón Olveira,0.5,https://www.transfermarkt.us/gaston-olveira/profil/spieler/301722,https://www.transfermarkt.us/paraguay/startseite/verein/3581,2026-06-12
Paraguay,Roberto Fernández,0.1,https://www.transfermarkt.us/roberto-fernandez/profil/spieler/107318,https://www.transfermarkt.us/paraguay/startseite/verein/3581,2026-06-12
Paraguay,Omar Alderete,13,https://www.transfermarkt.us/omar-alderete/profil/spieler/353032,https://www.transfermarkt.us/paraguay/startseite/verein/3581,2026-06-12
Paraguay,José Canale,2.2,https://www.transfermarkt.us/jose-canale/profil/spieler/402627,https://www.transfermarkt.us/paraguay/startseite/verein/3581,2026-06-12
Paraguay,Júnior Alonso,1.5,https://www.transfermarkt.us/junior-alonso/profil/spieler/273000,https://www.transfermarkt.us/paraguay/startseite/verein/3581,2026-06-12
Paraguay,Gustavo Velázquez,0.4,https://www.transfermarkt.us/gustavo-velazquez/profil/spieler/389399,https://www.transfermarkt.us/paraguay/startseite/verein/3581,2026-06-12
Paraguay,Alexandro Maidana,2.5,https://www.transfermarkt.us/alexandro-maidana/profil/spieler/1371519,https://www.transfermarkt.us/paraguay/startseite/verein/3581,2026-06-12
Paraguay,Juan José Cáceres,5,https://www.transfermarkt.us/juan-jose-caceres/profil/spieler/756494,https://www.transfermarkt.us/paraguay/startseite/verein/3581,2026-06-12
Paraguay,Andrés Cubas,4.5,https://www.transfermarkt.us/andres-cubas/profil/spieler/323872,https://www.transfermarkt.us/paraguay/startseite/verein/3581,2026-06-12
Paraguay,Braian Ojeda,3.5,https://www.transfermarkt.us/braian-ojeda/profil/spieler/491596,https://www.transfermarkt.us/paraguay/startseite/verein/3581,2026-06-12
Paraguay,Diego Gómez,25,https://www.transfermarkt.us/diego-gomez/profil/spieler/996897,https://www.transfermarkt.us/paraguay/startseite/verein/3581,2026-06-12
Paraguay,Matías Galarza,3,https://www.transfermarkt.us/matias-galarza/profil/spieler/661269,https://www.transfermarkt.us/paraguay/startseite/verein/3581,2026-06-12
Paraguay,Julio Enciso,25,https://www.transfermarkt.us/julio-enciso/profil/spieler/660867,https://www.transfermarkt.us/paraguay/startseite/verein/3581,2026-06-12
Paraguay,Mauricio,15,https://www.transfermarkt.us/mauricio/profil/spieler/678439,https://www.transfermarkt.us/paraguay/startseite/verein/3581,2026-06-12
Paraguay,Kaku,4.5,https://www.transfermarkt.us/kaku/profil/spieler/355817,https://www.transfermarkt.us/paraguay/startseite/verein/3581,2026-06-12
Paraguay,Gustavo Caballero,1,https://www.transfermarkt.us/gustavo-caballero/profil/spieler/891672,https://www.transfermarkt.us/paraguay/startseite/verein/3581,2026-06-12
Paraguay,Miguel Almirón,7,https://www.transfermarkt.us/miguel-almiron/profil/spieler/272999,https://www.transfermarkt.us/paraguay/startseite/verein/3581,2026-06-12
Paraguay,Ramón Sosa,10,https://www.transfermarkt.us/ramon-sosa/profil/spieler/745191,https://www.transfermarkt.us/paraguay/startseite/verein/3581,2026-06-12
Paraguay,Isidro Pitta,7.5,https://www.transfermarkt.us/isidro-pitta/profil/spieler/675178,https://www.transfermarkt.us/paraguay/startseite/verein/3581,2026-06-12
Paraguay,Álex Arce,3.5,https://www.transfermarkt.us/alex-arce/profil/spieler/970518,https://www.transfermarkt.us/paraguay/startseite/verein/3581,2026-06-12
Paraguay,Antonio Sanabria,1.8,https://www.transfermarkt.us/antonio-sanabria/profil/spieler/234523,https://www.transfermarkt.us/paraguay/startseite/verein/3581,2026-06-12
Paraguay,Gabriel Ávalos,0.75,https://www.transfermarkt.us/gabriel-avalos/profil/spieler/358418,https://www.transfermarkt.us/paraguay/startseite/verein/3581,2026-06-12
Bosnia and Herzegovina,Nikola Vasilj,4.5,https://www.transfermarkt.us/nikola-vasilj/profil/spieler/248454,https://www.transfermarkt.us/bosnien-herzegowina/startseite/verein/3446,2026-06-12
Bosnia and Herzegovina,Martin Zlomislic,2,https://www.transfermarkt.us/martin-zlomislic/profil/spieler/495320,https://www.transfermarkt.us/bosnien-herzegowina/startseite/verein/3446,2026-06-12
Bosnia and Herzegovina,Mladen Jurkas,0.7,https://www.transfermarkt.us/mladen-jurkas/profil/spieler/952692,https://www.transfermarkt.us/bosnien-herzegowina/startseite/verein/3446,2026-06-12
Bosnia and Herzegovina,Tarik Muharemović,25,https://www.transfermarkt.us/tarik-muharemovic/profil/spieler/679423,https://www.transfermarkt.us/bosnien-herzegowina/startseite/verein/3446,2026-06-12
Bosnia and Herzegovina,Nidal Celik,7,https://www.transfermarkt.us/nidal-celik/profil/spieler/819566,https://www.transfermarkt.us/bosnien-herzegowina/startseite/verein/3446,2026-06-12
Bosnia and Herzegovina,Sead Kolasinac,4,https://www.transfermarkt.us/sead-kolasinac/profil/spieler/94005,https://www.transfermarkt.us/bosnien-herzegowina/startseite/verein/3446,2026-06-12
Bosnia and Herzegovina,Stjepan Radeljic,2.8,https://www.transfermarkt.us/stjepan-radeljic/profil/spieler/384568,https://www.transfermarkt.us/bosnien-herzegowina/startseite/verein/3446,2026-06-12
Bosnia and Herzegovina,Nikola Katic,1.8,https://www.transfermarkt.us/nikola-katic/profil/spieler/422051,https://www.transfermarkt.us/bosnien-herzegowina/startseite/verein/3446,2026-06-12
Bosnia and Herzegovina,Nihad Mujakic,1.2,https://www.transfermarkt.us/nihad-mujakic/profil/spieler/380919,https://www.transfermarkt.us/bosnien-herzegowina/startseite/verein/3446,2026-06-12
Bosnia and Herzegovina,Dennis Hadzikadunic,1.2,https://www.transfermarkt.us/dennis-hadzikadunic/profil/spieler/322065,https://www.transfermarkt.us/bosnien-herzegowina/startseite/verein/3446,2026-06-12
Bosnia and Herzegovina,Amar Dedić,16,https://www.transfermarkt.us/amar-dedic/profil/spieler/519184,https://www.transfermarkt.us/bosnien-herzegowina/startseite/verein/3446,2026-06-12
Bosnia and Herzegovina,Amir Hadziahmetovic,4,https://www.transfermarkt.us/amir-hadziahmetovic/profil/spieler/293213,https://www.transfermarkt.us/bosnien-herzegowina/startseite/verein/3446,2026-06-12
Bosnia and Herzegovina,Dzenis Burnic,1.2,https://www.transfermarkt.us/dzenis-burnic/profil/spieler/251295,https://www.transfermarkt.us/bosnien-herzegowina/startseite/verein/3446,2026-06-12
Bosnia and Herzegovina,Benjamin Tahirović,4.5,https://www.transfermarkt.us/benjamin-tahirovic/profil/spieler/787907,https://www.transfermarkt.us/bosnien-herzegowina/startseite/verein/3446,2026-06-12
Bosnia and Herzegovina,Armin Gigovic,2.5,https://www.transfermarkt.us/armin-gigovic/profil/spieler/651269,https://www.transfermarkt.us/bosnien-herzegowina/startseite/verein/3446,2026-06-12
Bosnia and Herzegovina,Ivan Basic,1.5,https://www.transfermarkt.us/ivan-basic/profil/spieler/620560,https://www.transfermarkt.us/bosnien-herzegowina/startseite/verein/3446,2026-06-12
Bosnia and Herzegovina,Amar Memić,4.5,https://www.transfermarkt.us/amar-memic/profil/spieler/638990,https://www.transfermarkt.us/bosnien-herzegowina/startseite/verein/3446,2026-06-12
Bosnia and Herzegovina,Ermin Mahmic,5,https://www.transfermarkt.us/ermin-mahmic/profil/spieler/803049,https://www.transfermarkt.us/bosnien-herzegowina/startseite/verein/3446,2026-06-12
Bosnia and Herzegovina,Kerim Alajbegovic,22,https://www.transfermarkt.us/kerim-alajbegovic/profil/spieler/929994,https://www.transfermarkt.us/bosnien-herzegowina/startseite/verein/3446,2026-06-12
Bosnia and Herzegovina,Esmir Bajraktarevic,8,https://www.transfermarkt.us/esmir-bajraktarevic/profil/spieler/925862,https://www.transfermarkt.us/bosnien-herzegowina/startseite/verein/3446,2026-06-12
Bosnia and Herzegovina,Ermedin Demirovic,22,https://www.transfermarkt.us/ermedin-demirovic/profil/spieler/335457,https://www.transfermarkt.us/bosnien-herzegowina/startseite/verein/3446,2026-06-12
Bosnia and Herzegovina,Jovo Lukić,2.2,https://www.transfermarkt.us/jovo-lukic/profil/spieler/457738,https://www.transfermarkt.us/bosnien-herzegowina/startseite/verein/3446,2026-06-12
Bosnia and Herzegovina,Samed Bazdar,1.5,https://www.transfermarkt.us/samed-bazdar/profil/spieler/710969,https://www.transfermarkt.us/bosnien-herzegowina/startseite/verein/3446,2026-06-12
Congo DR,Matthieu Epolo,8,https://www.transfermarkt.us/matthieu-epolo/profil/spieler/680218,https://www.transfermarkt.us/demokratische-republik-kongo/startseite/verein/3854,2026-06-12
Congo DR,Timothy Fayulu,0.8,https://www.transfermarkt.us/timothy-fayulu/profil/spieler/541420,https://www.transfermarkt.us/demokratische-republik-kongo/startseite/verein/3854,2026-06-12
Congo DR,Lionel Mpasi-Nzau,0.4,https://www.transfermarkt.us/lionel-mpasi-nzau/profil/spieler/164915,https://www.transfermarkt.us/demokratische-republik-kongo/startseite/verein/3854,2026-06-12
Congo DR,Axel Tuanzebe,5,https://www.transfermarkt.us/axel-tuanzebe/profil/spieler/342046,https://www.transfermarkt.us/demokratische-republik-kongo/startseite/verein/3854,2026-06-12
Congo DR,Steve Kapuadi,2.5,https://www.transfermarkt.us/steve-kapuadi/profil/spieler/679709,https://www.transfermarkt.us/demokratische-republik-kongo/startseite/verein/3854,2026-06-12
Congo DR,Dylan Batubinsika,0.6,https://www.transfermarkt.us/dylan-batubinsika/profil/spieler/289432,https://www.transfermarkt.us/demokratische-republik-kongo/startseite/verein/3854,2026-06-12
Congo DR,Joris Kayembe,2,https://www.transfermarkt.us/joris-kayembe/profil/spieler/129586,https://www.transfermarkt.us/demokratische-republik-kongo/startseite/verein/3854,2026-06-12
Congo DR,Arthur Masuaku,2,https://www.transfermarkt.us/arthur-masuaku/profil/spieler/181380,https://www.transfermarkt.us/demokratische-republik-kongo/startseite/verein/3854,2026-06-12
Congo DR,Aaron Wan-Bissaka,15,https://www.transfermarkt.us/aaron-wan-bissaka/profil/spieler/477758,https://www.transfermarkt.us/demokratische-republik-kongo/startseite/verein/3854,2026-06-12
Congo DR,Gédéon Kalulu,1,https://www.transfermarkt.us/gedeon-kalulu/profil/spieler/395685,https://www.transfermarkt.us/demokratische-republik-kongo/startseite/verein/3854,2026-06-12
Congo DR,Ngal'ayel Mukau,15,https://www.transfermarkt.us/ngalayel-mukau/profil/spieler/1016015,https://www.transfermarkt.us/demokratische-republik-kongo/startseite/verein/3854,2026-06-12
Congo DR,Charles Pickel,2.5,https://www.transfermarkt.us/charles-pickel/profil/spieler/243879,https://www.transfermarkt.us/demokratische-republik-kongo/startseite/verein/3854,2026-06-12
Congo DR,Noah Sadiki,35,https://www.transfermarkt.us/noah-sadiki/profil/spieler/727089,https://www.transfermarkt.us/demokratische-republik-kongo/startseite/verein/3854,2026-06-12
Congo DR,Edo Kayembe,4,https://www.transfermarkt.us/edo-kayembe/profil/spieler/486477,https://www.transfermarkt.us/demokratische-republik-kongo/startseite/verein/3854,2026-06-12
Congo DR,Samuel Moutoussamy,1.2,https://www.transfermarkt.us/samuel-moutoussamy/profil/spieler/353403,https://www.transfermarkt.us/demokratische-republik-kongo/startseite/verein/3854,2026-06-12
Congo DR,Aaron Tshibola,0.15,https://www.transfermarkt.us/aaron-tshibola/profil/spieler/243633,https://www.transfermarkt.us/demokratische-republik-kongo/startseite/verein/3854,2026-06-12
Congo DR,Meschack Elia,1.5,https://www.transfermarkt.us/meschack-elia/profil/spieler/423678,https://www.transfermarkt.us/demokratische-republik-kongo/startseite/verein/3854,2026-06-12
Congo DR,Gaël Kakuta,0.25,https://www.transfermarkt.us/gael-kakuta/profil/spieler/74297,https://www.transfermarkt.us/demokratische-republik-kongo/startseite/verein/3854,2026-06-12
Congo DR,Nathanaël Mbuku,2,https://www.transfermarkt.us/nathanael-mbuku/profil/spieler/557614,https://www.transfermarkt.us/demokratische-republik-kongo/startseite/verein/3854,2026-06-12
Congo DR,Brian Cipenga,2,https://www.transfermarkt.us/brian-cipenga/profil/spieler/700565,https://www.transfermarkt.us/demokratische-republik-kongo/startseite/verein/3854,2026-06-12
Congo DR,Théo Bongonda,3,https://www.transfermarkt.us/theo-bongonda/profil/spieler/280701,https://www.transfermarkt.us/demokratische-republik-kongo/startseite/verein/3854,2026-06-12
Congo DR,Yoane Wissa,25,https://www.transfermarkt.us/yoane-wissa/profil/spieler/388165,https://www.transfermarkt.us/demokratische-republik-kongo/startseite/verein/3854,2026-06-12
Congo DR,Simon Banza,10,https://www.transfermarkt.us/simon-banza/profil/spieler/344869,https://www.transfermarkt.us/demokratische-republik-kongo/startseite/verein/3854,2026-06-12
Congo DR,Fiston Mayele,1.8,https://www.transfermarkt.us/fiston-mayele/profil/spieler/727157,https://www.transfermarkt.us/demokratische-republik-kongo/startseite/verein/3854,2026-06-12
Congo DR,Cédric Bakambu,1.2,https://www.transfermarkt.us/cedric-bakambu/profil/spieler/127048,https://www.transfermarkt.us/demokratische-republik-kongo/startseite/verein/3854,2026-06-12
Korea Republic,Bum-keun Song,1,https://www.transfermarkt.us/bum-keun-song/profil/spieler/508237,https://www.transfermarkt.us/sudkorea/startseite/verein/3589,2026-06-12
Korea Republic,Hyeon-woo Jo,0.65,https://www.transfermarkt.us/hyeon-woo-jo/profil/spieler/260171,https://www.transfermarkt.us/sudkorea/startseite/verein/3589,2026-06-12
Korea Republic,Seung-gyu Kim,0.5,https://www.transfermarkt.us/seung-gyu-kim/profil/spieler/92076,https://www.transfermarkt.us/sudkorea/startseite/verein/3589,2026-06-12
Korea Republic,Min-jae Kim,20,https://www.transfermarkt.us/min-jae-kim/profil/spieler/503482,https://www.transfermarkt.us/sudkorea/startseite/verein/3589,2026-06-12
Korea Republic,Han-beom Lee,3,https://www.transfermarkt.us/han-beom-lee/profil/spieler/706963,https://www.transfermarkt.us/sudkorea/startseite/verein/3589,2026-06-12
Korea Republic,Gi-hyuk Lee,0.8,https://www.transfermarkt.us/gi-hyuk-lee/profil/spieler/763349,https://www.transfermarkt.us/sudkorea/startseite/verein/3589,2026-06-12
Korea Republic,Wi-je Cho,0.55,https://www.transfermarkt.us/wi-je-cho/profil/spieler/550978,https://www.transfermarkt.us/sudkorea/startseite/verein/3589,2026-06-12
Korea Republic,Tae-seok Lee,2,https://www.transfermarkt.us/tae-seok-lee/profil/spieler/639027,https://www.transfermarkt.us/sudkorea/startseite/verein/3589,2026-06-12
Korea Republic,Young-woo Seol,6.5,https://www.transfermarkt.us/young-woo-seol/profil/spieler/639414,https://www.transfermarkt.us/sudkorea/startseite/verein/3589,2026-06-12
Korea Republic,Moon-hwan Kim,0.75,https://www.transfermarkt.us/moon-hwan-kim/profil/spieler/524592,https://www.transfermarkt.us/sudkorea/startseite/verein/3589,2026-06-12
Korea Republic,In-beom Hwang,7,https://www.transfermarkt.us/in-beom-hwang/profil/spieler/365394,https://www.transfermarkt.us/sudkorea/startseite/verein/3589,2026-06-12
Korea Republic,Jin-seob Park,1,https://www.transfermarkt.us/jin-seob-park/profil/spieler/557469,https://www.transfermarkt.us/sudkorea/startseite/verein/3589,2026-06-12
Korea Republic,Jens Castrop,10,https://www.transfermarkt.us/jens-castrop/profil/spieler/613192,https://www.transfermarkt.us/sudkorea/startseite/verein/3589,2026-06-12
Korea Republic,Seung-ho Paik,2,https://www.transfermarkt.us/seung-ho-paik/profil/spieler/282689,https://www.transfermarkt.us/sudkorea/startseite/verein/3589,2026-06-12
Korea Republic,Jin-gyu Kim,1.2,https://www.transfermarkt.us/jin-gyu-kim/profil/spieler/365377,https://www.transfermarkt.us/sudkorea/startseite/verein/3589,2026-06-12
Korea Republic,Kang-in Lee,28,https://www.transfermarkt.us/kang-in-lee/profil/spieler/557149,https://www.transfermarkt.us/sudkorea/startseite/verein/3589,2026-06-12
Korea Republic,Jun-ho Bae,4,https://www.transfermarkt.us/jun-ho-bae/profil/spieler/912081,https://www.transfermarkt.us/sudkorea/startseite/verein/3589,2026-06-12
Korea Republic,Jae-sung Lee,2,https://www.transfermarkt.us/jae-sung-lee/profil/spieler/314398,https://www.transfermarkt.us/sudkorea/startseite/verein/3589,2026-06-12
Korea Republic,Dong-gyeong Lee,1.6,https://www.transfermarkt.us/dong-gyeong-lee/profil/spieler/558086,https://www.transfermarkt.us/sudkorea/startseite/verein/3589,2026-06-12
Korea Republic,Ji-sung Eom,1.8,https://www.transfermarkt.us/ji-sung-eom/profil/spieler/706968,https://www.transfermarkt.us/sudkorea/startseite/verein/3589,2026-06-12
Korea Republic,Hyun-jun Yang,5,https://www.transfermarkt.us/hyun-jun-yang/profil/spieler/853110,https://www.transfermarkt.us/sudkorea/startseite/verein/3589,2026-06-12
Korea Republic,Hyeon-gyu Oh,15,https://www.transfermarkt.us/hyeon-gyu-oh/profil/spieler/639246,https://www.transfermarkt.us/sudkorea/startseite/verein/3589,2026-06-12
Korea Republic,Hee-chan Hwang,6,https://www.transfermarkt.us/hee-chan-hwang/profil/spieler/292246,https://www.transfermarkt.us/sudkorea/startseite/verein/3589,2026-06-12
Korea Republic,Gue-sung Cho,2.5,https://www.transfermarkt.us/gue-sung-cho/profil/spieler/652537,https://www.transfermarkt.us/sudkorea/startseite/verein/3589,2026-06-12
Egypt,Oufa Shobeir,1.2,https://www.transfermarkt.us/oufa-shobeir/profil/spieler/661455,https://www.transfermarkt.us/agypten/startseite/verein/3672,2026-06-12
Egypt,Mohamed Alaa,1.2,https://www.transfermarkt.us/mohamed-alaa/profil/spieler/1307898,https://www.transfermarkt.us/agypten/startseite/verein/3672,2026-06-12
Egypt,Mohamed El Shenawy,0.5,https://www.transfermarkt.us/mohamed-el-shenawy/profil/spieler/134573,https://www.transfermarkt.us/agypten/startseite/verein/3672,2026-06-12
Egypt,El Mahdi Soliman,0.15,https://www.transfermarkt.us/el-mahdi-soliman/profil/spieler/104951,https://www.transfermarkt.us/agypten/startseite/verein/3672,2026-06-12
Egypt,Mohamed Abdelmonem,2.5,https://www.transfermarkt.us/mohamed-abdelmonem/profil/spieler/566025,https://www.transfermarkt.us/agypten/startseite/verein/3672,2026-06-12
Egypt,Hossam Abdelmaguid,2,https://www.transfermarkt.us/hossam-abdelmaguid/profil/spieler/737524,https://www.transfermarkt.us/agypten/startseite/verein/3672,2026-06-12
Egypt,Ramy Rabia,0.6,https://www.transfermarkt.us/ramy-rabia/profil/spieler/172623,https://www.transfermarkt.us/agypten/startseite/verein/3672,2026-06-12
Egypt,Yasser Ibrahim,0.28,https://www.transfermarkt.us/yasser-ibrahim/profil/spieler/237425,https://www.transfermarkt.us/agypten/startseite/verein/3672,2026-06-12
Egypt,Ahmed Fatouh,1,https://www.transfermarkt.us/ahmed-fatouh/profil/spieler/465966,https://www.transfermarkt.us/agypten/startseite/verein/3672,2026-06-12
Egypt,Karim Hafez,0.7,https://www.transfermarkt.us/karim-hafez/profil/spieler/333004,https://www.transfermarkt.us/agypten/startseite/verein/3672,2026-06-12
Egypt,Mohamed Hany,1.5,https://www.transfermarkt.us/mohamed-hany/profil/spieler/343974,https://www.transfermarkt.us/agypten/startseite/verein/3672,2026-06-12
Egypt,Tarek Alaa,0.25,https://www.transfermarkt.us/tarek-alaa/profil/spieler/1087789,https://www.transfermarkt.us/agypten/startseite/verein/3672,2026-06-12
Egypt,Marwan Ateya,4,https://www.transfermarkt.us/marwan-ateya/profil/spieler/734542,https://www.transfermarkt.us/agypten/startseite/verein/3672,2026-06-12
Egypt,Mohanad Lasheen,3,https://www.transfermarkt.us/mohanad-lasheen/profil/spieler/479682,https://www.transfermarkt.us/agypten/startseite/verein/3672,2026-06-12
Egypt,Hamdy Fathy,1.8,https://www.transfermarkt.us/hamdy-fathy/profil/spieler/340303,https://www.transfermarkt.us/agypten/startseite/verein/3672,2026-06-12
Egypt,Nabil Dunga,1,https://www.transfermarkt.us/nabil-dunga/profil/spieler/479683,https://www.transfermarkt.us/agypten/startseite/verein/3672,2026-06-12
Egypt,Emam Ashour,4,https://www.transfermarkt.us/emam-ashour/profil/spieler/604008,https://www.transfermarkt.us/agypten/startseite/verein/3672,2026-06-12
Egypt,Mahmoud Saber,1.5,https://www.transfermarkt.us/mahmoud-saber/profil/spieler/729390,https://www.transfermarkt.us/agypten/startseite/verein/3672,2026-06-12
Egypt,Trezeguet,4.5,https://www.transfermarkt.us/trezeguet/profil/spieler/234189,https://www.transfermarkt.us/agypten/startseite/verein/3672,2026-06-12
Egypt,Ibrahim Adel,2.5,https://www.transfermarkt.us/ibrahim-adel/profil/spieler/677278,https://www.transfermarkt.us/agypten/startseite/verein/3672,2026-06-12
Egypt,Mostafa Ziko,1.8,https://www.transfermarkt.us/mostafa-ziko/profil/spieler/896616,https://www.transfermarkt.us/agypten/startseite/verein/3672,2026-06-12
Egypt,Haissem Hassan,3.5,https://www.transfermarkt.us/haissem-hassan/profil/spieler/620164,https://www.transfermarkt.us/agypten/startseite/verein/3672,2026-06-12
Egypt,Zizo,3.5,https://www.transfermarkt.us/zizo/profil/spieler/320722,https://www.transfermarkt.us/agypten/startseite/verein/3672,2026-06-12
Egypt,Omar Marmoush,50,https://www.transfermarkt.us/omar-marmoush/profil/spieler/445939,https://www.transfermarkt.us/agypten/startseite/verein/3672,2026-06-12
Egypt,Hamza Abdelkarim,1.5,https://www.transfermarkt.us/hamza-abdelkarim/profil/spieler/1259085,https://www.transfermarkt.us/agypten/startseite/verein/3672,2026-06-12
Uzbekistan,Abduvokhid Nematov,1.5,https://www.transfermarkt.us/abduvokhid-nematov/profil/spieler/527866,https://www.transfermarkt.us/usbekistan/startseite/verein/3563,2026-06-12
Uzbekistan,Utkir Yusupov,0.5,https://www.transfermarkt.us/utkir-yusupov/profil/spieler/311958,https://www.transfermarkt.us/usbekistan/startseite/verein/3563,2026-06-12
Uzbekistan,Botirali Ergashev,0.5,https://www.transfermarkt.us/botirali-ergashev/profil/spieler/312690,https://www.transfermarkt.us/usbekistan/startseite/verein/3563,2026-06-12
Uzbekistan,Abdukodir Khusanov,50,https://www.transfermarkt.us/abdukodir-khusanov/profil/spieler/763079,https://www.transfermarkt.us/usbekistan/startseite/verein/3563,2026-06-12
Uzbekistan,Rustam Ashurmatov,0.75,https://www.transfermarkt.us/rustam-ashurmatov/profil/spieler/288883,https://www.transfermarkt.us/usbekistan/startseite/verein/3563,2026-06-12
Uzbekistan,Jakhongir Urozov,0.6,https://www.transfermarkt.us/jakhongir-urozov/profil/spieler/989069,https://www.transfermarkt.us/usbekistan/startseite/verein/3563,2026-06-12
Uzbekistan,Avazbek Ulmasaliev,0.5,https://www.transfermarkt.us/avazbek-ulmasaliev/profil/spieler/538764,https://www.transfermarkt.us/usbekistan/startseite/verein/3563,2026-06-12
Uzbekistan,Umar Eshmurodov,0.45,https://www.transfermarkt.us/umar-eshmurodov/profil/spieler/493725,https://www.transfermarkt.us/usbekistan/startseite/verein/3563,2026-06-12
Uzbekistan,Sherzod Nasrullaev,1.2,https://www.transfermarkt.us/sherzod-nasrullaev/profil/spieler/608537,https://www.transfermarkt.us/usbekistan/startseite/verein/3563,2026-06-12
Uzbekistan,Farrukh Sayfiev,0.23,https://www.transfermarkt.us/farrukh-sayfiev/profil/spieler/212499,https://www.transfermarkt.us/usbekistan/startseite/verein/3563,2026-06-12
Uzbekistan,Khozhiakbar Alizhonov,1.3,https://www.transfermarkt.us/khozhiakbar-alizhonov/profil/spieler/492558,https://www.transfermarkt.us/usbekistan/startseite/verein/3563,2026-06-12
Uzbekistan,Bekhruz Karimov,0.35,https://www.transfermarkt.us/bekhruz-karimov/profil/spieler/1106187,https://www.transfermarkt.us/usbekistan/startseite/verein/3563,2026-06-12
Uzbekistan,Odildzhon Khamrobekov,1,https://www.transfermarkt.us/odildzhon-khamrobekov/profil/spieler/288915,https://www.transfermarkt.us/usbekistan/startseite/verein/3563,2026-06-12
Uzbekistan,Abdulla Abdullaev,0.5,https://www.transfermarkt.us/abdulla-abdullaev/profil/spieler/570272,https://www.transfermarkt.us/usbekistan/startseite/verein/3563,2026-06-12
Uzbekistan,Aziz Ganiev,2,https://www.transfermarkt.us/aziz-ganiev/profil/spieler/431911,https://www.transfermarkt.us/usbekistan/startseite/verein/3563,2026-06-12
Uzbekistan,Otabek Shukurov,1.5,https://www.transfermarkt.us/otabek-shukurov/profil/spieler/294525,https://www.transfermarkt.us/usbekistan/startseite/verein/3563,2026-06-12
Uzbekistan,Akmal Mozgovoy,1.4,https://www.transfermarkt.us/akmal-mozgovoy/profil/spieler/562022,https://www.transfermarkt.us/usbekistan/startseite/verein/3563,2026-06-12
Uzbekistan,Sherzod Esanov,0.45,https://www.transfermarkt.us/sherzod-esanov/profil/spieler/989068,https://www.transfermarkt.us/usbekistan/startseite/verein/3563,2026-06-12
Uzbekistan,Jamshid Iskanderov,1,https://www.transfermarkt.us/jamshid-iskanderov/profil/spieler/260857,https://www.transfermarkt.us/usbekistan/startseite/verein/3563,2026-06-12
Uzbekistan,Oston Urunov,2,https://www.transfermarkt.us/oston-urunov/profil/spieler/492556,https://www.transfermarkt.us/usbekistan/startseite/verein/3563,2026-06-12
Uzbekistan,Jaloliddin Masharipov,1,https://www.transfermarkt.us/jaloliddin-masharipov/profil/spieler/274536,https://www.transfermarkt.us/usbekistan/startseite/verein/3563,2026-06-12
Uzbekistan,Abbosbek Fayzullaev,7,https://www.transfermarkt.us/abbosbek-fayzullaev/profil/spieler/754037,https://www.transfermarkt.us/usbekistan/startseite/verein/3563,2026-06-12
Uzbekistan,Dostonbek Khamdamov,0.9,https://www.transfermarkt.us/dostonbek-khamdamov/profil/spieler/294502,https://www.transfermarkt.us/usbekistan/startseite/verein/3563,2026-06-12
Uzbekistan,Igor Sergeev,1.2,https://www.transfermarkt.us/igor-sergeev/profil/spieler/185372,https://www.transfermarkt.us/usbekistan/startseite/verein/3563,2026-06-12
Uzbekistan,Azizbek Amanov,0.5,https://www.transfermarkt.us/azizbek-amanov/profil/spieler/517918,https://www.transfermarkt.us/usbekistan/startseite/verein/3563,2026-06-12
Australia,Patrick Beach,1,https://www.transfermarkt.us/patrick-beach/profil/spieler/983578,https://www.transfermarkt.us/australien/startseite/verein/3433,2026-06-12
Australia,Paul Izzo,0.5,https://www.transfermarkt.us/paul-izzo/profil/spieler/181921,https://www.transfermarkt.us/australien/startseite/verein/3433,2026-06-12
Australia,Alessandro Circati,12,https://www.transfermarkt.us/alessandro-circati/profil/spieler/867137,https://www.transfermarkt.us/australien/startseite/verein/3433,2026-06-12
Australia,Lucas Herrington,4.5,https://www.transfermarkt.us/lucas-herrington/profil/spieler/1279984,https://www.transfermarkt.us/australien/startseite/verein/3433,2026-06-12
Australia,Harry Souttar,3.5,https://www.transfermarkt.us/harry-souttar/profil/spieler/298091,https://www.transfermarkt.us/australien/startseite/verein/3433,2026-06-12
Australia,Cameron Burgess,1.5,https://www.transfermarkt.us/cameron-burgess/profil/spieler/255788,https://www.transfermarkt.us/australien/startseite/verein/3433,2026-06-12
Australia,Milos Degenek,0.45,https://www.transfermarkt.us/milos-degenek/profil/spieler/187353,https://www.transfermarkt.us/australien/startseite/verein/3433,2026-06-12
Australia,Jordan Bos,12,https://www.transfermarkt.us/jordan-bos/profil/spieler/855731,https://www.transfermarkt.us/australien/startseite/verein/3433,2026-06-12
Australia,Aziz Behich,0.25,https://www.transfermarkt.us/aziz-behich/profil/spieler/136834,https://www.transfermarkt.us/australien/startseite/verein/3433,2026-06-12
Australia,Jacob Italiano,0.6,https://www.transfermarkt.us/jacob-italiano/profil/spieler/545810,https://www.transfermarkt.us/australien/startseite/verein/3433,2026-06-12
Australia,Jason Geria,0.35,https://www.transfermarkt.us/jason-geria/profil/spieler/185175,https://www.transfermarkt.us/australien/startseite/verein/3433,2026-06-12
Australia,Aiden O'Neill,3,https://www.transfermarkt.us/aiden-oneill/profil/spieler/385918,https://www.transfermarkt.us/australien/startseite/verein/3433,2026-06-12
Australia,Kai Trewin,1.8,https://www.transfermarkt.us/kai-trewin/profil/spieler/691326,https://www.transfermarkt.us/australien/startseite/verein/3433,2026-06-12
Australia,Paul Okon-Engstler,1.2,https://www.transfermarkt.us/paul-okon-engstler/profil/spieler/1064377,https://www.transfermarkt.us/australien/startseite/verein/3433,2026-06-12
Australia,Cammy Devlin,2,https://www.transfermarkt.us/cammy-devlin/profil/spieler/399162,https://www.transfermarkt.us/australien/startseite/verein/3433,2026-06-12
Australia,Connor Metcalfe,1.5,https://www.transfermarkt.us/connor-metcalfe/profil/spieler/522223,https://www.transfermarkt.us/australien/startseite/verein/3433,2026-06-12
Australia,Jackson Irvine,1,https://www.transfermarkt.us/jackson-irvine/profil/spieler/192557,https://www.transfermarkt.us/australien/startseite/verein/3433,2026-06-12
Australia,Ajdin Hrustic,0.6,https://www.transfermarkt.us/ajdin-hrustic/profil/spieler/265625,https://www.transfermarkt.us/australien/startseite/verein/3433,2026-06-12
Australia,Cristian Volpato,10,https://www.transfermarkt.us/cristian-volpato/profil/spieler/746891,https://www.transfermarkt.us/australien/startseite/verein/3433,2026-06-12
Australia,Nishan Velupillay,0.65,https://www.transfermarkt.us/nishan-velupillay/profil/spieler/888140,https://www.transfermarkt.us/australien/startseite/verein/3433,2026-06-12
Australia,Awer Mabil,0.5,https://www.transfermarkt.us/awer-mabil/profil/spieler/255729,https://www.transfermarkt.us/australien/startseite/verein/3433,2026-06-12
Australia,Mathew Leckie,0.3,https://www.transfermarkt.us/mathew-leckie/profil/spieler/126214,https://www.transfermarkt.us/australien/startseite/verein/3433,2026-06-12
Australia,Nestory Irankunda,8,https://www.transfermarkt.us/nestory-irankunda/profil/spieler/956920,https://www.transfermarkt.us/australien/startseite/verein/3433,2026-06-12
Australia,Mohamed Touré,8,https://www.transfermarkt.us/mohamed-toure/profil/spieler/742770,https://www.transfermarkt.us/australien/startseite/verein/3433,2026-06-12
Australia,Tete Yengi,0.45,https://www.transfermarkt.us/tete-yengi/profil/spieler/849429,https://www.transfermarkt.us/australien/startseite/verein/3433,2026-06-12
Tunisia,Abdelmouhib Chamakh,0.8,https://www.transfermarkt.us/abdelmouhib-chamakh/profil/spieler/584250,https://www.transfermarkt.us/tunesien/startseite/verein/3670,2026-06-12
Tunisia,Aymen Dahmen,0.8,https://www.transfermarkt.us/aymen-dahmen/profil/spieler/569433,https://www.transfermarkt.us/tunesien/startseite/verein/3670,2026-06-12
Tunisia,Sabri Ben Hessen,0.55,https://www.transfermarkt.us/sabri-ben-hessen/profil/spieler/295381,https://www.transfermarkt.us/tunesien/startseite/verein/3670,2026-06-12
Tunisia,Montassar Talbi,8,https://www.transfermarkt.us/montassar-talbi/profil/spieler/496706,https://www.transfermarkt.us/tunesien/startseite/verein/3670,2026-06-12
Tunisia,Adem Arous,4,https://www.transfermarkt.us/adem-arous/profil/spieler/1071742,https://www.transfermarkt.us/tunesien/startseite/verein/3670,2026-06-12
Tunisia,Dylan Bronn,0.6,https://www.transfermarkt.us/dylan-bronn/profil/spieler/450417,https://www.transfermarkt.us/tunesien/startseite/verein/3670,2026-06-12
Tunisia,Raed Chikhaoui,0.6,https://www.transfermarkt.us/raed-chikhaoui/profil/spieler/1075790,https://www.transfermarkt.us/tunesien/startseite/verein/3670,2026-06-12
Tunisia,Omar Rekik,0.5,https://www.transfermarkt.us/omar-rekik/profil/spieler/578292,https://www.transfermarkt.us/tunesien/startseite/verein/3670,2026-06-12
Tunisia,Ali Abdi,2,https://www.transfermarkt.us/ali-abdi/profil/spieler/211474,https://www.transfermarkt.us/tunesien/startseite/verein/3670,2026-06-12
Tunisia,Mohamed Amine Ben Hamida,1,https://www.transfermarkt.us/mohamed-amine-ben-hamida/profil/spieler/454495,https://www.transfermarkt.us/tunesien/startseite/verein/3670,2026-06-12
Tunisia,Yan Valery,1.5,https://www.transfermarkt.us/yan-valery/profil/spieler/406008,https://www.transfermarkt.us/tunesien/startseite/verein/3670,2026-06-12
Tunisia,Moutaz Neffati,1.2,https://www.transfermarkt.us/moutaz-neffati/profil/spieler/1034598,https://www.transfermarkt.us/tunesien/startseite/verein/3670,2026-06-12
Tunisia,Rani Khedira,2,https://www.transfermarkt.us/rani-khedira/profil/spieler/124410,https://www.transfermarkt.us/tunesien/startseite/verein/3670,2026-06-12
Tunisia,Mohamed Belhadj Mahmoud,2,https://www.transfermarkt.us/mohamed-belhadj-mahmoud/profil/spieler/673513,https://www.transfermarkt.us/tunesien/startseite/verein/3670,2026-06-12
Tunisia,Anis Ben Slimane,4,https://www.transfermarkt.us/anis-ben-slimane/profil/spieler/546712,https://www.transfermarkt.us/tunesien/startseite/verein/3670,2026-06-12
Tunisia,Hannibal,15,https://www.transfermarkt.us/hannibal/profil/spieler/607224,https://www.transfermarkt.us/tunesien/startseite/verein/3670,2026-06-12
Tunisia,Ismaël Gharbi,5,https://www.transfermarkt.us/ismael-gharbi/profil/spieler/810096,https://www.transfermarkt.us/tunesien/startseite/verein/3670,2026-06-12
Tunisia,Sebastian Tounekti,5,https://www.transfermarkt.us/sebastian-tounekti/profil/spieler/539677,https://www.transfermarkt.us/tunesien/startseite/verein/3670,2026-06-12
Tunisia,Elias Achouri,3,https://www.transfermarkt.us/elias-achouri/profil/spieler/645589,https://www.transfermarkt.us/tunesien/startseite/verein/3670,2026-06-12
Tunisia,Elias Saad,2,https://www.transfermarkt.us/elias-saad/profil/spieler/526466,https://www.transfermarkt.us/tunesien/startseite/verein/3670,2026-06-12
Tunisia,Mortadha Ben Ouanes,1.5,https://www.transfermarkt.us/mortadha-ben-ouanes/profil/spieler/230921,https://www.transfermarkt.us/tunesien/startseite/verein/3670,2026-06-12
Tunisia,Khalil Ayari,1,https://www.transfermarkt.us/khalil-ayari/profil/spieler/1198342,https://www.transfermarkt.us/tunesien/startseite/verein/3670,2026-06-12
Tunisia,Firas Chaouat,1.2,https://www.transfermarkt.us/firas-chaouat/profil/spieler/402087,https://www.transfermarkt.us/tunesien/startseite/verein/3670,2026-06-12
Tunisia,Hazem Mastouri,0.9,https://www.transfermarkt.us/hazem-mastouri/profil/spieler/953150,https://www.transfermarkt.us/tunesien/startseite/verein/3670,2026-06-12
Tunisia,Rayan Elloumi,0.8,https://www.transfermarkt.us/rayan-elloumi/profil/spieler/1273985,https://www.transfermarkt.us/tunesien/startseite/verein/3670,2026-06-12
Haiti,Alexandre Pierre,0.7,https://www.transfermarkt.us/alexandre-pierre/profil/spieler/838947,https://www.transfermarkt.us/haiti/startseite/verein/14161,2026-06-12
Haiti,Josué Duverger,0.05,https://www.transfermarkt.us/josue-duverger/profil/spieler/490369,https://www.transfermarkt.us/haiti/startseite/verein/14161,2026-06-12
Haiti,Hannes Delcroix,2,https://www.transfermarkt.us/hannes-delcroix/profil/spieler/338635,https://www.transfermarkt.us/haiti/startseite/verein/14161,2026-06-12
Haiti,Jean-Kévin Duverne,2,https://www.transfermarkt.us/jean-kevin-duverne/profil/spieler/344864,https://www.transfermarkt.us/haiti/startseite/verein/14161,2026-06-12
Haiti,Ricardo Adé,0.3,https://www.transfermarkt.us/ricardo-ade/profil/spieler/278145,https://www.transfermarkt.us/haiti/startseite/verein/14161,2026-06-12
Haiti,Keeto Thermoncy,0.1,https://www.transfermarkt.us/keeto-thermoncy/profil/spieler/1061046,https://www.transfermarkt.us/haiti/startseite/verein/14161,2026-06-12
Haiti,Martin Expérience,0.35,https://www.transfermarkt.us/martin-experience/profil/spieler/804885,https://www.transfermarkt.us/haiti/startseite/verein/14161,2026-06-12
Haiti,Duke Lacroix,0.13,https://www.transfermarkt.us/duke-lacroix/profil/spieler/375472,https://www.transfermarkt.us/haiti/startseite/verein/14161,2026-06-12
Haiti,Carlens Arcus,1.8,https://www.transfermarkt.us/carlens-arcus/profil/spieler/371686,https://www.transfermarkt.us/haiti/startseite/verein/14161,2026-06-12
Haiti,Wilguens Paugain,0.8,https://www.transfermarkt.us/wilguens-paugain/profil/spieler/609691,https://www.transfermarkt.us/haiti/startseite/verein/14161,2026-06-12
Haiti,Danley Jean Jacques,3,https://www.transfermarkt.us/danley-jean-jacques/profil/spieler/628834,https://www.transfermarkt.us/haiti/startseite/verein/14161,2026-06-12
Haiti,Leverton Pierre,0.2,https://www.transfermarkt.us/leverton-pierre/profil/spieler/552467,https://www.transfermarkt.us/haiti/startseite/verein/14161,2026-06-12
Haiti,Dominique Simon,0.2,https://www.transfermarkt.us/dominique-simon/profil/spieler/988188,https://www.transfermarkt.us/haiti/startseite/verein/14161,2026-06-12
Haiti,Carl Sainté,0.13,https://www.transfermarkt.us/carl-sainte/profil/spieler/718244,https://www.transfermarkt.us/haiti/startseite/verein/14161,2026-06-12
Haiti,Woodensky Pierre,0.1,https://www.transfermarkt.us/woodensky-pierre/profil/spieler/1017735,https://www.transfermarkt.us/haiti/startseite/verein/14161,2026-06-12
Haiti,Jean-Ricner Bellegarde,16,https://www.transfermarkt.us/jean-ricner-bellegarde/profil/spieler/450050,https://www.transfermarkt.us/haiti/startseite/verein/14161,2026-06-12
Haiti,Derrick Etienne Jr.,0.8,https://www.transfermarkt.us/derrick-etienne-jr-/profil/spieler/354763,https://www.transfermarkt.us/haiti/startseite/verein/14161,2026-06-12
Haiti,Ruben Providence,0.3,https://www.transfermarkt.us/ruben-providence/profil/spieler/536520,https://www.transfermarkt.us/haiti/startseite/verein/14161,2026-06-12
Haiti,Josué Casimir,3,https://www.transfermarkt.us/josue-casimir/profil/spieler/763182,https://www.transfermarkt.us/haiti/startseite/verein/14161,2026-06-12
Haiti,Louicius Deedson,1.2,https://www.transfermarkt.us/louicius-deedson/profil/spieler/646108,https://www.transfermarkt.us/haiti/startseite/verein/14161,2026-06-12
Haiti,Wilson Isidor,18,https://www.transfermarkt.us/wilson-isidor/profil/spieler/494237,https://www.transfermarkt.us/haiti/startseite/verein/14161,2026-06-12
Haiti,Lenny Joseph,2,https://www.transfermarkt.us/lenny-joseph/profil/spieler/815359,https://www.transfermarkt.us/haiti/startseite/verein/14161,2026-06-12
Haiti,Frantzdy Pierrot,1.5,https://www.transfermarkt.us/frantzdy-pierrot/profil/spieler/492955,https://www.transfermarkt.us/haiti/startseite/verein/14161,2026-06-12
Haiti,Duckens Nazon,0.8,https://www.transfermarkt.us/duckens-nazon/profil/spieler/345763,https://www.transfermarkt.us/haiti/startseite/verein/14161,2026-06-12
Haiti,Yassin Fortuné,0.3,https://www.transfermarkt.us/yassin-fortune/profil/spieler/342878,https://www.transfermarkt.us/haiti/startseite/verein/14161,2026-06-12
Cabo Verde,CJ dos Santos,1,https://www.transfermarkt.us/cj-dos-santos/profil/spieler/532096,https://www.transfermarkt.us/kap-verde/startseite/verein/4311,2026-06-12
Cabo Verde,Márcio Rosa,0.35,https://www.transfermarkt.us/marcio-rosa/profil/spieler/398048,https://www.transfermarkt.us/kap-verde/startseite/verein/4311,2026-06-12
Cabo Verde,Vozinha,0.05,https://www.transfermarkt.us/vozinha/profil/spieler/242277,https://www.transfermarkt.us/kap-verde/startseite/verein/4311,2026-06-12
Cabo Verde,Logan Costa,15,https://www.transfermarkt.us/logan-costa/profil/spieler/484988,https://www.transfermarkt.us/kap-verde/startseite/verein/4311,2026-06-12
Cabo Verde,Diney Borges,0.9,https://www.transfermarkt.us/diney-borges/profil/spieler/349570,https://www.transfermarkt.us/kap-verde/startseite/verein/4311,2026-06-12
Cabo Verde,Kelvin Pires,0.4,https://www.transfermarkt.us/kelvin-pires/profil/spieler/662119,https://www.transfermarkt.us/kap-verde/startseite/verein/4311,2026-06-12
Cabo Verde,Roberto Lopes,0.25,https://www.transfermarkt.us/roberto-lopes/profil/spieler/166158,https://www.transfermarkt.us/kap-verde/startseite/verein/4311,2026-06-12
Cabo Verde,Stopira,0.05,https://www.transfermarkt.us/stopira/profil/spieler/80486,https://www.transfermarkt.us/kap-verde/startseite/verein/4311,2026-06-12
Cabo Verde,Sidny Lopes Cabral,4,https://www.transfermarkt.us/sidny-lopes-cabral/profil/spieler/611855,https://www.transfermarkt.us/kap-verde/startseite/verein/4311,2026-06-12
Cabo Verde,Wagner Pina,11,https://www.transfermarkt.us/wagner-pina/profil/spieler/1072017,https://www.transfermarkt.us/kap-verde/startseite/verein/4311,2026-06-12
Cabo Verde,Steven Moreira,1.5,https://www.transfermarkt.us/steven-moreira/profil/spieler/203517,https://www.transfermarkt.us/kap-verde/startseite/verein/4311,2026-06-12
Cabo Verde,Kevin Lenini,5,https://www.transfermarkt.us/kevin-lenini/profil/spieler/544586,https://www.transfermarkt.us/kap-verde/startseite/verein/4311,2026-06-12
Cabo Verde,Laros Duarte,1,https://www.transfermarkt.us/laros-duarte/profil/spieler/258513,https://www.transfermarkt.us/kap-verde/startseite/verein/4311,2026-06-12
Cabo Verde,João Paulo,0.9,https://www.transfermarkt.us/joao-paulo/profil/spieler/623965,https://www.transfermarkt.us/kap-verde/startseite/verein/4311,2026-06-12
Cabo Verde,Deroy Duarte,1.8,https://www.transfermarkt.us/deroy-duarte/profil/spieler/432852,https://www.transfermarkt.us/kap-verde/startseite/verein/4311,2026-06-12
Cabo Verde,Jamiro Monteiro,0.65,https://www.transfermarkt.us/jamiro-monteiro/profil/spieler/272930,https://www.transfermarkt.us/kap-verde/startseite/verein/4311,2026-06-12
Cabo Verde,Yannick Semedo,0.25,https://www.transfermarkt.us/yannick-semedo/profil/spieler/620307,https://www.transfermarkt.us/kap-verde/startseite/verein/4311,2026-06-12
Cabo Verde,Hélio Varela,2.5,https://www.transfermarkt.us/helio-varela/profil/spieler/840836,https://www.transfermarkt.us/kap-verde/startseite/verein/4311,2026-06-12
Cabo Verde,Jovane Cabral,1,https://www.transfermarkt.us/jovane-cabral/profil/spieler/448466,https://www.transfermarkt.us/kap-verde/startseite/verein/4311,2026-06-12
Cabo Verde,Willy Semedo,1,https://www.transfermarkt.us/willy-semedo/profil/spieler/531450,https://www.transfermarkt.us/kap-verde/startseite/verein/4311,2026-06-12
Cabo Verde,Telmo Arcanjo,3,https://www.transfermarkt.us/telmo-arcanjo/profil/spieler/791528,https://www.transfermarkt.us/kap-verde/startseite/verein/4311,2026-06-12
Cabo Verde,Garry Rodrigues,0.3,https://www.transfermarkt.us/garry-rodrigues/profil/spieler/170895,https://www.transfermarkt.us/kap-verde/startseite/verein/4311,2026-06-12
Cabo Verde,Benchimol,1.2,https://www.transfermarkt.us/benchimol/profil/spieler/820252,https://www.transfermarkt.us/kap-verde/startseite/verein/4311,2026-06-12
Cabo Verde,Dailon Livramento,0.8,https://www.transfermarkt.us/dailon-livramento/profil/spieler/676411,https://www.transfermarkt.us/kap-verde/startseite/verein/4311,2026-06-12
Cabo Verde,Nuno Da Costa,0.4,https://www.transfermarkt.us/nuno-da-costa/profil/spieler/306166,https://www.transfermarkt.us/kap-verde/startseite/verein/4311,2026-06-12
South Africa,Sipho Chaine,1.6,https://www.transfermarkt.us/sipho-chaine/profil/spieler/453370,https://www.transfermarkt.us/sudafrika/startseite/verein/3806,2026-06-12
South Africa,Ricardo Goss,0.35,https://www.transfermarkt.us/ricardo-goss/profil/spieler/258304,https://www.transfermarkt.us/sudafrika/startseite/verein/3806,2026-06-12
South Africa,Mbekezeli Mbokazi,3.5,https://www.transfermarkt.us/mbekezeli-mbokazi/profil/spieler/1378320,https://www.transfermarkt.us/sudafrika/startseite/verein/3806,2026-06-12
South Africa,Ime Okon,2,https://www.transfermarkt.us/ime-okon/profil/spieler/1107265,https://www.transfermarkt.us/sudafrika/startseite/verein/3806,2026-06-12
South Africa,Olwethu Makhanya,2,https://www.transfermarkt.us/olwethu-makhanya/profil/spieler/1069801,https://www.transfermarkt.us/sudafrika/startseite/verein/3806,2026-06-12
South Africa,Nkosinathi Sibisi,1.6,https://www.transfermarkt.us/nkosinathi-sibisi/profil/spieler/399068,https://www.transfermarkt.us/sudafrika/startseite/verein/3806,2026-06-12
South Africa,Khulumani Ndamane,1.2,https://www.transfermarkt.us/khulumani-ndamane/profil/spieler/1283140,https://www.transfermarkt.us/sudafrika/startseite/verein/3806,2026-06-12
South Africa,Samukele Kabini,2.5,https://www.transfermarkt.us/samukele-kabini/profil/spieler/1175086,https://www.transfermarkt.us/sudafrika/startseite/verein/3806,2026-06-12
South Africa,Aubrey Modiba,1.8,https://www.transfermarkt.us/aubrey-modiba/profil/spieler/353432,https://www.transfermarkt.us/sudafrika/startseite/verein/3806,2026-06-12
South Africa,Bradley Cross,1,https://www.transfermarkt.us/bradley-cross/profil/spieler/555209,https://www.transfermarkt.us/sudafrika/startseite/verein/3806,2026-06-12
South Africa,Thabang Matuludi,1.2,https://www.transfermarkt.us/thabang-matuludi/profil/spieler/1109254,https://www.transfermarkt.us/sudafrika/startseite/verein/3806,2026-06-12
South Africa,Khuliso Mudau,1.2,https://www.transfermarkt.us/khuliso-mudau/profil/spieler/450806,https://www.transfermarkt.us/sudafrika/startseite/verein/3806,2026-06-12
South Africa,Kamogelo Sebelebele,1.2,https://www.transfermarkt.us/kamogelo-sebelebele/profil/spieler/994370,https://www.transfermarkt.us/sudafrika/startseite/verein/3806,2026-06-12
South Africa,Teboho Mokoena,2.8,https://www.transfermarkt.us/teboho-mokoena/profil/spieler/436372,https://www.transfermarkt.us/sudafrika/startseite/verein/3806,2026-06-12
South Africa,Thalente Mbatha,2,https://www.transfermarkt.us/thalente-mbatha/profil/spieler/735697,https://www.transfermarkt.us/sudafrika/startseite/verein/3806,2026-06-12
South Africa,Jayden Adams,1.8,https://www.transfermarkt.us/jayden-adams/profil/spieler/804472,https://www.transfermarkt.us/sudafrika/startseite/verein/3806,2026-06-12
South Africa,Relebohile Mofokeng,3,https://www.transfermarkt.us/relebohile-mofokeng/profil/spieler/1125037,https://www.transfermarkt.us/sudafrika/startseite/verein/3806,2026-06-12
South Africa,Oswin Appollis,2.5,https://www.transfermarkt.us/oswin-appollis/profil/spieler/673381,https://www.transfermarkt.us/sudafrika/startseite/verein/3806,2026-06-12
South Africa,Tshepang Moremi,1.4,https://www.transfermarkt.us/tshepang-moremi/profil/spieler/844485,https://www.transfermarkt.us/sudafrika/startseite/verein/3806,2026-06-12
South Africa,Thapelo Maseko,0.75,https://www.transfermarkt.us/thapelo-maseko/profil/spieler/983330,https://www.transfermarkt.us/sudafrika/startseite/verein/3806,2026-06-12
South Africa,Lyle Foster,8,https://www.transfermarkt.us/lyle-foster/profil/spieler/467623,https://www.transfermarkt.us/sudafrika/startseite/verein/3806,2026-06-12
South Africa,Iqraam Rayners,2.8,https://www.transfermarkt.us/iqraam-rayners/profil/spieler/337884,https://www.transfermarkt.us/sudafrika/startseite/verein/3806,2026-06-12
South Africa,Evidence Makgopa,1.4,https://www.transfermarkt.us/evidence-makgopa/profil/spieler/746781,https://www.transfermarkt.us/sudafrika/startseite/verein/3806,2026-06-12
Saudi Arabia,Mohammed Al-Owais,0.28,https://www.transfermarkt.us/mohammed-al-owais/profil/spieler/262845,https://www.transfermarkt.us/saudi-arabien/startseite/verein/3807,2026-06-12
Saudi Arabia,Ahmed Al-Kassar,0.18,https://www.transfermarkt.us/ahmed-al-kassar/profil/spieler/177956,https://www.transfermarkt.us/saudi-arabien/startseite/verein/3807,2026-06-12
Saudi Arabia,Hassan Tambakti,1.8,https://www.transfermarkt.us/hassan-tambakti/profil/spieler/509897,https://www.transfermarkt.us/saudi-arabien/startseite/verein/3807,2026-06-12
Saudi Arabia,Abdulelah Al-Amri,1.4,https://www.transfermarkt.us/abdulelah-al-amri/profil/spieler/509894,https://www.transfermarkt.us/saudi-arabien/startseite/verein/3807,2026-06-12
Saudi Arabia,Jehad Thakri,1.2,https://www.transfermarkt.us/jehad-thakri/profil/spieler/901334,https://www.transfermarkt.us/saudi-arabien/startseite/verein/3807,2026-06-12
Saudi Arabia,Ali Lajami,0.75,https://www.transfermarkt.us/ali-lajami/profil/spieler/264909,https://www.transfermarkt.us/saudi-arabien/startseite/verein/3807,2026-06-12
Saudi Arabia,Moteb Al-Harbi,1.4,https://www.transfermarkt.us/moteb-al-harbi/profil/spieler/869509,https://www.transfermarkt.us/saudi-arabien/startseite/verein/3807,2026-06-12
Saudi Arabia,Ayman Yahya,1.2,https://www.transfermarkt.us/ayman-yahya/profil/spieler/735815,https://www.transfermarkt.us/saudi-arabien/startseite/verein/3807,2026-06-12
Saudi Arabia,Hassan Kadesh,0.28,https://www.transfermarkt.us/hassan-kadesh/profil/spieler/260859,https://www.transfermarkt.us/saudi-arabien/startseite/verein/3807,2026-06-12
Saudi Arabia,Saud Abdulhamid,9,https://www.transfermarkt.us/saud-abdulhamid/profil/spieler/631927,https://www.transfermarkt.us/saudi-arabien/startseite/verein/3807,2026-06-12
Saudi Arabia,Mohammed Abu Al-Shamat,1.8,https://www.transfermarkt.us/mohammed-abu-al-shamat/profil/spieler/1181852,https://www.transfermarkt.us/saudi-arabien/startseite/verein/3807,2026-06-12
Saudi Arabia,Ali Majrashi,1.4,https://www.transfermarkt.us/ali-majrashi/profil/spieler/672391,https://www.transfermarkt.us/saudi-arabien/startseite/verein/3807,2026-06-12
Saudi Arabia,Nawaf Boushal,1.4,https://www.transfermarkt.us/nawaf-boushal/profil/spieler/821377,https://www.transfermarkt.us/saudi-arabien/startseite/verein/3807,2026-06-12
Saudi Arabia,Ziyad Al-Johani,0.8,https://www.transfermarkt.us/ziyad-al-johani/profil/spieler/901079,https://www.transfermarkt.us/saudi-arabien/startseite/verein/3807,2026-06-12
Saudi Arabia,Abdullah Al-Khaibari,0.75,https://www.transfermarkt.us/abdullah-al-khaibari/profil/spieler/437903,https://www.transfermarkt.us/saudi-arabien/startseite/verein/3807,2026-06-12
Saudi Arabia,Musab Al-Juwayr,6,https://www.transfermarkt.us/musab-al-juwayr/profil/spieler/901181,https://www.transfermarkt.us/saudi-arabien/startseite/verein/3807,2026-06-12
Saudi Arabia,Nasser Al-Dawsari,0.9,https://www.transfermarkt.us/nasser-al-dawsari/profil/spieler/509911,https://www.transfermarkt.us/saudi-arabien/startseite/verein/3807,2026-06-12
Saudi Arabia,Mohamed Kanno,0.8,https://www.transfermarkt.us/mohamed-kanno/profil/spieler/308120,https://www.transfermarkt.us/saudi-arabien/startseite/verein/3807,2026-06-12
Saudi Arabia,Alaa Hejji,0.3,https://www.transfermarkt.us/alaa-hejji/profil/spieler/443937,https://www.transfermarkt.us/saudi-arabien/startseite/verein/3807,2026-06-12
Saudi Arabia,Khalid Al-Ghannam,2.5,https://www.transfermarkt.us/khalid-al-ghannam/profil/spieler/631923,https://www.transfermarkt.us/saudi-arabien/startseite/verein/3807,2026-06-12
Saudi Arabia,Sultan Mandash,0.35,https://www.transfermarkt.us/sultan-mandash/profil/spieler/210349,https://www.transfermarkt.us/saudi-arabien/startseite/verein/3807,2026-06-12
Saudi Arabia,Firas Al-Buraikan,3.5,https://www.transfermarkt.us/firas-al-buraikan/profil/spieler/631922,https://www.transfermarkt.us/saudi-arabien/startseite/verein/3807,2026-06-12
Saudi Arabia,Saleh Al-Shehri,0.5,https://www.transfermarkt.us/saleh-al-shehri/profil/spieler/242267,https://www.transfermarkt.us/saudi-arabien/startseite/verein/3807,2026-06-12
Saudi Arabia,Abdullah Al-Hamdan,0.35,https://www.transfermarkt.us/abdullah-al-hamdan/profil/spieler/68626,https://www.transfermarkt.us/saudi-arabien/startseite/verein/3807,2026-06-12
Panama,Orlando Mosquera,0.7,https://www.transfermarkt.us/orlando-mosquera/profil/spieler/402979,https://www.transfermarkt.us/panama/startseite/verein/3577,2026-06-12
Panama,César Samudio,0.25,https://www.transfermarkt.us/cesar-samudio/profil/spieler/865550,https://www.transfermarkt.us/panama/startseite/verein/3577,2026-06-12
Panama,José Córdoba,5,https://www.transfermarkt.us/jose-cordoba/profil/spieler/698415,https://www.transfermarkt.us/panama/startseite/verein/3577,2026-06-12
Panama,Andrés Andrade,2.5,https://www.transfermarkt.us/andres-andrade/profil/spieler/403808,https://www.transfermarkt.us/panama/startseite/verein/3577,2026-06-12
Panama,Edgardo Fariña,0.9,https://www.transfermarkt.us/edgardo-farina/profil/spieler/923177,https://www.transfermarkt.us/panama/startseite/verein/3577,2026-06-12
Panama,Jiovany Ramos,0.45,https://www.transfermarkt.us/jiovany-ramos/profil/spieler/403809,https://www.transfermarkt.us/panama/startseite/verein/3577,2026-06-12
Panama,Fidel Escobar,0.35,https://www.transfermarkt.us/fidel-escobar/profil/spieler/345716,https://www.transfermarkt.us/panama/startseite/verein/3577,2026-06-12
Panama,Roderick Miller,0.18,https://www.transfermarkt.us/roderick-miller/profil/spieler/157154,https://www.transfermarkt.us/panama/startseite/verein/3577,2026-06-12
Panama,Jorge Gutiérrez,0.8,https://www.transfermarkt.us/jorge-gutierrez/profil/spieler/443379,https://www.transfermarkt.us/panama/startseite/verein/3577,2026-06-12
Panama,Éric Davis,0.05,https://www.transfermarkt.us/eric-davis/profil/spieler/121791,https://www.transfermarkt.us/panama/startseite/verein/3577,2026-06-12
Panama,Amir Murillo,7,https://www.transfermarkt.us/amir-murillo/profil/spieler/354482,https://www.transfermarkt.us/panama/startseite/verein/3577,2026-06-12
Panama,César Blackman,2.5,https://www.transfermarkt.us/cesar-blackman/profil/spieler/440383,https://www.transfermarkt.us/panama/startseite/verein/3577,2026-06-12
Panama,Cristian Martínez,0.8,https://www.transfermarkt.us/cristian-martinez/profil/spieler/419247,https://www.transfermarkt.us/panama/startseite/verein/3577,2026-06-12
Panama,Carlos Harvey,0.6,https://www.transfermarkt.us/carlos-harvey/profil/spieler/628806,https://www.transfermarkt.us/panama/startseite/verein/3577,2026-06-12
Panama,José Luis Rodríguez,2.5,https://www.transfermarkt.us/jose-luis-rodriguez/profil/spieler/425028,https://www.transfermarkt.us/panama/startseite/verein/3577,2026-06-12
Panama,Ismael Díaz,1.8,https://www.transfermarkt.us/ismael-diaz/profil/spieler/243298,https://www.transfermarkt.us/panama/startseite/verein/3577,2026-06-12
Panama,Yoel Bárcenas,0.65,https://www.transfermarkt.us/yoel-barcenas/profil/spieler/283473,https://www.transfermarkt.us/panama/startseite/verein/3577,2026-06-12
Panama,César Yanis,0.4,https://www.transfermarkt.us/cesar-yanis/profil/spieler/741098,https://www.transfermarkt.us/panama/startseite/verein/3577,2026-06-12
Panama,Alberto Quintero,0.08,https://www.transfermarkt.us/alberto-quintero/profil/spieler/126019,https://www.transfermarkt.us/panama/startseite/verein/3577,2026-06-12
Panama,Tomás Rodríguez,1,https://www.transfermarkt.us/tomas-rodriguez/profil/spieler/569205,https://www.transfermarkt.us/panama/startseite/verein/3577,2026-06-12
Panama,Azarías Londoño,1,https://www.transfermarkt.us/azarias-londono/profil/spieler/860998,https://www.transfermarkt.us/panama/startseite/verein/3577,2026-06-12
Panama,José Fajardo,0.55,https://www.transfermarkt.us/jose-fajardo/profil/spieler/546803,https://www.transfermarkt.us/panama/startseite/verein/3577,2026-06-12
Panama,Cecilio Waterman,0.25,https://www.transfermarkt.us/cecilio-waterman/profil/spieler/177064,https://www.transfermarkt.us/panama/startseite/verein/3577,2026-06-12
New Zealand,Max Crocombe,1,https://www.transfermarkt.us/max-crocombe/profil/spieler/207843,https://www.transfermarkt.us/neuseeland/startseite/verein/9171,2026-06-12
New Zealand,Alex Paulsen,0.5,https://www.transfermarkt.us/alex-paulsen/profil/spieler/617009,https://www.transfermarkt.us/neuseeland/startseite/verein/9171,2026-06-12
New Zealand,Michael Woud,0.4,https://www.transfermarkt.us/michael-woud/profil/spieler/350347,https://www.transfermarkt.us/neuseeland/startseite/verein/9171,2026-06-12
New Zealand,Tyler Bindon,3.5,https://www.transfermarkt.us/tyler-bindon/profil/spieler/1007720,https://www.transfermarkt.us/neuseeland/startseite/verein/9171,2026-06-12
New Zealand,Finn Surman,1.8,https://www.transfermarkt.us/finn-surman/profil/spieler/724809,https://www.transfermarkt.us/neuseeland/startseite/verein/9171,2026-06-12
New Zealand,Nando Pijnaker,0.4,https://www.transfermarkt.us/nando-pijnaker/profil/spieler/455425,https://www.transfermarkt.us/neuseeland/startseite/verein/9171,2026-06-12
New Zealand,Michael Boxall,0.15,https://www.transfermarkt.us/michael-boxall/profil/spieler/81723,https://www.transfermarkt.us/neuseeland/startseite/verein/9171,2026-06-12
New Zealand,Tommy Smith,0.05,https://www.transfermarkt.us/tommy-smith/profil/spieler/54381,https://www.transfermarkt.us/neuseeland/startseite/verein/9171,2026-06-12
New Zealand,Liberato Cacace,2.5,https://www.transfermarkt.us/liberato-cacace/profil/spieler/469211,https://www.transfermarkt.us/neuseeland/startseite/verein/9171,2026-06-12
New Zealand,Ben Old,1.8,https://www.transfermarkt.us/ben-old/profil/spieler/617021,https://www.transfermarkt.us/neuseeland/startseite/verein/9171,2026-06-12
New Zealand,Francis de Vries,0.6,https://www.transfermarkt.us/francis-de-vries/profil/spieler/207061,https://www.transfermarkt.us/neuseeland/startseite/verein/9171,2026-06-12
New Zealand,Callan Elliot,0.45,https://www.transfermarkt.us/callan-elliot/profil/spieler/482204,https://www.transfermarkt.us/neuseeland/startseite/verein/9171,2026-06-12
New Zealand,Tim Payne,0.35,https://www.transfermarkt.us/tim-payne/profil/spieler/149901,https://www.transfermarkt.us/neuseeland/startseite/verein/9171,2026-06-12
New Zealand,Joe Bell,3.5,https://www.transfermarkt.us/joe-bell/profil/spieler/345700,https://www.transfermarkt.us/neuseeland/startseite/verein/9171,2026-06-12
New Zealand,Ryan Thomas,0.65,https://www.transfermarkt.us/ryan-thomas/profil/spieler/203357,https://www.transfermarkt.us/neuseeland/startseite/verein/9171,2026-06-12
New Zealand,Alex Rufer,0.6,https://www.transfermarkt.us/alex-rufer/profil/spieler/256019,https://www.transfermarkt.us/neuseeland/startseite/verein/9171,2026-06-12
New Zealand,Marko Stamenić,3,https://www.transfermarkt.us/marko-stamenic/profil/spieler/617018,https://www.transfermarkt.us/neuseeland/startseite/verein/9171,2026-06-12
New Zealand,Lachlan Bayliss,0.55,https://www.transfermarkt.us/lachlan-bayliss/profil/spieler/1109358,https://www.transfermarkt.us/neuseeland/startseite/verein/9171,2026-06-12
New Zealand,Matthew Garbett,0.45,https://www.transfermarkt.us/matthew-garbett/profil/spieler/617019,https://www.transfermarkt.us/neuseeland/startseite/verein/9171,2026-06-12
New Zealand,Callum McCowatt,2.5,https://www.transfermarkt.us/callum-mccowatt/profil/spieler/400797,https://www.transfermarkt.us/neuseeland/startseite/verein/9171,2026-06-12
New Zealand,Sarpreet Singh,0.5,https://www.transfermarkt.us/sarpreet-singh/profil/spieler/350357,https://www.transfermarkt.us/neuseeland/startseite/verein/9171,2026-06-12
New Zealand,Jesse Randall,0.9,https://www.transfermarkt.us/jesse-randall/profil/spieler/677509,https://www.transfermarkt.us/neuseeland/startseite/verein/9171,2026-06-12
New Zealand,Elijah Just,2.5,https://www.transfermarkt.us/elijah-just/profil/spieler/485672,https://www.transfermarkt.us/neuseeland/startseite/verein/9171,2026-06-12
New Zealand,Ben Waine,0.4,https://www.transfermarkt.us/ben-waine/profil/spieler/539502,https://www.transfermarkt.us/neuseeland/startseite/verein/9171,2026-06-12
New Zealand,Kosta Barbarouses,0.3,https://www.transfermarkt.us/kosta-barbarouses/profil/spieler/50200,https://www.transfermarkt.us/neuseeland/startseite/verein/9171,2026-06-12
IR Iran,Payam Niazmand,0.7,https://www.transfermarkt.us/payam-niazmand/profil/spieler/343044,https://www.transfermarkt.us/iran/startseite/verein/3582,2026-06-12
IR Iran,Alireza Beiranvand,0.65,https://www.transfermarkt.us/alireza-beiranvand/profil/spieler/229081,https://www.transfermarkt.us/iran/startseite/verein/3582,2026-06-12
IR Iran,Seyed Hossein Hosseini,0.5,https://www.transfermarkt.us/seyed-hossein-hosseini/profil/spieler/132561,https://www.transfermarkt.us/iran/startseite/verein/3582,2026-06-12
IR Iran,Hossein Kanaani,1.6,https://www.transfermarkt.us/hossein-kanaani/profil/spieler/249400,https://www.transfermarkt.us/iran/startseite/verein/3582,2026-06-12
IR Iran,Danial Eiri,1,https://www.transfermarkt.us/danial-eiri/profil/spieler/1080301,https://www.transfermarkt.us/iran/startseite/verein/3582,2026-06-12
IR Iran,Ali Nemati,0.55,https://www.transfermarkt.us/ali-nemati/profil/spieler/527092,https://www.transfermarkt.us/iran/startseite/verein/3582,2026-06-12
IR Iran,Shoja Khalilzadeh,0.1,https://www.transfermarkt.us/shoja-khalilzadeh/profil/spieler/213715,https://www.transfermarkt.us/iran/startseite/verein/3582,2026-06-12
IR Iran,Milad Mohammadi,0.9,https://www.transfermarkt.us/milad-mohammadi/profil/spieler/333355,https://www.transfermarkt.us/iran/startseite/verein/3582,2026-06-12
IR Iran,Arya Yousefi,1.5,https://www.transfermarkt.us/arya-yousefi/profil/spieler/932724,https://www.transfermarkt.us/iran/startseite/verein/3582,2026-06-12
IR Iran,Saleh Hardani,0.8,https://www.transfermarkt.us/saleh-hardani/profil/spieler/697155,https://www.transfermarkt.us/iran/startseite/verein/3582,2026-06-12
IR Iran,Ramin Rezaeian,0.25,https://www.transfermarkt.us/ramin-rezaeian/profil/spieler/188312,https://www.transfermarkt.us/iran/startseite/verein/3582,2026-06-12
IR Iran,Saeed Ezatolahi,1.8,https://www.transfermarkt.us/saeed-ezatolahi/profil/spieler/249271,https://www.transfermarkt.us/iran/startseite/verein/3582,2026-06-12
IR Iran,Mohammad Ghorbani,1.2,https://www.transfermarkt.us/mohammad-ghorbani/profil/spieler/856087,https://www.transfermarkt.us/iran/startseite/verein/3582,2026-06-12
IR Iran,Roozbeh Cheshmi,0.45,https://www.transfermarkt.us/roozbeh-cheshmi/profil/spieler/273879,https://www.transfermarkt.us/iran/startseite/verein/3582,2026-06-12
IR Iran,Amirmohammad Razzaghinia,1.2,https://www.transfermarkt.us/amirmohammad-razzaghinia/profil/spieler/1051591,https://www.transfermarkt.us/iran/startseite/verein/3582,2026-06-12
IR Iran,Saman Ghoddos,1.2,https://www.transfermarkt.us/saman-ghoddos/profil/spieler/204294,https://www.transfermarkt.us/iran/startseite/verein/3582,2026-06-12
IR Iran,Mehdi Ghayedi,4.5,https://www.transfermarkt.us/mehdi-ghayedi/profil/spieler/478192,https://www.transfermarkt.us/iran/startseite/verein/3582,2026-06-12
IR Iran,Mohammad Mohebi,2.5,https://www.transfermarkt.us/mohammad-mohebi/profil/spieler/603149,https://www.transfermarkt.us/iran/startseite/verein/3582,2026-06-12
IR Iran,Mehdi Torabi,1.2,https://www.transfermarkt.us/mehdi-torabi/profil/spieler/283833,https://www.transfermarkt.us/iran/startseite/verein/3582,2026-06-12
IR Iran,Alireza Jahanbakhsh,0.5,https://www.transfermarkt.us/alireza-jahanbakhsh/profil/spieler/213268,https://www.transfermarkt.us/iran/startseite/verein/3582,2026-06-12
IR Iran,Amirhossein Hosseinzadeh,2.2,https://www.transfermarkt.us/amirhossein-hosseinzadeh/profil/spieler/542380,https://www.transfermarkt.us/iran/startseite/verein/3582,2026-06-12
IR Iran,Mehdi Taremi,2,https://www.transfermarkt.us/mehdi-taremi/profil/spieler/307058,https://www.transfermarkt.us/iran/startseite/verein/3582,2026-06-12
IR Iran,Dennis Eckert Ayensa,2,https://www.transfermarkt.us/dennis-eckert-ayensa/profil/spieler/249303,https://www.transfermarkt.us/iran/startseite/verein/3582,2026-06-12
IR Iran,Ali Alipour,1.7,https://www.transfermarkt.us/ali-alipour/profil/spieler/249360,https://www.transfermarkt.us/iran/startseite/verein/3582,2026-06-12
IR Iran,Shahriar Moghanlou,0.8,https://www.transfermarkt.us/shahriar-moghanlou/profil/spieler/357125,https://www.transfermarkt.us/iran/startseite/verein/3582,2026-06-12
Curacao,Eloy Room,0.15,https://www.transfermarkt.us/eloy-room/profil/spieler/79294,https://www.transfermarkt.us/curacao/startseite/verein/32364,2026-06-12
Curacao,Trevor Doornbusch,0.05,https://www.transfermarkt.us/trevor-doornbusch/profil/spieler/390814,https://www.transfermarkt.us/curacao/startseite/verein/32364,2026-06-12
Curacao,Tyrick Bodak,0.03,https://www.transfermarkt.us/tyrick-bodak/profil/spieler/663961,https://www.transfermarkt.us/curacao/startseite/verein/32364,2026-06-12
Curacao,Armando Obispo,4,https://www.transfermarkt.us/armando-obispo/profil/spieler/339337,https://www.transfermarkt.us/curacao/startseite/verein/32364,2026-06-12
Curacao,Riechedly Bazoer,1.5,https://www.transfermarkt.us/riechedly-bazoer/profil/spieler/216443,https://www.transfermarkt.us/curacao/startseite/verein/32364,2026-06-12
Curacao,Deveron Fonville,1.5,https://www.transfermarkt.us/deveron-fonville/profil/spieler/708989,https://www.transfermarkt.us/curacao/startseite/verein/32364,2026-06-12
Curacao,Roshon van Eijma,0.38,https://www.transfermarkt.us/roshon-van-eijma/profil/spieler/401029,https://www.transfermarkt.us/curacao/startseite/verein/32364,2026-06-12
Curacao,Juriën Gaari,0.35,https://www.transfermarkt.us/jurien-gaari/profil/spieler/328455,https://www.transfermarkt.us/curacao/startseite/verein/32364,2026-06-12
Curacao,Sherel Floranus,0.8,https://www.transfermarkt.us/sherel-floranus/profil/spieler/315211,https://www.transfermarkt.us/curacao/startseite/verein/32364,2026-06-12
Curacao,Shurandy Sambo,1.3,https://www.transfermarkt.us/shurandy-sambo/profil/spieler/412937,https://www.transfermarkt.us/curacao/startseite/verein/32364,2026-06-12
Curacao,Joshua Brenet,1,https://www.transfermarkt.us/joshua-brenet/profil/spieler/207006,https://www.transfermarkt.us/curacao/startseite/verein/32364,2026-06-12
Curacao,Livano Comenencia,0.5,https://www.transfermarkt.us/livano-comenencia/profil/spieler/626764,https://www.transfermarkt.us/curacao/startseite/verein/32364,2026-06-12
Curacao,Kevin Felida,0.4,https://www.transfermarkt.us/kevin-felida/profil/spieler/433933,https://www.transfermarkt.us/curacao/startseite/verein/32364,2026-06-12
Curacao,Godfried Roemeratoe,0.35,https://www.transfermarkt.us/godfried-roemeratoe/profil/spieler/393241,https://www.transfermarkt.us/curacao/startseite/verein/32364,2026-06-12
Curacao,Juninho Bacuna,1.7,https://www.transfermarkt.us/juninho-bacuna/profil/spieler/348863,https://www.transfermarkt.us/curacao/startseite/verein/32364,2026-06-12
Curacao,Tyrese Noslin,0.75,https://www.transfermarkt.us/tyrese-noslin/profil/spieler/708005,https://www.transfermarkt.us/curacao/startseite/verein/32364,2026-06-12
Curacao,Tahith Chong,3.5,https://www.transfermarkt.us/tahith-chong/profil/spieler/344830,https://www.transfermarkt.us/curacao/startseite/verein/32364,2026-06-12
Curacao,Jearl Margaritha,1,https://www.transfermarkt.us/jearl-margaritha/profil/spieler/538958,https://www.transfermarkt.us/curacao/startseite/verein/32364,2026-06-12
Curacao,Jeremy Antonisse,0.8,https://www.transfermarkt.us/jeremy-antonisse/profil/spieler/594273,https://www.transfermarkt.us/curacao/startseite/verein/32364,2026-06-12
Curacao,Kenji Gorré,0.6,https://www.transfermarkt.us/kenji-gorre/profil/spieler/374889,https://www.transfermarkt.us/curacao/startseite/verein/32364,2026-06-12
Curacao,Sontje Hansen,3.5,https://www.transfermarkt.us/sontje-hansen/profil/spieler/485582,https://www.transfermarkt.us/curacao/startseite/verein/32364,2026-06-12
Curacao,Ar'jany Martha,0.7,https://www.transfermarkt.us/arjany-martha/profil/spieler/572519,https://www.transfermarkt.us/curacao/startseite/verein/32364,2026-06-12
Curacao,Brandley Kuwas,0.25,https://www.transfermarkt.us/brandley-kuwas/profil/spieler/232219,https://www.transfermarkt.us/curacao/startseite/verein/32364,2026-06-12
Curacao,Gervane Kastaneer,0.23,https://www.transfermarkt.us/gervane-kastaneer/profil/spieler/240752,https://www.transfermarkt.us/curacao/startseite/verein/32364,2026-06-12
Curacao,Jürgen Locadia,0.2,https://www.transfermarkt.us/jurgen-locadia/profil/spieler/166240,https://www.transfermarkt.us/curacao/startseite/verein/32364,2026-06-12
Iraq,Ahmed Basil Fadhil,0.45,https://www.transfermarkt.us/ahmed-basil-fadhil/profil/spieler/560952,https://www.transfermarkt.us/irak/startseite/verein/3560,2026-06-12
Iraq,Fahad Talib,0.38,https://www.transfermarkt.us/fahad-talib/profil/spieler/377268,https://www.transfermarkt.us/irak/startseite/verein/3560,2026-06-12
Iraq,Akam Hashem,0.7,https://www.transfermarkt.us/akam-hashem/profil/spieler/933541,https://www.transfermarkt.us/irak/startseite/verein/3560,2026-06-12
Iraq,Zaid Tahseen,0.6,https://www.transfermarkt.us/zaid-tahseen/profil/spieler/931147,https://www.transfermarkt.us/irak/startseite/verein/3560,2026-06-12
Iraq,Frans Putros,0.33,https://www.transfermarkt.us/frans-putros/profil/spieler/166460,https://www.transfermarkt.us/irak/startseite/verein/3560,2026-06-12
Iraq,Manaf Younis,0.3,https://www.transfermarkt.us/manaf-younis/profil/spieler/945266,https://www.transfermarkt.us/irak/startseite/verein/3560,2026-06-12
Iraq,Rebin Sulaka,0.1,https://www.transfermarkt.us/rebin-sulaka/profil/spieler/217073,https://www.transfermarkt.us/irak/startseite/verein/3560,2026-06-12
Iraq,Merchas Doski,1.7,https://www.transfermarkt.us/merchas-doski/profil/spieler/530527,https://www.transfermarkt.us/irak/startseite/verein/3560,2026-06-12
Iraq,Ahmed Maknzi,0.45,https://www.transfermarkt.us/ahmed-maknzi/profil/spieler/881506,https://www.transfermarkt.us/irak/startseite/verein/3560,2026-06-12
Iraq,Hussein Ali,0.4,https://www.transfermarkt.us/hussein-ali/profil/spieler/585325,https://www.transfermarkt.us/irak/startseite/verein/3560,2026-06-12
Iraq,Mustafa Saadoon,0.35,https://www.transfermarkt.us/mustafa-saadoon/profil/spieler/952341,https://www.transfermarkt.us/irak/startseite/verein/3560,2026-06-12
Iraq,Amir Al-Ammari,1,https://www.transfermarkt.us/amir-al-ammari/profil/spieler/303766,https://www.transfermarkt.us/irak/startseite/verein/3560,2026-06-12
Iraq,Zaid Ismail,0.5,https://www.transfermarkt.us/zaid-ismail/profil/spieler/1132850,https://www.transfermarkt.us/irak/startseite/verein/3560,2026-06-12
Iraq,Aimar Sher,1.5,https://www.transfermarkt.us/aimar-sher/profil/spieler/579294,https://www.transfermarkt.us/irak/startseite/verein/3560,2026-06-12
Iraq,Zidane Iqbal,1,https://www.transfermarkt.us/zidane-iqbal/profil/spieler/686845,https://www.transfermarkt.us/irak/startseite/verein/3560,2026-06-12
Iraq,Kevin Yakob,0.85,https://www.transfermarkt.us/kevin-yakob/profil/spieler/413268,https://www.transfermarkt.us/irak/startseite/verein/3560,2026-06-12
Iraq,Ibrahim Bayesh,0.8,https://www.transfermarkt.us/ibrahim-bayesh/profil/spieler/560957,https://www.transfermarkt.us/irak/startseite/verein/3560,2026-06-12
Iraq,Marko Farji,1.7,https://www.transfermarkt.us/marko-farji/profil/spieler/663153,https://www.transfermarkt.us/irak/startseite/verein/3560,2026-06-12
Iraq,Youssef Amyn,0.55,https://www.transfermarkt.us/youssef-amyn/profil/spieler/684307,https://www.transfermarkt.us/irak/startseite/verein/3560,2026-06-12
Iraq,Ali Jasim,0.5,https://www.transfermarkt.us/ali-jasim/profil/spieler/877672,https://www.transfermarkt.us/irak/startseite/verein/3560,2026-06-12
Iraq,Ahmed Qasem,3.5,https://www.transfermarkt.us/ahmed-qasem/profil/spieler/833817,https://www.transfermarkt.us/irak/startseite/verein/3560,2026-06-12
Iraq,Ali Al-Hamadi,1.5,https://www.transfermarkt.us/ali-al-hamadi/profil/spieler/610581,https://www.transfermarkt.us/irak/startseite/verein/3560,2026-06-12
Iraq,Mohanad Ali,1.2,https://www.transfermarkt.us/mohanad-ali/profil/spieler/589646,https://www.transfermarkt.us/irak/startseite/verein/3560,2026-06-12
Iraq,Aymen Hussein,0.4,https://www.transfermarkt.us/aymen-hussein/profil/spieler/401054,https://www.transfermarkt.us/irak/startseite/verein/3560,2026-06-12
Iraq,Ali Yousif,0.2,https://www.transfermarkt.us/ali-yousif/profil/spieler/576265,https://www.transfermarkt.us/irak/startseite/verein/3560,2026-06-12
Jordan,Yazeed Abulaila,0.3,https://www.transfermarkt.us/yazeed-abulaila/profil/spieler/261850,https://www.transfermarkt.us/jordanien/startseite/verein/15737,2026-06-12
Jordan,Noor Bane Ataya,0.25,https://www.transfermarkt.us/noor-bane-ataya/profil/spieler/261837,https://www.transfermarkt.us/jordanien/startseite/verein/15737,2026-06-12
Jordan,Abdallah Al-Fakhouri,0.25,https://www.transfermarkt.us/abdallah-al-fakhouri/profil/spieler/658805,https://www.transfermarkt.us/jordanien/startseite/verein/15737,2026-06-12
Jordan,Yazan Al-Arab,1,https://www.transfermarkt.us/yazan-al-arab/profil/spieler/539961,https://www.transfermarkt.us/jordanien/startseite/verein/15737,2026-06-12
Jordan,Saed Al-Rousan,0.45,https://www.transfermarkt.us/saed-al-rousan/profil/spieler/561481,https://www.transfermarkt.us/jordanien/startseite/verein/15737,2026-06-12
Jordan,Abdallah Nasib,0.4,https://www.transfermarkt.us/abdallah-nasib/profil/spieler/882197,https://www.transfermarkt.us/jordanien/startseite/verein/15737,2026-06-12
Jordan,Husam Abu Dahab,0.35,https://www.transfermarkt.us/husam-abu-dahab/profil/spieler/895291,https://www.transfermarkt.us/jordanien/startseite/verein/15737,2026-06-12
Jordan,Mohammad Abualnadi,0.35,https://www.transfermarkt.us/mohammad-abualnadi/profil/spieler/658052,https://www.transfermarkt.us/jordanien/startseite/verein/15737,2026-06-12
Jordan,Saleem Obaid,0.1,https://www.transfermarkt.us/saleem-obaid/profil/spieler/658807,https://www.transfermarkt.us/jordanien/startseite/verein/15737,2026-06-12
Jordan,Mohannad Abu Taha,0.55,https://www.transfermarkt.us/mohannad-abu-taha/profil/spieler/883111,https://www.transfermarkt.us/jordanien/startseite/verein/15737,2026-06-12
Jordan,Mohammad Abu Hasheesh,0.4,https://www.transfermarkt.us/mohammad-abu-hasheesh/profil/spieler/895249,https://www.transfermarkt.us/jordanien/startseite/verein/15737,2026-06-12
Jordan,Mohammad Abu Ghoush,0.3,https://www.transfermarkt.us/mohammad-abu-ghoush/profil/spieler/1252806,https://www.transfermarkt.us/jordanien/startseite/verein/15737,2026-06-12
Jordan,Anas Badawi,0.2,https://www.transfermarkt.us/anas-badawi/profil/spieler/1378902,https://www.transfermarkt.us/jordanien/startseite/verein/15737,2026-06-12
Jordan,Nizar Al-Rashdan,0.6,https://www.transfermarkt.us/nizar-al-rashdan/profil/spieler/734751,https://www.transfermarkt.us/jordanien/startseite/verein/15737,2026-06-12
Jordan,Amer Jamous,0.5,https://www.transfermarkt.us/amer-jamous/profil/spieler/744040,https://www.transfermarkt.us/jordanien/startseite/verein/15737,2026-06-12
Jordan,Noor Al-Rawabdeh,0.5,https://www.transfermarkt.us/noor-al-rawabdeh/profil/spieler/561485,https://www.transfermarkt.us/jordanien/startseite/verein/15737,2026-06-12
Jordan,Ibrahim Saadeh,0.5,https://www.transfermarkt.us/ibrahim-saadeh/profil/spieler/709974,https://www.transfermarkt.us/jordanien/startseite/verein/15737,2026-06-12
Jordan,Rajaei Ayed,0.33,https://www.transfermarkt.us/rajaei-ayed/profil/spieler/261842,https://www.transfermarkt.us/jordanien/startseite/verein/15737,2026-06-12
Jordan,Mohammad Al-Dawoud,0.15,https://www.transfermarkt.us/mohammad-al-dawoud/profil/spieler/310801,https://www.transfermarkt.us/jordanien/startseite/verein/15737,2026-06-12
Jordan,Odeh Fakhoury,0.35,https://www.transfermarkt.us/odeh-fakhoury/profil/spieler/1252820,https://www.transfermarkt.us/jordanien/startseite/verein/15737,2026-06-12
Jordan,Mahmoud Al-Mardi,0.35,https://www.transfermarkt.us/mahmoud-al-mardi/profil/spieler/401086,https://www.transfermarkt.us/jordanien/startseite/verein/15737,2026-06-12
Jordan,Mousa Tamari,10,https://www.transfermarkt.us/mousa-tamari/profil/spieler/551505,https://www.transfermarkt.us/jordanien/startseite/verein/15737,2026-06-12
Jordan,Shararh,0.7,https://www.transfermarkt.us/shararh/profil/spieler/677986,https://www.transfermarkt.us/jordanien/startseite/verein/15737,2026-06-12
Jordan,Ali Azaizeh,0.33,https://www.transfermarkt.us/ali-azaizeh/profil/spieler/1059056,https://www.transfermarkt.us/jordanien/startseite/verein/15737,2026-06-12
Jordan,Ali Olwan,0.8,https://www.transfermarkt.us/ali-olwan/profil/spieler/664057,https://www.transfermarkt.us/jordanien/startseite/verein/15737,2026-06-12
Qatar,Meshaal Barsham,0.7,https://www.transfermarkt.us/meshaal-barsham/profil/spieler/560423,https://www.transfermarkt.us/katar/startseite/verein/14162,2026-06-12
Qatar,Mahmoud Abunada,0.4,https://www.transfermarkt.us/mahmoud-abunada/profil/spieler/669629,https://www.transfermarkt.us/katar/startseite/verein/14162,2026-06-12
Qatar,Salah Zakaria,0.4,https://www.transfermarkt.us/salah-zakaria/profil/spieler/632912,https://www.transfermarkt.us/katar/startseite/verein/14162,2026-06-12
Qatar,Lucas Mendes,0.35,https://www.transfermarkt.us/lucas-mendes/profil/spieler/83983,https://www.transfermarkt.us/katar/startseite/verein/14162,2026-06-12
Qatar,Al-Hashmi Al-Hussain,0.25,https://www.transfermarkt.us/al-hashmi-al-hussain/profil/spieler/943150,https://www.transfermarkt.us/katar/startseite/verein/14162,2026-06-12
Qatar,Issa Laye,0.2,https://www.transfermarkt.us/issa-laye/profil/spieler/1264176,https://www.transfermarkt.us/katar/startseite/verein/14162,2026-06-12
Qatar,Boualem Khoukhi,0.2,https://www.transfermarkt.us/boualem-khoukhi/profil/spieler/222669,https://www.transfermarkt.us/katar/startseite/verein/14162,2026-06-12
Qatar,Pedro Miguel,0.15,https://www.transfermarkt.us/pedro-miguel/profil/spieler/228727,https://www.transfermarkt.us/katar/startseite/verein/14162,2026-06-12
Qatar,Homam Al-Amin,0.5,https://www.transfermarkt.us/homam-al-amin/profil/spieler/556713,https://www.transfermarkt.us/katar/startseite/verein/14162,2026-06-12
Qatar,Sultan Al-Brake,0.3,https://www.transfermarkt.us/sultan-al-brake/profil/spieler/336665,https://www.transfermarkt.us/katar/startseite/verein/14162,2026-06-12
Qatar,Ayoub Al-Oui,0.38,https://www.transfermarkt.us/ayoub-al-oui/profil/spieler/1054631,https://www.transfermarkt.us/katar/startseite/verein/14162,2026-06-12
Qatar,Jassem Gaber,0.5,https://www.transfermarkt.us/jassem-gaber/profil/spieler/735813,https://www.transfermarkt.us/katar/startseite/verein/14162,2026-06-12
Qatar,Mohamed Al-Mannai,0.5,https://www.transfermarkt.us/mohamed-al-mannai/profil/spieler/822935,https://www.transfermarkt.us/katar/startseite/verein/14162,2026-06-12
Qatar,Assim Madibo,0.35,https://www.transfermarkt.us/assim-madibo/profil/spieler/336667,https://www.transfermarkt.us/katar/startseite/verein/14162,2026-06-12
Qatar,Ahmed Fathi,0.25,https://www.transfermarkt.us/ahmed-fathi/profil/spieler/251183,https://www.transfermarkt.us/katar/startseite/verein/14162,2026-06-12
Qatar,Karim Boudiaf,0.18,https://www.transfermarkt.us/karim-boudiaf/profil/spieler/222385,https://www.transfermarkt.us/katar/startseite/verein/14162,2026-06-12
Qatar,Abdulaziz Hatim,0.25,https://www.transfermarkt.us/abdulaziz-hatim/profil/spieler/113915,https://www.transfermarkt.us/katar/startseite/verein/14162,2026-06-12
Qatar,Akram Afif,8,https://www.transfermarkt.us/akram-afif/profil/spieler/336646,https://www.transfermarkt.us/katar/startseite/verein/14162,2026-06-12
Qatar,Edmílson Junior,1.8,https://www.transfermarkt.us/edmilson-junior/profil/spieler/237846,https://www.transfermarkt.us/katar/startseite/verein/14162,2026-06-12
Qatar,Yusuf Abdurisag,0.28,https://www.transfermarkt.us/yusuf-abdurisag/profil/spieler/589099,https://www.transfermarkt.us/katar/startseite/verein/14162,2026-06-12
Qatar,Tahsin Mohammed Jamshid,0.2,https://www.transfermarkt.us/tahsin-mohammed-jamshid/profil/spieler/1143849,https://www.transfermarkt.us/katar/startseite/verein/14162,2026-06-12
Qatar,Ahmed Al-Ganehi,0.5,https://www.transfermarkt.us/ahmed-al-ganehi/profil/spieler/670659,https://www.transfermarkt.us/katar/startseite/verein/14162,2026-06-12
Qatar,Almoez Ali,2.5,https://www.transfermarkt.us/almoez-ali/profil/spieler/345095,https://www.transfermarkt.us/katar/startseite/verein/14162,2026-06-12
Qatar,Ahmed Alaaeldin,0.3,https://www.transfermarkt.us/ahmed-alaaeldin/profil/spieler/187987,https://www.transfermarkt.us/katar/startseite/verein/14162,2026-06-12
Qatar,Mohammed Muntari,0.2,https://www.transfermarkt.us/mohammed-muntari/profil/spieler/266935,https://www.transfermarkt.us/katar/startseite/verein/14162,2026-06-12
